incident_id,country,year,attack_type,target_industry,financial_loss_million,affected_users,attack_source,vulnerability_type,defense_mechanism,resolution_time_hours,financial_loss_score,affected_users_score,resolution_time_score,risk_score,risk_level,anomaly_prediction,anomaly_status,anomaly_score,anomaly_reason
1,China,2019,Phishing,Education,80.53,773169,Hacker Group,Unpatched Software,VPN,63,80.53805380538054,77.34513097280508,87.5,80.97,High,1,Normal,-0.0607,
2,China,2019,Ransomware,Retail,62.19,295961,Hacker Group,Unpatched Software,Firewall,71,62.1962196219622,29.606906520880123,98.61111111111111,59.7,Medium,1,Normal,-0.067,
3,India,2017,Man-in-the-Middle,IT,38.65,605895,Hacker Group,Weak Passwords,VPN,20,38.653865386538655,60.6116232424835,27.77777777777778,43.07,Medium,1,Normal,-0.0996,
4,UK,2024,Ransomware,Telecommunications,41.44,659320,Nation-state,Social Engineering,AI-based Detection,7,41.44414441444144,65.95607396699795,9.722222222222223,42.45,Medium,1,Normal,-0.0764,
5,Germany,2018,Man-in-the-Middle,IT,74.41,810682,Insider,Social Engineering,VPN,68,74.41744174417441,81.0978006972545,94.44444444444444,80.43,High,1,Normal,-0.0421,
6,Germany,2017,Man-in-the-Middle,Retail,98.24,285201,Unknown,Social Engineering,Antivirus,25,98.24982498249824,28.53051363747768,34.72222222222222,64.63,Medium,1,Normal,-0.0315,
7,Germany,2016,DDoS,Telecommunications,33.26,431262,Insider,Unpatched Software,VPN,34,33.26332633263326,43.14194681058586,47.22222222222222,39.02,Medium,1,Normal,-0.1154,
8,France,2018,SQL Injection,Government,59.23,909991,Unknown,Social Engineering,Antivirus,66,59.23592359235924,91.03232679928172,91.66666666666666,75.26,High,1,Normal,-0.0392,
9,India,2016,Man-in-the-Middle,Banking,16.88,698249,Unknown,Social Engineering,VPN,47,16.881688168816883,69.85039539431894,65.27777777777779,42.45,Medium,1,Normal,-0.0848,
10,UK,2023,DDoS,Healthcare,69.14,685927,Hacker Group,Unpatched Software,Firewall,58,69.14691469146915,68.61774547709915,80.55555555555556,71.27,High,1,Normal,-0.0871,
11,China,2019,Phishing,Telecommunications,88.67,493675,Unknown,Zero-day,VPN,29,88.67886788678868,49.38552571688666,40.27777777777778,67.21,High,1,Normal,-0.0924,
12,China,2016,SQL Injection,Healthcare,38.81,920768,Hacker Group,Unpatched Software,AI-based Detection,27,38.81388138813882,92.11042030341076,37.5,54.54,Medium,1,Normal,-0.1009,
13,India,2019,Ransomware,Education,30.56,583204,Insider,Zero-day,Firewall,37,30.563056305630564,58.34169471857228,51.388888888888886,43.06,Medium,1,Normal,-0.1045,
14,France,2023,DDoS,Healthcare,58.37,599797,Nation-state,Unpatched Software,AI-based Detection,35,58.37583758375837,60.00160058421324,48.61111111111111,56.91,Medium,1,Normal,-0.1179,
15,France,2024,DDoS,IT,48.01,922258,Unknown,Social Engineering,Encryption,64,48.014801480148016,92.25947470826851,88.88888888888889,69.46,High,1,Normal,-0.0528,
16,Australia,2022,Phishing,Banking,64.31,120789,Nation-state,Zero-day,Encryption,36,64.31643164316432,12.08331040829903,50.0,45.78,Medium,1,Normal,-0.0899,
17,Russia,2017,Man-in-the-Middle,Healthcare,13.04,850158,Hacker Group,Unpatched Software,AI-based Detection,67,13.041304130413042,85.04684209736554,93.05555555555556,50.65,Medium,1,Normal,-0.045,
18,India,2015,DDoS,IT,93.14,805278,Insider,Social Engineering,Encryption,56,93.14931493149317,80.55720337923343,77.77777777777779,86.3,High,1,Normal,-0.0422,
19,UK,2019,Malware,Telecommunications,14.01,578443,Insider,Social Engineering,Firewall,28,14.011401140114014,57.8654208786207,38.88888888888889,32.14,Low,1,Normal,-0.0779,
20,India,2016,DDoS,IT,36.45,261808,Nation-state,Social Engineering,AI-based Detection,6,36.453645364536456,26.19035948121064,8.333333333333332,27.75,Low,1,Normal,-0.0604,
21,Brazil,2015,Ransomware,Retail,49.55,920172,Hacker Group,Weak Passwords,Antivirus,43,49.55495549554955,92.05079854146764,59.72222222222222,64.34,Medium,1,Normal,-0.0937,
22,France,2023,Ransomware,Education,17.72,261661,Insider,Social Engineering,VPN,11,17.72177217721772,26.17565411375152,15.27777777777778,19.77,Low,1,Normal,-0.0549,
23,India,2017,DDoS,Government,76.71,246205,Nation-state,Unpatched Software,Firewall,30,76.71767176717672,24.62948976376377,41.66666666666667,54.08,Medium,1,Normal,-0.1072,
24,Japan,2022,Phishing,Telecommunications,20.42,186148,Nation-state,Weak Passwords,Antivirus,32,20.422042204220425,18.62159688286225,44.44444444444444,24.69,Low,1,Normal,-0.0736,
25,Brazil,2023,DDoS,Telecommunications,51.84,699007,Hacker Group,Social Engineering,VPN,30,51.845184518451845,69.92622307142106,41.66666666666667,55.23,Medium,1,Normal,-0.1113,
26,China,2021,Phishing,Retail,51.06,628562,Insider,Zero-day,AI-based Detection,52,51.06510651065107,62.87915089007488,72.22222222222221,58.84,Medium,1,Normal,-0.1091,
27,Japan,2022,Malware,Education,53.04,570494,Nation-state,Unpatched Software,VPN,53,53.04530453045305,57.07023063418147,73.61111111111111,58.37,Medium,1,Normal,-0.1155,
28,Japan,2022,Ransomware,Banking,26.17,937653,Insider,Unpatched Software,Encryption,24,26.172617261726177,93.7995368309433,33.33333333333333,47.89,Medium,1,Normal,-0.0637,
29,France,2020,Malware,IT,87.32,599757,Unknown,Social Engineering,Antivirus,9,87.32873287328732,59.99759912368015,12.5,64.16,Medium,1,Normal,-0.0683,
30,Australia,2015,DDoS,Government,82.7,904805,Hacker Group,Zero-day,Encryption,61,82.70827082708271,90.51353744116602,84.72222222222221,85.45,High,1,Normal,-0.0428,
31,UK,2022,SQL Injection,Education,66.24,678876,Hacker Group,Social Engineering,AI-based Detection,11,66.24662466246625,67.91238802162789,15.27777777777778,56.55,Medium,1,Normal,-0.0904,
32,France,2020,Malware,Telecommunications,18.38,246900,Hacker Group,Zero-day,AI-based Detection,34,18.381838183818385,24.69901514052629,47.22222222222222,26.05,Low,1,Normal,-0.0848,
33,India,2015,SQL Injection,IT,42.99,85255,Unknown,Unpatched Software,Encryption,61,42.994299429943,8.52861294372446,84.72222222222221,41.0,Medium,1,Normal,-0.0609,
34,Japan,2022,Phishing,Banking,98.47,972469,Nation-state,Zero-day,Antivirus,21,98.47984798479848,97.2824080789488,29.166666666666668,84.26,High,-1,Anomaly,0.015,"High financial_loss_million, High affected_users, High risk_score"
35,Brazil,2023,Phishing,Healthcare,14.51,113777,Nation-state,Weak Passwords,VPN,27,14.511451145114512,11.38185437684755,37.5,18.17,Low,1,Normal,-0.0416,
36,Brazil,2020,Phishing,Banking,17.75,739540,Hacker Group,Zero-day,Encryption,31,17.751775177517754,73.98100306611913,43.05555555555556,39.68,Medium,1,Normal,-0.0699,
37,China,2020,Man-in-the-Middle,Education,19.81,722788,Nation-state,Zero-day,Firewall,70,19.811981198119813,72.30519139485912,97.2222222222222,51.04,Medium,1,Normal,-0.0577,
38,Japan,2021,SQL Injection,Retail,82.52,214372,Insider,Unpatched Software,Encryption,12,82.52825282528254,21.44502743501378,16.666666666666664,51.03,Medium,1,Normal,-0.0662,
39,USA,2022,DDoS,Retail,32.53,235314,Insider,Weak Passwords,AI-based Detection,62,32.53325332533253,23.539992097115448,86.11111111111111,40.55,Medium,1,Normal,-0.0754,
40,Brazil,2016,DDoS,Education,96.98,140812,Nation-state,Unpatched Software,VPN,71,96.989698969897,14.086341514652847,98.61111111111111,72.44,High,-1,Anomaly,0.0177,"High financial_loss_million, Low affected_users, High resolution_time_hours"
41,Russia,2015,DDoS,Telecommunications,96.39,238356,Unknown,Zero-day,AI-based Detection,3,96.3996399639964,23.84430317065729,4.166666666666666,56.19,Medium,1,Normal,-0.0036,
42,India,2021,SQL Injection,IT,98.09,826976,Nation-state,Zero-day,VPN,57,98.0998099809981,82.72779564541057,79.16666666666666,89.7,High,-1,Anomaly,0.0145,"High financial_loss_million, High affected_users, High resolution_time_hours, High risk_score"
43,UK,2019,Man-in-the-Middle,Retail,39.77,757694,Nation-state,Unpatched Software,Encryption,69,39.77397739773978,75.79706592906412,95.83333333333334,61.79,Medium,1,Normal,-0.0523,
44,USA,2017,DDoS,IT,74.12,403108,Hacker Group,Zero-day,VPN,64,74.12741274127413,40.32551881436724,88.88888888888889,66.94,High,1,Normal,-0.0873,
45,Australia,2020,DDoS,Banking,92.95,942890,Insider,Weak Passwords,Antivirus,19,92.95929592959295,94.3234280512387,26.38888888888889,80.05,High,1,Normal,-0.0266,
46,France,2022,Malware,Healthcare,20.33,794906,Unknown,Weak Passwords,AI-based Detection,36,20.33203320332033,79.51962466300199,50.0,44.02,Medium,1,Normal,-0.0867,
47,Australia,2016,SQL Injection,Government,27.33,481293,Hacker Group,Unpatched Software,Antivirus,65,27.33273327332733,48.14687360886724,90.2777777777778,46.17,Medium,1,Normal,-0.0839,
48,India,2016,DDoS,Education,21.01,602692,Hacker Group,Unpatched Software,VPN,29,21.012101210121013,60.29120629029596,40.27777777777778,36.65,Medium,1,Normal,-0.0876,
49,UK,2018,Man-in-the-Middle,Retail,13.66,455529,Hacker Group,Zero-day,Firewall,40,13.661366136613662,45.56953287950102,55.55555555555556,31.61,Low,1,Normal,-0.0907,
50,Japan,2017,Phishing,Telecommunications,75.84,383395,Hacker Group,Zero-day,VPN,31,75.84758475847585,38.35349902714491,43.05555555555556,58.04,Medium,1,Normal,-0.1188,
51,USA,2023,DDoS,Retail,59.69,113612,Hacker Group,Zero-day,VPN,70,59.6959695969597,11.365348352148532,97.2222222222222,52.7,Medium,1,Normal,-0.0545,
52,Australia,2019,Malware,Government,21.72,984411,Insider,Unpatched Software,Antivirus,17,21.72217221722172,98.4770441211042,23.61111111111111,45.13,Medium,1,Normal,-0.0396,
53,UK,2015,Phishing,IT,85.58,17229,Hacker Group,Weak Passwords,AI-based Detection,30,85.5885588558856,1.723529088117163,41.66666666666667,51.64,Medium,1,Normal,-0.045,
54,France,2018,Phishing,Healthcare,75.11,581303,Insider,Social Engineering,Encryption,51,75.11751175117513,58.15152530673696,70.83333333333334,69.17,High,1,Normal,-0.1015,
55,India,2019,Man-in-the-Middle,Education,10.8,799474,Nation-state,Zero-day,AI-based Detection,23,10.801080108010805,79.97659145588139,31.944444444444443,35.78,Medium,1,Normal,-0.0571,
56,India,2020,DDoS,Banking,86.27,898655,Nation-state,Unpatched Software,AI-based Detection,10,86.27862786278628,89.89831288420274,13.88888888888889,72.89,High,1,Normal,-0.0359,
57,UK,2021,Malware,Healthcare,67.1,698852,Unknown,Weak Passwords,Antivirus,57,67.1067106710671,69.91071741185533,79.16666666666666,70.36,High,1,Normal,-0.0913,
58,India,2018,DDoS,Healthcare,76.43,304162,Hacker Group,Unpatched Software,Firewall,56,76.43764376437645,30.427305966677835,77.77777777777779,62.9,Medium,1,Normal,-0.0937,
59,Brazil,2015,Phishing,Banking,43.4,191625,Hacker Group,Social Engineering,VPN,65,43.404340434043405,19.16949686635622,90.2777777777778,45.51,Medium,1,Normal,-0.0679,
60,Australia,2024,Phishing,Education,93.32,93185,Unknown,Unpatched Software,VPN,14,93.32933293329332,9.32190249441046,19.444444444444446,53.35,Medium,1,Normal,-0.0372,
61,India,2019,Phishing,Healthcare,35.6,40718,Nation-state,Zero-day,VPN,24,35.60356035603561,4.073286749663628,33.33333333333333,25.69,Low,1,Normal,-0.0503,
62,China,2015,Phishing,Government,42.73,310574,Nation-state,Zero-day,Firewall,65,42.734273427342735,31.06874009013289,90.2777777777778,48.74,Medium,1,Normal,-0.065,
63,India,2024,DDoS,Education,73.37,475719,Nation-state,Social Engineering,Firewall,52,73.37733773377339,47.58927008358051,72.22222222222221,65.41,Medium,1,Normal,-0.1056,
64,UK,2018,Malware,Retail,73.18,404060,Unknown,Weak Passwords,Antivirus,32,73.18731873187319,40.420753575054896,44.44444444444444,57.61,Medium,1,Normal,-0.1171,
65,China,2024,Malware,Education,72.35,132726,Hacker Group,Zero-day,Firewall,55,72.35723572357236,13.27744626788778,76.38888888888889,55.44,Medium,1,Normal,-0.0879,
66,UK,2016,DDoS,Banking,87.68,336376,Nation-state,Social Engineering,Firewall,11,87.6887688768877,33.649882207005554,15.27777777777778,56.99,Medium,1,Normal,-0.0589,
67,Australia,2022,Malware,Healthcare,67.16,566437,Unknown,Weak Passwords,Encryption,63,67.16671667166717,56.66438249961235,87.5,68.08,High,1,Normal,-0.0951,
68,Russia,2017,Man-in-the-Middle,Education,83.43,313631,Nation-state,Weak Passwords,Antivirus,16,83.43834383438346,31.374551711374654,22.22222222222222,55.58,Medium,1,Normal,-0.0912,
69,France,2016,DDoS,Banking,28.66,996004,Unknown,Zero-day,VPN,28,28.662866286628663,99.63676742010834,38.88888888888889,52.0,Medium,1,Normal,-0.0564,
70,China,2021,Phishing,Healthcare,55.04,871600,Insider,Unpatched Software,Firewall,29,55.04550455045505,87.19182501613089,40.27777777777778,61.74,Medium,1,Normal,-0.102,
71,Brazil,2015,DDoS,IT,43.51,940656,Unknown,Weak Passwords,AI-based Detection,41,43.51435143514352,94.09994648046536,56.94444444444444,61.38,Medium,1,Normal,-0.0888,
72,USA,2015,Ransomware,Telecommunications,20.73,297209,Nation-state,Social Engineering,Firewall,66,20.73207320732073,29.73175208951267,91.66666666666666,37.62,Medium,1,Normal,-0.0566,
73,UK,2019,Phishing,IT,78.19,28321,Insider,Unpatched Software,Antivirus,63,78.1978197819782,2.833134093944289,87.5,57.45,Medium,1,Normal,-0.038,
74,Brazil,2022,Phishing,Telecommunications,29.02,456783,Nation-state,Zero-day,Encryption,10,29.022902290229023,45.69497866721353,13.88888888888889,31.0,Low,1,Normal,-0.0756,
75,Germany,2018,Ransomware,Banking,87.56,933028,Nation-state,Unpatched Software,VPN,25,87.56875687568757,93.33686795680424,34.72222222222222,78.73,High,1,Normal,-0.0406,
76,Australia,2023,Phishing,Telecommunications,24.65,221512,Nation-state,Zero-day,AI-based Detection,56,24.652465246524653,22.159288140171164,77.77777777777779,34.53,Medium,1,Normal,-0.0808,
77,France,2017,Phishing,Banking,17.88,16585,Hacker Group,Unpatched Software,Encryption,12,17.88178817881788,1.65910557353434,16.666666666666664,12.77,Low,-1,Anomaly,0.0129,"Low financial_loss_million, Low affected_users, Low resolution_time_hours, Low risk_score"
78,USA,2022,Ransomware,Education,21.01,787752,Nation-state,Weak Passwords,Antivirus,9,21.012101210121013,78.80396344665803,12.5,36.65,Medium,1,Normal,-0.0504,
79,Russia,2022,SQL Injection,Banking,60.25,662517,Unknown,Social Engineering,Firewall,40,60.25602560256026,66.27589070010553,55.55555555555556,61.12,Medium,1,Normal,-0.1132,
80,Brazil,2018,Malware,Education,6.63,274509,Hacker Group,Zero-day,Encryption,20,6.630663066306632,27.4609232369815,27.77777777777778,17.11,Low,1,Normal,-0.0469,
81,France,2024,Phishing,Government,5.8,508649,Hacker Group,Unpatched Software,Firewall,66,5.8005800580058,50.883472467450616,91.66666666666666,36.5,Medium,1,Normal,-0.0286,
82,Brazil,2021,DDoS,IT,70.26,740257,Unknown,Weak Passwords,Encryption,70,70.26702670267028,74.05272924617485,97.2222222222222,76.79,High,1,Normal,-0.0298,
83,Australia,2024,Malware,Healthcare,62.08,969504,Hacker Group,Social Engineering,AI-based Detection,5,62.08620862086208,96.98579981693318,6.944444444444445,61.53,Medium,1,Normal,-0.0195,
84,Germany,2016,Man-in-the-Middle,Healthcare,90.2,779494,Nation-state,Social Engineering,AI-based Detection,54,90.20902090209022,77.97786191960066,75.0,83.5,High,1,Normal,-0.0564,
85,Japan,2019,Malware,Banking,44.17,605166,Insider,Weak Passwords,Encryption,27,44.17441744174418,60.53869662426786,37.5,47.75,Medium,1,Normal,-0.125,
86,France,2023,Malware,Government,55.18,274946,Insider,Zero-day,Encryption,66,55.18551855185518,27.50463919330556,91.66666666666666,54.18,Medium,1,Normal,-0.0772,
87,Japan,2019,Man-in-the-Middle,Banking,41.32,645097,Nation-state,Zero-day,Firewall,36,41.32413241324133,64.53325463794285,50.0,50.02,Medium,1,Normal,-0.117,
88,UK,2015,DDoS,Telecommunications,32.92,157678,Nation-state,Unpatched Software,Antivirus,68,32.92329232923293,15.773557348432178,94.44444444444444,40.08,Medium,1,Normal,-0.0507,
89,Brazil,2022,DDoS,Retail,15.16,157034,Nation-state,Social Engineering,AI-based Detection,69,15.161516151615162,15.709133833849355,95.83333333333334,31.46,Low,1,Normal,-0.0226,
90,India,2020,SQL Injection,Education,62.5,550656,Nation-state,Weak Passwords,Encryption,4,62.506250625062506,55.085706282793225,5.555555555555555,48.89,Medium,1,Normal,-0.0615,
91,Australia,2017,SQL Injection,Healthcare,68.91,634048,Hacker Group,Unpatched Software,Firewall,66,68.9168916891689,63.4279512021888,91.66666666666666,71.82,High,1,Normal,-0.0669,
92,UK,2023,DDoS,Banking,81.26,547495,Nation-state,Weak Passwords,AI-based Detection,3,81.26812681268127,54.76949086416541,4.166666666666666,57.9,Medium,1,Normal,-0.0456,
93,UK,2024,DDoS,Healthcare,58.31,487694,Hacker Group,Weak Passwords,Antivirus,41,58.31583158315832,48.7872073306757,56.94444444444444,55.18,Medium,1,Normal,-0.1272,
94,France,2023,Man-in-the-Middle,Retail,88.65,427067,Hacker Group,Unpatched Software,Antivirus,42,88.65886588658867,42.72229363717757,58.333333333333336,68.81,High,1,Normal,-0.0959,
95,Australia,2023,Malware,Telecommunications,1.51,954902,Hacker Group,Unpatched Software,AI-based Detection,55,1.5101510151015105,95.525066649327,76.38888888888889,44.69,Medium,1,Normal,-0.0197,
96,UK,2020,Ransomware,Banking,49.23,128594,Nation-state,Weak Passwords,Firewall,53,49.23492349234924,12.864095394819108,73.61111111111111,43.2,Medium,1,Normal,-0.0802,
97,Germany,2024,Phishing,Healthcare,84.53,189430,Nation-state,Social Engineering,Firewall,1,84.53845384538454,18.94991671960265,1.3888888888888888,48.23,Medium,1,Normal,-0.0106,
98,France,2021,DDoS,Healthcare,90.63,603327,Nation-state,Unpatched Software,AI-based Detection,15,90.63906390639065,60.35472947625884,20.833333333333336,67.59,High,1,Normal,-0.0713,
99,UK,2021,DDoS,Education,80.26,276593,Nation-state,Social Engineering,Encryption,36,80.26802680268028,27.669399330755727,50.0,58.43,Medium,1,Normal,-0.1055,
100,Japan,2023,Malware,Education,22.87,975282,Insider,Unpatched Software,Firewall,49,22.872287228722872,97.56381079093867,68.05555555555556,54.32,Medium,1,Normal,-0.0567,
101,India,2018,Ransomware,Retail,23.79,486810,Hacker Group,Unpatched Software,Antivirus,11,23.792379237923797,48.69877505289431,15.27777777777778,29.56,Low,1,Normal,-0.0823,
102,Japan,2021,Ransomware,IT,35.43,969517,Hacker Group,Weak Passwords,Firewall,25,35.433543354335434,96.98710029160644,34.72222222222222,53.76,Medium,1,Normal,-0.075,
103,Australia,2022,Malware,Banking,74.77,151599,Insider,Zero-day,Encryption,18,74.77747774777478,15.16543538391513,25.0,46.94,Medium,1,Normal,-0.0796,
104,Japan,2022,SQL Injection,IT,66.66,749545,Unknown,Social Engineering,AI-based Detection,30,66.66666666666666,74.98186838195942,41.66666666666667,64.16,Medium,1,Normal,-0.1038,
105,Brazil,2015,Malware,Retail,78.13,71743,Hacker Group,Unpatched Software,VPN,35,78.13781378137814,7.17691957564511,48.61111111111111,50.94,Medium,1,Normal,-0.0745,
106,Germany,2018,Phishing,Banking,11.39,969684,Hacker Group,Weak Passwords,Antivirus,41,11.391139113911391,97.0038063893321,56.94444444444444,46.19,Medium,1,Normal,-0.0387,
107,Germany,2020,SQL Injection,Education,87.84,842506,Unknown,Weak Passwords,Antivirus,19,87.84878487848786,84.28136269738454,26.38888888888889,74.49,High,1,Normal,-0.0663,
108,Brazil,2023,Man-in-the-Middle,IT,10.18,933883,Nation-state,Social Engineering,Encryption,41,10.181018101810182,93.42239917569913,56.94444444444444,44.51,Medium,1,Normal,-0.0494,
109,UK,2019,Malware,Education,4.42,393748,Nation-state,Unpatched Software,AI-based Detection,10,4.420442044204421,39.38917704962312,13.88888888888889,16.8,Low,1,Normal,-0.0112,
110,Brazil,2020,DDoS,Banking,76.98,708549,Unknown,Weak Passwords,Encryption,37,76.987698769877,70.88077148159077,51.388888888888886,70.04,High,1,Normal,-0.0954,
111,Japan,2020,DDoS,Healthcare,73.24,136762,Unknown,Zero-day,VPN,41,73.24732473247325,13.681193635677024,56.94444444444444,52.12,Medium,1,Normal,-0.1051,
112,Russia,2018,Malware,Telecommunications,8.11,737958,Unknown,Social Engineering,VPN,35,8.11081108110811,73.82274530203524,48.61111111111111,35.92,Medium,1,Normal,-0.0641,
113,Japan,2020,Man-in-the-Middle,Banking,23.55,108886,Insider,Unpatched Software,Antivirus,51,23.552355235523557,10.89257579016341,70.83333333333334,29.21,Low,1,Normal,-0.076,
114,Australia,2016,Phishing,Banking,92.79,285311,Nation-state,Unpatched Software,VPN,55,92.7992799279928,28.54151765394369,76.38888888888889,70.24,High,1,Normal,-0.0529,
115,USA,2021,Malware,Retail,71.11,961868,Hacker Group,Unpatched Software,Antivirus,57,71.11711171117112,96.22192100116544,79.16666666666666,80.26,High,1,Normal,-0.0517,
116,Australia,2023,Man-in-the-Middle,Banking,57.34,471743,Unknown,Zero-day,Firewall,29,57.34573457345735,47.19152490659091,40.27777777777778,50.89,Medium,1,Normal,-0.1149,
117,UK,2024,Phishing,Government,81.26,993903,Unknown,Weak Passwords,Firewall,25,81.26812681268127,99.42659070560754,34.72222222222222,77.41,High,1,Normal,-0.019,
118,China,2024,Ransomware,Telecommunications,7.32,179156,Nation-state,Social Engineering,AI-based Detection,34,7.3207320732073216,17.922141581677312,47.22222222222222,18.48,Low,1,Normal,-0.0396,
119,Germany,2022,Man-in-the-Middle,Healthcare,56.27,699129,Nation-state,Unpatched Software,Encryption,25,56.27562756275629,69.93842752604701,34.72222222222222,56.06,Medium,1,Normal,-0.1102,
120,Russia,2021,Malware,IT,83.76,920983,Insider,Social Engineering,Encryption,24,83.76837683768377,92.13192815377612,33.33333333333333,76.19,High,1,Normal,-0.0538,
121,UK,2023,SQL Injection,Banking,85.64,875790,Nation-state,Unpatched Software,Firewall,36,85.64856485648565,87.61097800697254,50.0,79.11,High,1,Normal,-0.0635,
122,Russia,2016,Malware,Retail,61.39,415274,Hacker Group,Weak Passwords,Encryption,40,61.3961396139614,41.54256303550796,55.55555555555556,54.27,Medium,1,Normal,-0.1285,
123,Russia,2023,Ransomware,Banking,42.14,222293,Hacker Group,Social Engineering,VPN,38,42.14421442144214,22.237416657079837,52.77777777777778,38.3,Medium,1,Normal,-0.1065,
124,France,2021,Man-in-the-Middle,Retail,94.4,357092,Unknown,Unpatched Software,VPN,71,94.40944094409444,35.72223861709524,98.61111111111111,77.64,High,1,Normal,-0.0001,
125,Australia,2021,Malware,Telecommunications,84.68,708291,Hacker Group,Zero-day,AI-based Detection,54,84.6884688468847,70.85496206115232,75.0,78.6,High,1,Normal,-0.0787,
126,Russia,2024,Malware,Banking,93.33,517610,Nation-state,Social Engineering,Firewall,35,93.33933393339336,51.77989966337714,48.61111111111111,71.93,High,1,Normal,-0.0799,
127,Germany,2023,Malware,Government,70.46,368803,Hacker Group,Unpatched Software,VPN,23,70.46704670467047,36.89376622467201,31.944444444444443,52.69,Medium,1,Normal,-0.1105,
128,China,2023,Man-in-the-Middle,Healthcare,48.71,421191,Nation-state,Unpatched Software,Firewall,62,48.71487148714872,42.13447908486598,86.11111111111111,54.22,Medium,1,Normal,-0.0856,
129,India,2018,Phishing,IT,69.03,282139,Hacker Group,Unpatched Software,Encryption,37,69.03690369036904,28.224201833669287,51.388888888888886,53.26,Medium,1,Normal,-0.1194,
130,China,2018,Malware,IT,49.19,117543,Insider,Social Engineering,Encryption,22,49.19491949194919,11.758591886038404,30.55555555555556,34.24,Medium,1,Normal,-0.0799,
131,France,2016,Phishing,Government,27.2,536925,Unknown,Zero-day,Encryption,62,27.202720272027204,53.712104918295175,86.11111111111111,46.94,Medium,1,Normal,-0.0935,
132,France,2023,Ransomware,Retail,64.08,238068,Unknown,Unpatched Software,VPN,61,64.0864086408641,23.81549265481901,84.72222222222221,56.13,Medium,1,Normal,-0.0945,
133,Japan,2022,Malware,Telecommunications,38.46,39814,Insider,Social Engineering,VPN,32,38.46384638463847,3.9828537416156897,44.44444444444444,29.32,Low,1,Normal,-0.0554,
134,India,2018,DDoS,Government,80.89,268956,Nation-state,Zero-day,Antivirus,47,80.8980898089809,26.90542047847465,65.27777777777779,61.58,Medium,1,Normal,-0.0971,
135,France,2015,Malware,Education,15.76,424,Nation-state,Unpatched Software,Antivirus,58,15.761576157615762,0.0424154816508025,80.55555555555556,24.0,Low,-1,Anomaly,0.0091,"Low financial_loss_million, Low affected_users, High resolution_time_hours, Low risk_score"
136,USA,2021,SQL Injection,Telecommunications,82.24,982969,Unknown,Unpatched Software,Encryption,64,82.24822482248226,98.33279146888614,88.88888888888889,88.4,High,-1,Anomaly,0.0092,"High financial_loss_million, High affected_users, High resolution_time_hours, High risk_score"
137,Germany,2021,Malware,Government,82.72,219703,Nation-state,Social Engineering,Firewall,33,82.72827282728274,21.97832208756196,45.83333333333333,57.12,Medium,1,Normal,-0.098,
138,Japan,2016,Man-in-the-Middle,Retail,18.96,530947,Nation-state,Unpatched Software,VPN,12,18.96189618961896,53.11408664162419,16.666666666666664,28.75,Low,1,Normal,-0.0727,
139,UK,2017,SQL Injection,IT,53.39,576110,Insider,Unpatched Software,Antivirus,37,53.39533953395341,57.63203569302795,51.388888888888886,54.27,Medium,1,Normal,-0.1213,
140,UK,2017,Man-in-the-Middle,Government,48.9,177154,Unknown,Zero-day,Antivirus,68,48.90489048904891,17.721868481995926,94.44444444444444,48.66,Medium,1,Normal,-0.0591,
141,France,2017,SQL Injection,Healthcare,60.77,212177,Hacker Group,Social Engineering,Encryption,2,60.77607760776078,21.225447288260217,2.7777777777777777,37.31,Medium,1,Normal,-0.0323,
142,Germany,2021,DDoS,Banking,91.24,8787,Hacker Group,Unpatched Software,Encryption,55,91.24912491249124,0.8790208426075518,76.38888888888889,61.17,Medium,1,Normal,-0.0074,
143,USA,2015,Phishing,Education,41.36,291727,Insider,Social Engineering,Encryption,31,41.36413641364137,29.18335192345206,43.05555555555556,38.05,Medium,1,Normal,-0.1011,
144,Germany,2022,DDoS,IT,78.18,987652,Hacker Group,Social Engineering,VPN,72,78.18781878187819,98.80126246079818,100.0,88.73,High,-1,Anomaly,0.0442,"High financial_loss_million, High affected_users, High resolution_time_hours, High risk_score"
145,China,2022,Ransomware,Telecommunications,16.16,236284,Unknown,Social Engineering,Antivirus,38,16.161616161616163,23.63702751504299,52.77777777777778,25.73,Low,1,Normal,-0.0771,
146,USA,2020,Man-in-the-Middle,Telecommunications,15.63,209853,Nation-state,Zero-day,VPN,1,15.631563156315634,20.99296243128742,1.3888888888888888,14.39,Low,-1,Anomaly,0.0277,"Low financial_loss_million, Low affected_users, Low resolution_time_hours, Low risk_score"
147,Australia,2020,DDoS,Retail,36.29,755621,Unknown,Zero-day,Antivirus,50,36.2936293629363,75.58969023693648,69.44444444444444,54.71,Medium,1,Normal,-0.0951,
148,France,2015,SQL Injection,Retail,61.41,694844,Insider,Unpatched Software,Antivirus,43,61.41614161416141,69.50977106643926,59.72222222222222,63.51,Medium,1,Normal,-0.11,
149,France,2018,SQL Injection,Retail,53.72,795831,Nation-state,Unpatched Software,Encryption,61,53.725372537253726,79.6121584378298,84.72222222222221,67.69,High,1,Normal,-0.0814,
150,Brazil,2020,DDoS,Retail,17.4,342253,Unknown,Weak Passwords,Encryption,22,17.4017401740174,34.23779679583048,30.55555555555556,25.08,Low,1,Normal,-0.0774,
151,USA,2016,Phishing,Retail,75.94,638693,Nation-state,Weak Passwords,AI-based Detection,35,75.94759475947595,63.8926208065944,48.61111111111111,66.86,High,1,Normal,-0.1093,
152,USA,2018,Phishing,Banking,55.9,618616,Insider,Zero-day,VPN,51,55.90559055905591,61.884187728520914,70.83333333333334,60.68,Medium,1,Normal,-0.1051,
153,Brazil,2023,SQL Injection,Retail,56.76,774426,Hacker Group,Social Engineering,AI-based Detection,21,56.76567656765676,77.47087687005757,29.166666666666668,57.46,Medium,1,Normal,-0.1135,
154,Australia,2023,DDoS,Government,76.25,900661,Insider,Unpatched Software,Encryption,64,76.25762576257627,90.09898612993744,88.88888888888889,82.94,High,1,Normal,-0.0422,
155,India,2019,Phishing,Telecommunications,75.23,141627,Insider,Unpatched Software,AI-based Detection,64,75.23752375237524,14.16787127301465,88.88888888888889,59.65,Medium,1,Normal,-0.0728,
156,Germany,2024,Phishing,IT,3.93,845785,Unknown,Unpatched Software,VPN,69,3.9303930393039312,84.60938242458498,95.83333333333334,46.51,Medium,1,Normal,-0.0323,
157,Australia,2015,Malware,Retail,99.41,120048,Insider,Zero-day,Antivirus,12,99.41994199419942,12.009183351923452,16.666666666666664,56.65,Medium,1,Normal,-0.0023,
158,USA,2016,Malware,Retail,32.89,894935,Unknown,Social Engineering,AI-based Detection,31,32.893289328932894,89.52617705462494,43.05555555555556,51.92,Medium,1,Normal,-0.0932,
159,Japan,2017,SQL Injection,Healthcare,21.66,277555,Unknown,Social Engineering,AI-based Detection,45,21.662166216621664,27.76563445657665,62.5,31.66,Low,1,Normal,-0.0927,
160,Australia,2024,Ransomware,Education,85.86,461012,Insider,Unpatched Software,AI-based Detection,38,85.86858685868587,46.11803308207495,52.77777777777778,67.33,High,1,Normal,-0.106,
161,Russia,2021,SQL Injection,Telecommunications,80.23,599291,Nation-state,Social Engineering,Firewall,55,80.23802380238024,59.95098210846959,76.38888888888889,73.38,High,1,Normal,-0.0874,
162,Australia,2016,Man-in-the-Middle,Government,31.92,163602,Hacker Group,Unpatched Software,VPN,26,31.923192319231923,16.366173653383484,36.11111111111111,28.09,Low,1,Normal,-0.0808,
163,UK,2021,SQL Injection,Government,39.03,986196,Nation-state,Weak Passwords,Encryption,11,39.03390339033904,98.65560929739355,15.27777777777778,52.17,Medium,1,Normal,-0.0596,
164,France,2024,Ransomware,Retail,99.03,349008,Nation-state,Zero-day,Encryption,20,99.03990399039904,34.91354344335683,27.77777777777778,65.55,Medium,1,Normal,-0.0408,
165,Germany,2022,SQL Injection,Retail,25.1,559667,Unknown,Zero-day,Antivirus,69,25.102510251025105,55.9871353043861,95.83333333333334,48.51,Medium,1,Normal,-0.0725,
166,Russia,2018,DDoS,Healthcare,67.27,335628,Hacker Group,Weak Passwords,Antivirus,20,67.27672767276728,33.575054895036686,27.77777777777778,49.27,Medium,1,Normal,-0.1096,
167,Germany,2016,Ransomware,Education,29.89,385363,Unknown,Unpatched Software,Firewall,22,29.89298929892989,38.55037088537316,30.55555555555556,32.62,Low,1,Normal,-0.0992,
168,USA,2021,Man-in-the-Middle,Education,15.92,945793,Insider,Zero-day,Firewall,32,15.921592159215924,94.61383404942804,44.44444444444444,45.23,Medium,1,Normal,-0.0445,
169,Russia,2016,SQL Injection,Telecommunications,95.93,595950,Nation-state,Social Engineering,AI-based Detection,11,95.93959395939596,59.61676011744287,15.27777777777778,68.91,High,1,Normal,-0.0489,
170,Japan,2022,DDoS,Education,12.61,756722,Nation-state,Weak Passwords,VPN,15,12.61126112611261,75.6998304381099,20.833333333333336,33.18,Medium,1,Normal,-0.0622,
171,Australia,2024,Ransomware,Government,39.92,594424,Hacker Group,Social Engineering,Antivirus,54,39.92399239923993,59.46410439810531,75.0,52.8,Medium,1,Normal,-0.0992,
172,China,2015,Malware,Retail,19.36,457790,Hacker Group,Zero-day,Encryption,39,19.36193619361936,45.79571543613419,54.16666666666666,34.25,Medium,1,Normal,-0.1018,
173,China,2024,Ransomware,Telecommunications,70.47,549337,Unknown,Social Engineering,Antivirus,63,70.47704770477048,54.95375812171442,87.5,69.22,High,1,Normal,-0.0898,
174,France,2023,Malware,Healthcare,53.34,714681,Unknown,Unpatched Software,Firewall,34,53.34533453345335,71.49419538131419,47.22222222222222,57.57,Medium,1,Normal,-0.1197,
175,India,2022,Malware,Government,84.15,849745,Hacker Group,Social Engineering,Antivirus,51,84.15841584158417,85.00552701736133,70.83333333333334,81.75,High,1,Normal,-0.0641,
176,Brazil,2019,SQL Injection,Banking,27.64,826256,Nation-state,Zero-day,VPN,50,27.642764276427645,82.65576935581487,69.44444444444444,52.51,Medium,1,Normal,-0.0896,
177,UK,2017,DDoS,IT,9.01,617543,Unknown,Zero-day,Antivirus,43,9.01090109010901,61.776848549720654,59.72222222222222,34.98,Medium,1,Normal,-0.0765,
178,USA,2017,SQL Injection,Banking,9.08,895507,Unknown,Social Engineering,AI-based Detection,52,9.080908090809082,89.58339794024819,72.22222222222221,45.86,Medium,1,Normal,-0.0504,
179,UK,2020,SQL Injection,Healthcare,67.9,2233,Unknown,Social Engineering,Antivirus,45,67.90679067906792,0.2233815342600049,62.5,46.52,Medium,1,Normal,-0.0513,
180,Japan,2022,Phishing,Government,71.12,76776,Unknown,Unpatched Software,Firewall,42,71.12711271127114,7.680403347221736,58.333333333333336,49.53,Medium,1,Normal,-0.0935,
181,China,2019,Ransomware,Retail,6.08,175261,Nation-state,Zero-day,VPN,64,6.080608060806081,17.532499362267227,88.88888888888889,26.08,Low,1,Normal,-0.0141,
182,Australia,2016,Man-in-the-Middle,Healthcare,90.85,746369,Insider,Unpatched Software,Antivirus,30,90.85908590859086,74.6641524156317,41.66666666666667,76.16,High,1,Normal,-0.0743,
183,Australia,2017,Malware,Healthcare,77.32,563706,Nation-state,Unpatched Software,AI-based Detection,35,77.32773277327732,56.39118278171532,48.61111111111111,65.3,Medium,1,Normal,-0.1134,
184,India,2022,DDoS,Healthcare,12.01,254980,Insider,Unpatched Software,AI-based Detection,58,12.01120112011201,25.507310168211397,80.55555555555556,29.77,Low,1,Normal,-0.057,
185,Russia,2021,Malware,Education,0.54,869574,Unknown,Unpatched Software,Antivirus,16,0.5400540054005402,86.98915104012964,22.22222222222222,30.81,Low,1,Normal,-0.0129,
186,Russia,2015,Malware,IT,95.33,282598,Unknown,Zero-day,VPN,21,95.33953395339536,28.270118593286547,29.166666666666668,61.98,Medium,1,Normal,-0.0617,
187,Brazil,2023,Malware,Telecommunications,62.77,422623,Nation-state,Zero-day,AI-based Detection,55,62.77627762776278,42.27773137195076,76.38888888888889,59.35,Medium,1,Normal,-0.1105,
188,Brazil,2021,Malware,Healthcare,83.06,937717,Unknown,Unpatched Software,Encryption,56,83.06830683068307,93.80593916779624,77.77777777777779,85.23,High,1,Normal,-0.04,
189,India,2021,Man-in-the-Middle,Telecommunications,71.64,416077,Insider,Social Engineering,VPN,39,71.64716471647165,41.62289235570984,54.16666666666666,59.14,Medium,1,Normal,-0.1286,
190,Australia,2019,Man-in-the-Middle,Banking,47.67,112313,Insider,Social Engineering,Firewall,63,47.67476747674768,11.235400921336288,87.5,44.71,Medium,1,Normal,-0.0576,
191,Australia,2017,Man-in-the-Middle,Telecommunications,79.72,799971,Insider,Zero-day,Firewall,63,79.72797279727973,80.0263096030051,87.5,81.37,High,1,Normal,-0.0613,
192,Japan,2018,Man-in-the-Middle,Retail,47.11,690595,Hacker Group,Social Engineering,Antivirus,71,47.11471147114712,69.08471592131129,98.61111111111111,64.0,Medium,1,Normal,-0.0421,
193,India,2017,Man-in-the-Middle,Government,69.69,713419,Hacker Group,Unpatched Software,AI-based Detection,70,69.6969696969697,71.36794930149505,97.2222222222222,75.7,High,1,Normal,-0.0397,
194,Australia,2022,Man-in-the-Middle,Healthcare,81.31,707365,Hacker Group,Zero-day,Antivirus,38,81.31813181318132,70.76232824981118,52.77777777777778,72.44,High,1,Normal,-0.1015,
195,Brazil,2016,Malware,Healthcare,83.88,155059,Unknown,Unpatched Software,Antivirus,29,83.88838883888388,15.51156172002781,40.27777777777778,54.65,Medium,1,Normal,-0.0872,
196,Russia,2022,Phishing,Banking,85.01,923558,Insider,Weak Passwords,Encryption,41,85.01850185018502,92.3895221755941,56.94444444444444,81.61,High,1,Normal,-0.0518,
197,Germany,2022,DDoS,Telecommunications,20.55,239313,Nation-state,Social Engineering,AI-based Detection,6,20.552055205520556,23.940038113911577,8.333333333333332,19.12,Low,1,Normal,-0.0301,
198,Russia,2023,Ransomware,Telecommunications,60.08,874485,Hacker Group,Weak Passwords,Antivirus,48,60.08600860086008,87.48043035708034,66.66666666666666,69.62,High,1,Normal,-0.0902,
199,Russia,2016,SQL Injection,Healthcare,46.95,90895,Unknown,Social Engineering,VPN,29,46.95469546954696,9.092818878890794,40.27777777777778,34.26,Medium,1,Normal,-0.0784,
200,China,2015,Man-in-the-Middle,Retail,47.2,529593,Hacker Group,Zero-day,VPN,64,47.204720472047214,52.97863720257894,88.88888888888889,57.27,Medium,1,Normal,-0.0877,
201,Germany,2018,Phishing,Government,46.92,610201,Nation-state,Weak Passwords,VPN,72,46.924692469246935,61.04238046887114,100.0,61.78,Medium,1,Normal,-0.0536,
202,USA,2021,DDoS,Telecommunications,1.98,863623,Hacker Group,Weak Passwords,Firewall,24,1.98019801980198,86.3938337493185,33.33333333333333,33.57,Medium,1,Normal,-0.0182,
203,USA,2018,Malware,Healthcare,14.28,755771,Insider,Weak Passwords,Antivirus,44,14.28142814281428,75.60469571393558,61.11111111111112,42.04,Medium,1,Normal,-0.0761,
204,Japan,2021,SQL Injection,Telecommunications,66.23,164032,Unknown,Social Engineering,Firewall,5,66.23662366236624,16.40918935411425,6.944444444444445,39.43,Medium,1,Normal,-0.0416,
205,Russia,2019,Man-in-the-Middle,Telecommunications,95.66,259993,Nation-state,Weak Passwords,Antivirus,58,95.66956695669568,26.008793209521475,80.55555555555556,71.75,High,1,Normal,-0.032,
206,UK,2019,Phishing,Retail,90.13,232359,Unknown,Social Engineering,Firewall,17,90.13901390139014,23.244384200233085,23.61111111111111,56.77,Medium,1,Normal,-0.067,
207,Germany,2018,Phishing,Telecommunications,84.9,800031,Unknown,Unpatched Software,Encryption,10,84.90849084908491,80.03231179380474,13.88888888888889,69.24,High,1,Normal,-0.0597,
208,UK,2016,Phishing,Healthcare,71.19,925040,Unknown,Unpatched Software,Encryption,48,71.1971197119712,92.53777628834524,66.66666666666666,76.69,High,1,Normal,-0.0681,
209,Brazil,2016,Malware,IT,99.29,273469,Insider,Social Engineering,AI-based Detection,67,99.29992999299932,27.35688526312104,93.05555555555556,76.47,High,-1,Anomaly,0.0132,"High financial_loss_million, High resolution_time_hours, High risk_score"
210,Germany,2024,Malware,Banking,22.84,797768,Insider,Zero-day,Firewall,58,22.842284228422844,79.80592916414491,80.55555555555556,51.47,Medium,1,Normal,-0.0856,
211,Japan,2022,DDoS,Education,82.19,905203,Hacker Group,Weak Passwords,Antivirus,37,82.19821982198219,90.55335197347031,51.388888888888886,78.54,High,1,Normal,-0.0676,
212,India,2023,Phishing,Telecommunications,11.72,512291,Insider,Zero-day,AI-based Detection,51,11.721172117211722,51.247805448988885,70.83333333333334,35.4,Medium,1,Normal,-0.0779,
213,UK,2017,Phishing,Telecommunications,27.08,416833,Insider,Social Engineering,VPN,9,27.082708270827084,41.69851995978532,12.5,28.55,Low,1,Normal,-0.0751,
214,UK,2015,Ransomware,Government,30.74,744505,Nation-state,Unpatched Software,Antivirus,43,30.743074307430746,74.4776843547895,59.72222222222222,49.66,Medium,1,Normal,-0.104,
215,Brazil,2020,Malware,Banking,79.61,755029,Nation-state,Weak Passwords,Firewall,27,79.61796179617963,75.53046862104668,37.5,69.97,High,1,Normal,-0.0913,
216,Brazil,2017,Malware,Banking,99.22,660182,Insider,Weak Passwords,AI-based Detection,21,99.22992299229924,66.04230544148614,29.166666666666668,75.26,High,1,Normal,-0.0368,
217,India,2016,Ransomware,Retail,29.48,403737,Insider,Zero-day,Firewall,26,29.482948294829487,40.38844178125016,36.11111111111111,34.08,Medium,1,Normal,-0.1078,
218,China,2019,DDoS,Retail,7.87,86783,Nation-state,Weak Passwords,Antivirus,12,7.87078707870787,8.681468736088673,16.666666666666664,9.87,Low,-1,Anomaly,0.0056,"Low financial_loss_million, Low affected_users, Low resolution_time_hours, Low risk_score"
219,Australia,2022,DDoS,Telecommunications,86.77,390083,Nation-state,Social Engineering,VPN,72,86.77867786778678,39.02254322827832,100.0,75.1,High,1,Normal,-0.008,
220,Brazil,2023,Man-in-the-Middle,Banking,20.15,376174,Unknown,Social Engineering,Firewall,43,20.15201520152015,37.63113536440801,59.72222222222222,33.31,Medium,1,Normal,-0.0984,
221,UK,2022,Ransomware,Government,31.94,485080,Insider,Weak Passwords,Antivirus,61,31.943194319431942,48.52571188483796,84.72222222222221,47.47,Medium,1,Normal,-0.0961,
222,France,2024,Ransomware,Banking,78.82,759804,Unknown,Unpatched Software,AI-based Detection,47,78.82788278827883,76.00814297218484,65.27777777777779,75.27,High,1,Normal,-0.0859,
223,Japan,2017,Phishing,IT,65.62,286208,Hacker Group,Zero-day,Firewall,57,65.62656265626563,28.631250406398333,79.16666666666666,57.24,Medium,1,Normal,-0.0978,
224,USA,2017,Malware,IT,75.53,992377,Nation-state,Unpatched Software,Antivirus,33,75.53755375537554,99.27393498626998,45.83333333333333,76.72,High,1,Normal,-0.0351,
225,USA,2021,Man-in-the-Middle,Education,36.06,48987,Unknown,Zero-day,VPN,58,36.06360636063607,4.900488678367605,80.55555555555556,35.61,Medium,1,Normal,-0.0434,
226,Russia,2021,SQL Injection,Telecommunications,68.07,538602,Insider,Unpatched Software,VPN,19,68.07680768076807,53.87986615114517,26.38888888888889,55.48,Medium,1,Normal,-0.1033,
227,Japan,2015,Malware,Healthcare,26.29,808392,Hacker Group,Weak Passwords,AI-based Detection,4,26.29262926292629,80.86871708173483,5.555555555555555,38.52,Medium,1,Normal,-0.0371,
228,UK,2015,Ransomware,IT,26.12,21580,Unknown,Weak Passwords,AI-based Detection,14,26.122612261226124,2.1587879576045257,19.444444444444446,17.6,Low,1,Normal,-0.0186,
229,France,2020,Phishing,Government,94.44,209658,Insider,Zero-day,VPN,11,94.44944494449446,20.973455311188584,15.27777777777778,56.57,Medium,1,Normal,-0.0333,
230,Japan,2017,Man-in-the-Middle,Retail,74.12,559889,Nation-state,Zero-day,VPN,10,74.12741274127413,56.00934341034478,13.88888888888889,56.64,Medium,1,Normal,-0.0854,
231,France,2015,SQL Injection,Government,12.92,344516,Insider,Zero-day,VPN,28,12.921292129212922,34.46417942549031,38.88888888888889,24.58,Low,1,Normal,-0.0727,
232,Australia,2024,Phishing,Retail,73.43,897569,Hacker Group,Social Engineering,AI-based Detection,66,73.43734373437346,89.78967323072922,91.66666666666666,81.99,High,1,Normal,-0.0298,
233,Australia,2023,SQL Injection,Healthcare,99.19,538688,Nation-state,Zero-day,Encryption,36,99.1999199919992,53.88846929129132,50.0,75.77,High,1,Normal,-0.0339,
234,China,2015,DDoS,Government,22.71,303975,Nation-state,Social Engineering,Firewall,2,22.71227122712272,30.40859913868562,2.7777777777777777,21.03,Low,1,Normal,-0.0156,
235,Japan,2022,SQL Injection,Telecommunications,67.62,822256,Insider,Unpatched Software,Firewall,60,67.62676267626763,82.25562330250541,83.33333333333334,75.16,High,1,Normal,-0.0814,
236,Russia,2019,Man-in-the-Middle,Healthcare,53.82,521877,Unknown,Zero-day,Encryption,66,53.82538253825383,52.20675546574499,91.66666666666666,60.91,Medium,1,Normal,-0.0787,
237,Brazil,2016,SQL Injection,Education,55.83,758258,Unknown,Zero-day,Encryption,44,55.83558355835584,75.85348652258074,61.11111111111112,62.9,Medium,1,Normal,-0.1109,
238,Brazil,2016,DDoS,IT,17.12,988369,Hacker Group,Weak Passwords,AI-based Detection,26,17.121712171217123,98.8729886408539,36.11111111111111,45.44,Medium,1,Normal,-0.041,
239,France,2022,Malware,Healthcare,67.89,325521,Hacker Group,Social Engineering,VPN,69,67.8967896789679,32.563985854837014,95.83333333333334,62.88,Medium,1,Normal,-0.062,
240,Germany,2021,Ransomware,IT,5.54,254933,Nation-state,Social Engineering,AI-based Detection,41,5.540554055405541,25.502608452085013,56.94444444444444,21.81,Low,1,Normal,-0.0518,
241,UK,2023,DDoS,Government,55.28,339144,Hacker Group,Unpatched Software,VPN,26,55.28552855285529,33.9267832758957,36.11111111111111,45.04,Medium,1,Normal,-0.1154,
242,India,2022,Ransomware,Education,57.52,170002,Unknown,Unpatched Software,AI-based Detection,54,57.52575257525753,17.006407338678617,75.0,48.86,Medium,1,Normal,-0.0932,
243,Japan,2019,DDoS,Government,74.65,491269,Nation-state,Zero-day,Firewall,67,74.65746574657467,49.14483786582103,93.05555555555556,70.68,High,1,Normal,-0.0522,
244,China,2019,Phishing,Banking,49.14,341100,Insider,Social Engineering,Firewall,37,49.14491449144915,34.12245469596403,51.388888888888886,45.09,Medium,1,Normal,-0.1144,
245,India,2018,DDoS,Government,36.04,446170,Insider,Unpatched Software,VPN,72,36.04360436043604,44.63329115127021,100.0,51.41,Medium,1,Normal,-0.0591,
246,India,2015,Malware,Telecommunications,14.09,28398,Insider,Zero-day,Encryption,22,14.091409140914092,2.8408369054704967,30.55555555555556,14.01,Low,-1,Anomaly,0.0031,"Low financial_loss_million, Low affected_users, Low risk_score"
247,France,2017,Ransomware,Telecommunications,66.36,180698,Hacker Group,Zero-day,Encryption,53,66.36663666366637,18.076397885228108,73.61111111111111,53.33,Medium,1,Normal,-0.0956,
248,Germany,2017,Malware,Healthcare,8.53,676384,Unknown,Social Engineering,VPN,44,8.53085308530853,67.6630970304161,61.11111111111112,36.79,Medium,1,Normal,-0.0688,
249,Brazil,2015,Ransomware,Healthcare,61.91,961557,Insider,Unpatched Software,Firewall,64,61.91619161916192,96.19080964552062,88.88888888888889,77.59,High,1,Normal,-0.0337,
250,Japan,2020,Phishing,Education,54.47,345334,Hacker Group,Weak Passwords,Antivirus,25,54.47544754475447,34.54600929339209,34.72222222222222,44.55,Medium,1,Normal,-0.1076,
251,Russia,2024,Phishing,Education,87.88,263407,Nation-state,Zero-day,Antivirus,8,87.8887888788879,26.3503178660211,11.11111111111111,54.07,Medium,1,Normal,-0.0411,
252,Russia,2017,Phishing,IT,89.22,791350,Nation-state,Social Engineering,Antivirus,32,89.22892289228923,79.16389482160989,44.44444444444444,77.25,High,1,Normal,-0.0773,
253,China,2022,Ransomware,Telecommunications,64.92,591819,Unknown,Zero-day,Antivirus,49,64.92649264926493,59.20350928088752,68.05555555555556,63.84,Medium,1,Normal,-0.1111,
254,UK,2016,SQL Injection,IT,6.59,186612,Unknown,Unpatched Software,Antivirus,30,6.590659065906592,18.668013825046145,41.66666666666667,17.23,Low,1,Normal,-0.0386,
255,Japan,2018,Ransomware,Retail,48.0,187730,Nation-state,Weak Passwords,AI-based Detection,26,48.00480048004801,18.77985464694613,36.11111111111111,36.86,Medium,1,Normal,-0.0905,
256,France,2015,SQL Injection,IT,87.78,6456,Hacker Group,Social Engineering,Firewall,69,87.7887788778878,0.6458357300414651,95.83333333333334,63.25,Medium,-1,Anomaly,0.017,"High financial_loss_million, Low affected_users, High resolution_time_hours"
257,Japan,2020,Malware,Banking,15.73,762662,Hacker Group,Zero-day,Firewall,56,15.731573157315736,76.29404732727446,77.77777777777779,46.31,Medium,1,Normal,-0.0765,
258,UK,2015,Phishing,IT,30.26,256396,Hacker Group,Zero-day,Encryption,29,30.263026302630266,25.648961871082943,40.27777777777778,30.88,Low,1,Normal,-0.0934,
259,Brazil,2021,SQL Injection,Healthcare,54.59,437634,Unknown,Weak Passwords,AI-based Detection,29,54.59545954595461,43.77937947350783,40.27777777777778,48.49,Medium,1,Normal,-0.1174,
260,Russia,2015,Malware,Healthcare,63.09,80855,Nation-state,Zero-day,AI-based Detection,53,63.0963096309631,8.088452285084054,73.61111111111111,48.7,Medium,1,Normal,-0.0794,
261,India,2016,Phishing,Retail,59.36,967614,Nation-state,Unpatched Software,AI-based Detection,71,59.36593659365936,96.79673080674446,98.61111111111111,78.44,High,1,Normal,-0.0035,
262,Japan,2020,Ransomware,IT,79.52,934400,Unknown,Social Engineering,VPN,4,79.52795279527953,93.47411805308936,5.555555555555555,68.92,High,1,Normal,-0.007,
263,Germany,2023,Man-in-the-Middle,Telecommunications,87.83,547719,Unknown,Weak Passwords,AI-based Detection,22,87.83878387838784,54.79189904315075,30.55555555555556,66.47,High,1,Normal,-0.0949,
264,China,2016,Malware,Healthcare,96.63,808984,Unknown,Weak Passwords,Firewall,26,96.63966396639664,80.92793869762464,36.11111111111111,79.82,High,1,Normal,-0.0533,
265,Japan,2023,Ransomware,Banking,52.86,261038,Nation-state,Social Engineering,Encryption,48,52.86528652865287,26.11333136594857,66.66666666666666,47.6,Medium,1,Normal,-0.1043,
266,China,2024,Phishing,Education,4.01,841054,Insider,Zero-day,Antivirus,49,4.010401040104011,84.13610968003321,68.05555555555556,40.86,Medium,1,Normal,-0.0511,
267,China,2019,Ransomware,IT,68.02,175038,Hacker Group,Weak Passwords,VPN,67,68.02680268026803,17.510191219795228,93.05555555555556,57.88,Medium,1,Normal,-0.0671,
268,Russia,2022,Phishing,Retail,67.17,774613,Hacker Group,Weak Passwords,Encryption,53,67.17671767176718,77.48958369804978,73.61111111111111,71.56,High,1,Normal,-0.097,
269,Japan,2021,Phishing,Healthcare,37.45,558357,Hacker Group,Weak Passwords,VPN,49,37.453745374537455,55.85608747192725,68.05555555555556,49.09,Medium,1,Normal,-0.11,
270,India,2017,Phishing,Retail,36.78,620056,Nation-state,Weak Passwords,Firewall,14,36.78367836783679,62.02824030771231,19.444444444444446,40.89,Medium,1,Normal,-0.0902,
271,Russia,2018,Malware,Healthcare,40.66,90640,Unknown,Social Engineering,Encryption,56,40.66406640664066,9.067309567992316,77.77777777777779,38.61,Medium,1,Normal,-0.0697,
272,Russia,2022,Ransomware,Retail,76.93,449596,Unknown,Unpatched Software,AI-based Detection,3,76.93769376937695,44.97601624592976,4.166666666666666,52.79,Medium,1,Normal,-0.0494,
273,Australia,2020,Ransomware,Healthcare,58.91,207842,Nation-state,Social Engineering,Antivirus,40,58.91589158915892,20.79178900298609,55.55555555555556,46.81,Medium,1,Normal,-0.1039,
274,Germany,2017,Phishing,Retail,93.6,908249,Nation-state,Zero-day,AI-based Detection,53,93.6093609360936,90.85806319306546,73.61111111111111,88.78,High,1,Normal,-0.0193,
275,Japan,2017,Phishing,Healthcare,47.39,470895,Nation-state,Social Engineering,Encryption,63,47.3947394739474,47.1066939432893,87.5,55.33,Medium,1,Normal,-0.0844,
276,France,2017,Malware,Education,3.21,342049,Nation-state,Unpatched Software,AI-based Detection,31,3.2103210321032103,34.21738934711169,43.05555555555556,20.48,Low,1,Normal,-0.0379,
277,Brazil,2018,Phishing,Banking,98.75,316891,Hacker Group,Social Engineering,Antivirus,55,98.75987598759876,31.700670744821856,76.38888888888889,74.17,High,1,Normal,-0.0163,
278,India,2019,Man-in-the-Middle,Education,27.45,633466,Unknown,Zero-day,AI-based Detection,16,27.45274527452745,63.36972995143228,22.22222222222222,37.18,Medium,1,Normal,-0.0871,
279,USA,2023,Malware,Telecommunications,23.98,123866,Nation-state,Zero-day,Firewall,43,23.982398239823983,12.39112275980733,59.72222222222222,27.65,Low,1,Normal,-0.0837,
280,France,2017,DDoS,Telecommunications,79.93,305905,Unknown,Unpatched Software,Encryption,44,79.93799379937995,30.601669609407438,61.11111111111112,61.37,Medium,1,Normal,-0.1069,
281,Russia,2023,SQL Injection,Telecommunications,3.66,702942,Nation-state,Unpatched Software,AI-based Detection,34,3.6603660366036608,70.31986675136424,47.22222222222222,32.37,Low,1,Normal,-0.05,
282,Brazil,2016,Man-in-the-Middle,Retail,72.78,11339,Hacker Group,Social Engineering,AI-based Detection,34,72.78727872787279,1.134314024618986,47.22222222222222,46.18,Medium,1,Normal,-0.0449,
283,UK,2017,SQL Injection,Banking,73.88,8385,Nation-state,Social Engineering,AI-based Detection,69,73.88738873887388,0.8388061642499512,95.83333333333334,56.36,Medium,1,Normal,-0.0113,
284,Russia,2024,Ransomware,Banking,52.8,21810,Insider,Zero-day,VPN,48,52.8052805280528,2.181796355669819,66.66666666666666,40.39,Medium,1,Normal,-0.0666,
285,India,2018,Man-in-the-Middle,Healthcare,94.6,7347,Insider,Zero-day,AI-based Detection,7,94.6094609460946,0.7349682634161468,9.722222222222223,49.47,Medium,-1,Anomaly,0.0078,"High financial_loss_million, Low affected_users, Low resolution_time_hours"
286,Germany,2021,SQL Injection,Education,1.62,61463,Hacker Group,Weak Passwords,Antivirus,58,1.62016201620162,6.148544218639803,80.55555555555556,18.77,Low,-1,Anomaly,0.008,"Low financial_loss_million, Low affected_users, High resolution_time_hours, Low risk_score"
287,Russia,2020,DDoS,Healthcare,0.82,683572,Insider,Zero-day,Antivirus,69,0.8200820082008201,68.3821594882132,95.83333333333334,40.09,Medium,1,Normal,-0.0218,
288,Germany,2015,Malware,Healthcare,90.91,654633,Nation-state,Weak Passwords,Antivirus,43,90.91909190919093,65.4872028290326,59.72222222222222,77.05,High,1,Normal,-0.0768,
289,Japan,2021,DDoS,Banking,32.84,311274,Hacker Group,Zero-day,Encryption,67,32.84328432843285,31.13876564946205,93.05555555555556,44.37,Medium,1,Normal,-0.0508,
290,Russia,2017,Malware,Education,63.33,185208,Unknown,Zero-day,Firewall,3,63.33633363336334,18.527562560334523,4.166666666666666,38.06,Medium,1,Normal,-0.0395,
291,Russia,2022,Man-in-the-Middle,Healthcare,27.82,182378,Insider,Social Engineering,AI-based Detection,10,27.822782278227827,18.24445922761808,13.88888888888889,22.16,Low,1,Normal,-0.05,
292,China,2016,Phishing,IT,7.73,800480,Unknown,Zero-day,VPN,31,7.730773077307732,80.07722818828873,43.05555555555556,36.5,Medium,1,Normal,-0.0562,
293,India,2019,DDoS,Banking,46.98,147761,Unknown,Unpatched Software,AI-based Detection,68,46.98469846984699,14.781495245764702,94.44444444444444,46.82,Medium,1,Normal,-0.059,
294,Russia,2024,Ransomware,Banking,80.11,923911,Insider,Unpatched Software,Firewall,60,80.11801180118012,92.42483506479864,83.33333333333334,84.45,High,1,Normal,-0.0462,
295,Germany,2024,Ransomware,Education,11.81,418893,Insider,Social Engineering,Firewall,31,11.811181118111811,41.90459517723969,43.05555555555556,27.09,Low,1,Normal,-0.0816,
296,Germany,2016,Ransomware,Education,15.09,914593,Unknown,Weak Passwords,AI-based Detection,1,15.091509150915092,91.49269483361428,1.3888888888888888,35.27,Medium,-1,Anomaly,0.0056,"Low financial_loss_million, High affected_users, Low resolution_time_hours"
297,Japan,2015,SQL Injection,Banking,20.69,344789,Unknown,Zero-day,AI-based Detection,69,20.69206920692069,34.49148939362868,95.83333333333334,39.86,Medium,1,Normal,-0.0528,
298,India,2019,DDoS,Telecommunications,36.86,116906,Insider,Social Engineering,VPN,7,36.86368636863687,11.694868627048873,9.722222222222223,23.88,Low,1,Normal,-0.0362,
299,Australia,2019,Phishing,Education,10.87,812343,Insider,Social Engineering,Antivirus,16,10.87108710871087,81.26396134589126,22.22222222222222,34.26,Medium,1,Normal,-0.0522,
300,China,2017,Malware,IT,18.17,346390,Hacker Group,Weak Passwords,Firewall,36,18.171817181718176,34.65164785146578,50.0,29.48,Low,1,Normal,-0.0904,
301,Brazil,2018,Phishing,IT,13.89,30925,Insider,Zero-day,Encryption,43,13.891389138913892,3.0936291746487465,59.72222222222222,19.82,Low,1,Normal,-0.0225,
302,UK,2017,DDoS,Government,15.63,663812,Nation-state,Zero-day,Antivirus,57,15.631563156315634,66.40543798486448,79.16666666666666,43.57,Medium,1,Normal,-0.0765,
303,Brazil,2020,Man-in-the-Middle,Government,32.72,220978,Nation-state,Zero-day,VPN,47,32.72327232723272,22.10586864205435,65.27777777777779,36.05,Medium,1,Normal,-0.0961,
304,UK,2021,DDoS,Banking,97.03,100486,Nation-state,Unpatched Software,Firewall,31,97.03970397039706,10.052269078213548,43.05555555555556,60.15,Medium,1,Normal,-0.0322,
305,Russia,2023,SQL Injection,Education,75.63,195733,Nation-state,Weak Passwords,Antivirus,70,75.63756375637564,19.580446863105035,97.2222222222222,63.14,Medium,1,Normal,-0.0525,
306,Japan,2023,Man-in-the-Middle,Healthcare,64.21,707978,Nation-state,Weak Passwords,VPN,41,64.2164216421642,70.82365063248085,56.94444444444444,64.74,Medium,1,Normal,-0.1081,
307,Brazil,2018,Phishing,Healthcare,99.14,456432,Insider,Weak Passwords,Antivirus,66,99.14991499149916,45.65986585103563,91.66666666666666,81.61,High,-1,Anomaly,0.0083,"High financial_loss_million, High resolution_time_hours, High risk_score"
308,Brazil,2016,Man-in-the-Middle,IT,75.51,37230,Unknown,Social Engineering,AI-based Detection,52,75.51755175517553,3.72435939117778,72.22222222222221,53.32,Medium,1,Normal,-0.0644,
309,UK,2015,DDoS,Government,11.68,890414,Nation-state,Unpatched Software,AI-based Detection,28,11.681168116811682,89.07391197787192,38.88888888888889,40.34,Medium,1,Normal,-0.0567,
310,France,2021,Malware,IT,33.84,440358,Nation-state,Social Engineering,Antivirus,5,33.84338433843384,44.05187893581157,6.944444444444445,31.53,Low,1,Normal,-0.0626,
311,India,2022,Malware,Healthcare,38.89,400752,Insider,Unpatched Software,Antivirus,36,38.893889388938895,40.089832788967975,50.0,41.47,Medium,1,Normal,-0.1213,
312,France,2018,Phishing,Banking,89.77,134364,Nation-state,Zero-day,Antivirus,63,89.77897789778979,13.441306076718002,87.5,66.42,High,1,Normal,-0.036,
313,Germany,2017,DDoS,Telecommunications,15.01,406483,Insider,Weak Passwords,Antivirus,62,15.011501150115013,40.6631420468471,86.11111111111111,36.93,Medium,1,Normal,-0.0719,
314,Brazil,2018,SQL Injection,IT,98.38,661583,Insider,Social Engineering,Encryption,30,98.3898389838984,66.18245659665777,41.66666666666667,77.38,High,1,Normal,-0.0453,
315,Russia,2015,SQL Injection,Education,23.49,642834,Unknown,Weak Passwords,Antivirus,34,23.49234923492349,64.30687200828302,47.22222222222222,40.48,Medium,1,Normal,-0.0907,
316,Brazil,2017,Ransomware,IT,9.43,493087,Hacker Group,Unpatched Software,Encryption,44,9.43094309430943,49.32670424705017,61.11111111111112,31.74,Low,1,Normal,-0.0798,
317,Brazil,2021,Man-in-the-Middle,IT,97.37,966570,Nation-state,Weak Passwords,Antivirus,32,97.3797379737974,96.6922926868307,44.44444444444444,86.59,High,-1,Anomaly,0.0146,"High financial_loss_million, High affected_users, High risk_score"
318,Russia,2022,Phishing,Telecommunications,73.26,687383,Nation-state,Weak Passwords,VPN,8,73.26732673267328,68.76339864050378,11.11111111111111,59.48,Medium,1,Normal,-0.0731,
319,Germany,2020,Phishing,Retail,78.84,733304,Unknown,Weak Passwords,VPN,19,78.84788478847885,73.35717536900968,26.38888888888889,66.71,High,1,Normal,-0.0821,
320,India,2023,Ransomware,Telecommunications,3.51,661681,Hacker Group,Weak Passwords,AI-based Detection,14,3.5103510351035103,66.19226017496386,19.444444444444446,25.5,Low,1,Normal,-0.045,
321,France,2020,SQL Injection,IT,25.32,644538,Unknown,Social Engineering,Antivirus,57,25.32253225322532,64.47733422699285,79.16666666666666,47.84,Medium,1,Normal,-0.0868,
322,Germany,2015,Phishing,Banking,58.78,861637,Unknown,Social Engineering,VPN,15,58.78587858785879,86.19516123385036,20.833333333333336,59.42,Medium,1,Normal,-0.0836,
323,Brazil,2016,SQL Injection,Telecommunications,73.76,393189,Unknown,Zero-day,Antivirus,37,73.76737673767377,39.33325663867311,51.388888888888886,58.96,Medium,1,Normal,-0.1258,
324,France,2022,SQL Injection,Healthcare,27.06,999545,Hacker Group,Social Engineering,Encryption,47,27.062706270627064,99.99099671380054,65.27777777777779,56.58,Medium,1,Normal,-0.0562,
325,UK,2021,SQL Injection,IT,77.82,935572,Hacker Group,Social Engineering,Encryption,61,77.82778277827782,93.59136084670904,84.72222222222221,83.94,High,1,Normal,-0.0377,
326,France,2016,Ransomware,IT,55.99,724608,Hacker Group,Social Engineering,Antivirus,21,55.995599559956,72.48725784911493,29.166666666666668,55.58,Medium,1,Normal,-0.1098,
327,Brazil,2024,DDoS,Banking,55.73,750979,Unknown,Social Engineering,AI-based Detection,30,55.735573557355735,75.12532074207085,41.66666666666667,58.74,Medium,1,Normal,-0.1147,
328,India,2017,Malware,Telecommunications,7.44,552358,Nation-state,Weak Passwords,AI-based Detection,42,7.440744074407442,55.2559684284764,58.333333333333336,31.96,Low,1,Normal,-0.0801,
329,Australia,2019,Phishing,Banking,37.07,902654,Insider,Social Engineering,Antivirus,9,37.07370737073708,90.29835890099886,12.5,48.13,Medium,1,Normal,-0.0735,
330,UK,2022,Ransomware,Healthcare,75.67,413293,Hacker Group,Zero-day,Antivirus,27,75.67756775677569,41.34439070260645,37.5,57.74,Medium,1,Normal,-0.1188,
331,India,2024,Malware,Retail,56.19,114357,Insider,Zero-day,AI-based Detection,58,56.1956195619562,11.43987555457742,80.55555555555556,47.64,Medium,1,Normal,-0.0778,
332,USA,2018,Malware,Government,70.53,363432,Hacker Group,Zero-day,AI-based Detection,40,70.53705370537054,36.35647011159073,55.55555555555556,57.29,Medium,1,Normal,-0.1285,
333,Japan,2016,SQL Injection,Telecommunications,63.77,304618,Unknown,Unpatched Software,Antivirus,54,63.77637763776378,30.47292261675512,75.0,56.03,Medium,1,Normal,-0.1082,
334,India,2022,SQL Injection,IT,32.73,153154,Hacker Group,Zero-day,VPN,37,32.73327332733273,15.32099216213918,51.388888888888886,31.24,Low,1,Normal,-0.0849,
335,China,2022,Malware,Banking,21.87,741153,Insider,Social Engineering,Encryption,66,21.87218721872188,74.14236196211618,91.66666666666666,51.51,Medium,1,Normal,-0.0679,
336,Japan,2024,Man-in-the-Middle,Healthcare,72.08,261230,Insider,Social Engineering,VPN,19,72.08720872087208,26.132538376507423,26.38888888888889,49.16,Medium,1,Normal,-0.1031,
337,UK,2023,SQL Injection,Telecommunications,53.82,688014,Unknown,Zero-day,Encryption,18,53.82538253825383,68.82652168041335,25.0,52.56,Medium,1,Normal,-0.0943,
338,Australia,2018,DDoS,Education,3.3,45027,Unknown,Social Engineering,Antivirus,68,3.3003300330033,4.50434408559124,94.44444444444444,21.89,Low,-1,Anomaly,0.0359,"Low financial_loss_million, Low affected_users, High resolution_time_hours, Low risk_score"
339,Australia,2021,Malware,Banking,13.99,689681,Nation-state,Weak Passwords,AI-based Detection,62,13.991399139913993,68.99328254813007,86.11111111111111,44.92,Medium,1,Normal,-0.0644,
340,Germany,2024,Malware,Government,93.49,702688,Hacker Group,Unpatched Software,Antivirus,39,93.4993499349935,70.2944574769791,54.16666666666666,78.67,High,1,Normal,-0.0735,
341,China,2016,Man-in-the-Middle,Banking,97.28,86038,Insider,Weak Passwords,Encryption,19,97.2897289728973,8.606941533659786,26.38888888888889,56.5,Medium,1,Normal,-0.0318,
342,Japan,2015,Malware,Education,17.19,899381,Insider,Unpatched Software,Firewall,66,17.191719171917192,89.9709393928784,91.66666666666666,53.92,Medium,1,Normal,-0.043,
343,India,2023,Malware,IT,54.21,157667,Insider,Weak Passwords,VPN,34,54.21542154215422,15.772456946785576,47.22222222222222,41.28,Medium,1,Normal,-0.0916,
344,UK,2021,Malware,Government,64.28,643714,Nation-state,Weak Passwords,VPN,25,64.2864286428643,64.3949041400111,34.72222222222222,58.41,Medium,1,Normal,-0.1126,
345,USA,2023,Ransomware,Education,71.31,3607,Insider,Zero-day,AI-based Detection,7,71.31713171317132,0.3608317035718037,9.722222222222223,37.71,Medium,1,Normal,-0.0121,
346,UK,2017,Phishing,Banking,52.31,259706,Hacker Group,Social Engineering,Antivirus,2,52.31523152315232,25.980082730196525,2.7777777777777777,34.51,Medium,1,Normal,-0.0405,
347,India,2021,Man-in-the-Middle,Retail,40.94,698921,Insider,Weak Passwords,Firewall,72,40.94409440944094,69.91761993127491,100.0,61.45,Medium,1,Normal,-0.0418,
348,Brazil,2024,Ransomware,Government,32.21,482574,Nation-state,Unpatched Software,Firewall,22,32.21322132213222,48.27502038243959,30.55555555555556,36.7,Medium,1,Normal,-0.1014,
349,France,2017,DDoS,IT,20.44,618269,Nation-state,Weak Passwords,VPN,48,20.442044204420444,61.84947505839632,66.66666666666666,42.11,Medium,1,Normal,-0.0863,
350,Russia,2016,Ransomware,Government,59.66,854961,Unknown,Unpatched Software,AI-based Detection,7,59.66596659665967,85.52731747087688,9.722222222222223,57.44,Medium,1,Normal,-0.0641,
351,Brazil,2019,SQL Injection,Education,56.33,595157,Unknown,Zero-day,Encryption,41,56.33563356335634,59.53743116237427,56.94444444444444,57.42,Medium,1,Normal,-0.1247,
352,France,2016,SQL Injection,Government,2.24,813706,Hacker Group,Weak Passwords,VPN,54,2.2402240224022405,81.40031111355644,75.0,40.54,Medium,1,Normal,-0.0409,
353,Brazil,2018,DDoS,Telecommunications,82.05,322527,Nation-state,Weak Passwords,Firewall,46,82.05820582058206,32.26447653393489,63.888888888888886,63.49,Medium,1,Normal,-0.1041,
354,China,2024,DDoS,Healthcare,11.92,557016,Unknown,Zero-day,Firewall,34,11.921192119211922,55.72193850755526,47.22222222222222,32.12,Low,1,Normal,-0.0843,
355,UK,2017,DDoS,Healthcare,54.83,966668,Hacker Group,Weak Passwords,AI-based Detection,15,54.83548354835484,96.70209626513676,20.833333333333336,60.6,Medium,1,Normal,-0.0639,
356,France,2020,SQL Injection,Retail,36.17,813165,Nation-state,Unpatched Software,Antivirus,44,36.17361736173618,81.34619135984634,61.11111111111112,54.71,Medium,1,Normal,-0.1048,
357,France,2018,SQL Injection,Government,80.06,400807,Unknown,Weak Passwords,Firewall,67,80.06800680068007,40.09533479720098,93.05555555555556,70.67,High,1,Normal,-0.0565,
358,Brazil,2023,Man-in-the-Middle,Retail,74.85,549300,Hacker Group,Weak Passwords,Antivirus,26,74.85748574857486,54.95005677072131,36.11111111111111,61.14,Medium,1,Normal,-0.1213,
359,Brazil,2021,Ransomware,Government,74.01,956893,Unknown,Social Engineering,Antivirus,49,74.01740174017402,95.7242393473618,68.05555555555556,79.34,High,1,Normal,-0.0497,
360,India,2015,SQL Injection,Government,46.2,245370,Insider,Social Engineering,AI-based Detection,57,46.20462046204621,24.545959275135424,79.16666666666666,46.3,Medium,1,Normal,-0.0941,
361,Brazil,2017,Malware,IT,9.59,912731,Nation-state,Zero-day,Firewall,4,9.590959095909591,91.30642684579873,5.555555555555555,33.3,Medium,1,Normal,-0.0143,
362,USA,2017,Malware,Telecommunications,81.19,362085,Insider,Weak Passwords,VPN,5,81.1981198119812,36.22172092813877,6.944444444444445,52.85,Medium,1,Normal,-0.0509,
363,Germany,2022,SQL Injection,Telecommunications,42.8,862664,Hacker Group,Zero-day,Firewall,44,42.8042804280428,86.29789873303756,61.11111111111112,59.51,Medium,1,Normal,-0.0943,
364,China,2015,Ransomware,Telecommunications,32.65,313384,Insider,Social Engineering,Antivirus,51,32.653265326532654,31.34984269258279,70.83333333333334,39.9,Medium,1,Normal,-0.0888,
365,Russia,2018,Malware,Banking,17.99,593009,Unknown,Social Engineering,Firewall,27,17.99179917991799,59.322552731747095,37.5,34.29,Medium,1,Normal,-0.0857,
366,Germany,2023,SQL Injection,Banking,30.68,933754,Insider,Social Engineering,Firewall,36,30.683068306830684,93.40949446547992,50.0,53.36,Medium,1,Normal,-0.0771,
367,Japan,2015,DDoS,Government,82.12,55055,Hacker Group,Unpatched Software,VPN,44,82.12821282128213,5.507510241238052,61.11111111111112,54.94,Medium,1,Normal,-0.0644,
368,France,2020,SQL Injection,Education,94.63,481180,Hacker Group,Weak Passwords,AI-based Detection,10,94.63946394639464,48.13556948286124,13.88888888888889,64.54,Medium,1,Normal,-0.0475,
369,Russia,2020,Man-in-the-Middle,Banking,54.03,110260,Unknown,Weak Passwords,VPN,66,54.03540354035405,11.030025959475209,91.66666666666666,48.66,Medium,1,Normal,-0.0606,
370,USA,2020,DDoS,Government,10.54,741592,Insider,Social Engineering,VPN,69,10.541054105410542,74.18627799146688,95.83333333333334,46.69,Medium,1,Normal,-0.047,
371,Russia,2020,Phishing,Education,34.41,928026,Unknown,Social Engineering,VPN,5,34.41344134413441,92.83648531714076,6.944444444444445,46.45,Medium,1,Normal,-0.0474,
372,Germany,2018,SQL Injection,Education,84.27,399014,Nation-state,Zero-day,Firewall,52,84.27842784278428,39.91596932880501,72.22222222222221,68.56,High,1,Normal,-0.1037,
373,China,2018,Ransomware,Retail,35.08,42831,Hacker Group,Social Engineering,Antivirus,42,35.08350835083508,4.284663902324349,58.333333333333336,30.49,Low,1,Normal,-0.0634,
374,UK,2018,Man-in-the-Middle,Healthcare,45.11,545613,Insider,Unpatched Software,VPN,25,45.11451145114512,54.58122214608332,34.72222222222222,45.88,Medium,1,Normal,-0.1112,
375,Australia,2023,Man-in-the-Middle,Retail,92.57,813789,Nation-state,Unpatched Software,Antivirus,27,92.57925792579258,81.40861414416261,37.5,78.21,High,1,Normal,-0.0674,
376,UK,2015,Ransomware,Banking,13.49,345825,Hacker Group,Zero-day,AI-based Detection,6,13.491349134913492,34.595127221435824,8.333333333333332,18.79,Low,1,Normal,-0.0167,
377,UK,2016,Phishing,Education,8.42,29671,Insider,Unpatched Software,Encryption,61,8.420842084208422,2.968183386936232,84.72222222222221,22.05,Low,-1,Anomaly,0.0048,"Low financial_loss_million, Low affected_users, High resolution_time_hours, Low risk_score"
378,Australia,2020,Phishing,Government,92.5,34011,Insider,Unpatched Software,Firewall,9,92.50925092509252,3.402341854776993,12.5,49.78,Medium,1,Normal,-0.0076,
379,USA,2018,SQL Injection,Banking,63.8,341383,Nation-state,Weak Passwords,Antivirus,9,63.80638063806381,34.15076502923567,12.5,44.65,Medium,1,Normal,-0.0738,
380,Japan,2020,Ransomware,Banking,40.86,565080,Unknown,Zero-day,Encryption,6,40.86408640864087,56.52863295102713,8.333333333333332,39.06,Medium,1,Normal,-0.0635,
381,Germany,2019,Malware,Banking,79.24,862136,Hacker Group,Zero-day,VPN,44,79.24792479247925,86.2450794540007,61.11111111111112,77.72,High,1,Normal,-0.083,
382,Japan,2022,Man-in-the-Middle,Retail,37.15,241151,Hacker Group,Social Engineering,Antivirus,56,37.15371537153715,24.123905225407277,77.77777777777779,41.37,Medium,1,Normal,-0.0905,
383,India,2024,Man-in-the-Middle,Government,62.06,321158,Insider,Zero-day,VPN,37,62.06620662066207,32.127526547189724,51.388888888888886,50.95,Medium,1,Normal,-0.1246,
384,France,2023,Phishing,Education,31.03,472386,Nation-state,Zero-day,Encryption,24,31.033103310331036,47.2558483846604,33.33333333333333,36.36,Medium,1,Normal,-0.099,
385,UK,2015,Man-in-the-Middle,Healthcare,82.54,34240,Insider,Weak Passwords,Encryption,45,82.54825482548256,3.42525021632896,62.5,54.8,Medium,1,Normal,-0.0519,
386,USA,2019,Malware,Government,34.4,98018,Insider,Zero-day,VPN,55,34.4034403440344,9.805378963321612,76.38888888888889,35.42,Medium,1,Normal,-0.0738,
387,Japan,2024,Phishing,Education,72.2,555808,Unknown,Weak Passwords,AI-based Detection,4,72.20722072207222,55.6010943994558,5.555555555555555,53.9,Medium,1,Normal,-0.0584,
388,UK,2021,SQL Injection,Healthcare,52.23,449333,Hacker Group,Unpatched Software,Encryption,39,52.23522352235224,44.94970664292467,54.16666666666666,50.44,Medium,1,Normal,-0.1266,
389,UK,2024,Man-in-the-Middle,Retail,7.16,368618,Nation-state,Social Engineering,Firewall,22,7.160716071607161,36.87525946970644,30.55555555555556,20.75,Low,1,Normal,-0.0581,
390,France,2022,Man-in-the-Middle,IT,78.23,310175,Hacker Group,Unpatched Software,AI-based Detection,53,78.23782378237824,31.02882552131528,73.61111111111111,63.15,Medium,1,Normal,-0.0991,
391,UK,2020,Phishing,Retail,25.1,986980,Nation-state,Zero-day,VPN,71,25.102510251025105,98.7340379238422,98.61111111111111,61.89,Medium,1,Normal,-0.0119,
392,UK,2024,DDoS,Retail,88.54,518181,Insider,Zero-day,Antivirus,24,88.54885488548857,51.83702051248705,33.33333333333333,66.49,High,1,Normal,-0.0884,
393,India,2015,Phishing,Retail,49.51,72782,Unknown,Zero-day,Encryption,63,49.51495149514952,7.280857512992242,87.5,44.44,Medium,1,Normal,-0.0468,
394,Russia,2018,DDoS,Telecommunications,4.08,502842,Unknown,Zero-day,VPN,15,4.080408040804081,50.30256043455862,20.833333333333336,21.3,Low,1,Normal,-0.0411,
395,UK,2024,Phishing,Retail,89.31,376586,Unknown,Weak Passwords,AI-based Detection,51,89.31893189318933,37.67235040789888,70.83333333333334,70.13,High,1,Normal,-0.0869,
396,Germany,2023,Phishing,Government,88.55,698597,Unknown,Social Engineering,Antivirus,66,88.55885588558856,69.88520810095686,91.66666666666666,83.58,High,1,Normal,-0.0302,
397,Russia,2015,SQL Injection,Education,5.26,559195,Insider,Weak Passwords,VPN,52,5.26052605260526,55.93991807009559,72.22222222222221,33.86,Medium,1,Normal,-0.0581,
398,India,2024,Ransomware,Retail,17.57,236253,Unknown,Social Engineering,Firewall,38,17.571757175717572,23.63392638312984,52.77777777777778,26.43,Low,1,Normal,-0.0805,
399,Brazil,2016,DDoS,Healthcare,8.01,534847,Nation-state,Zero-day,Firewall,3,8.010801080108012,53.50422904360092,4.166666666666666,20.89,Low,1,Normal,-0.0134,
400,Australia,2016,Malware,Retail,39.86,262611,Unknown,Social Engineering,Antivirus,33,39.86398639863987,26.27068880141252,45.83333333333333,36.98,Medium,1,Normal,-0.0975,
401,Brazil,2021,SQL Injection,Telecommunications,11.61,848702,Unknown,Weak Passwords,Antivirus,48,11.61116111611161,84.9011889339609,66.66666666666666,44.61,Medium,1,Normal,-0.0693,
402,Germany,2017,Man-in-the-Middle,Retail,73.98,609952,Hacker Group,Unpatched Software,VPN,7,73.987398739874,61.01747137705262,9.722222222222223,57.24,Medium,1,Normal,-0.0725,
403,Germany,2022,Man-in-the-Middle,IT,65.86,978868,Insider,Weak Passwords,AI-based Detection,39,65.86658665866587,97.92254172773062,54.16666666666666,73.14,High,1,Normal,-0.0636,
404,Australia,2021,Ransomware,Retail,41.26,659734,Insider,Unpatched Software,Antivirus,54,41.26412641264127,65.99748908351548,75.0,55.43,Medium,1,Normal,-0.1044,
405,Japan,2022,DDoS,Retail,64.38,88354,Nation-state,Social Engineering,AI-based Detection,52,64.38643864386438,8.838626098525962,72.22222222222221,49.29,Medium,1,Normal,-0.0865,
406,Brazil,2022,Phishing,Banking,75.01,771434,Hacker Group,Social Engineering,AI-based Detection,38,75.01750175017503,77.1715676221821,52.77777777777778,71.22,High,1,Normal,-0.1024,
407,Australia,2016,SQL Injection,Banking,1.73,91560,Hacker Group,Weak Passwords,AI-based Detection,35,1.7301730173017302,9.159343160253492,48.61111111111111,13.34,Low,-1,Anomaly,0.0056,"Low financial_loss_million, Low affected_users, Low risk_score"
408,UK,2021,Phishing,Healthcare,1.35,375292,Unknown,Unpatched Software,Firewall,48,1.3501350135013503,37.54290315965327,66.66666666666666,25.27,Low,1,Normal,-0.0346,
409,Japan,2015,SQL Injection,Retail,70.88,43366,Unknown,Weak Passwords,AI-based Detection,43,70.88708870887088,4.3381834369544885,59.72222222222222,48.69,Medium,1,Normal,-0.0773,
410,India,2019,Ransomware,Telecommunications,32.08,429224,Unknown,Social Engineering,AI-based Detection,56,32.083208320832085,42.93807239642469,77.77777777777779,44.48,Medium,1,Normal,-0.0991,
411,Brazil,2017,Phishing,Healthcare,68.99,526227,Hacker Group,Weak Passwords,VPN,62,68.996899689969,52.64191429871903,86.11111111111111,67.51,High,1,Normal,-0.0968,
412,Japan,2024,Man-in-the-Middle,Retail,9.77,621770,Insider,Unpatched Software,AI-based Detection,70,9.770977097709771,62.19970289155542,97.2222222222222,42.99,Medium,1,Normal,-0.0443,
413,India,2019,DDoS,Telecommunications,14.53,857688,Insider,Zero-day,Antivirus,55,14.531453145314533,85.80011704272059,76.38888888888889,48.28,Medium,1,Normal,-0.0634,
414,Brazil,2024,SQL Injection,Banking,33.06,644841,Insider,Weak Passwords,Antivirus,64,33.06330633063307,64.50764529053104,88.88888888888889,53.66,Medium,1,Normal,-0.075,
415,Russia,2024,Man-in-the-Middle,IT,67.61,242847,Unknown,Unpatched Software,VPN,37,67.61676167616763,24.293567152010485,51.388888888888886,51.37,Medium,1,Normal,-0.1211,
416,China,2022,Man-in-the-Middle,IT,85.3,155225,Unknown,Weak Passwords,Antivirus,13,85.3085308530853,15.528167781240152,18.055555555555557,50.92,Medium,1,Normal,-0.0512,
417,Japan,2017,Man-in-the-Middle,Banking,79.68,712646,Nation-state,Unpatched Software,AI-based Detection,50,79.68796879687969,71.290621076693,69.44444444444444,75.12,High,1,Normal,-0.0892,
418,UK,2022,Phishing,Government,61.87,298941,Unknown,Zero-day,Antivirus,13,61.87618761876188,29.90501533059567,18.055555555555557,43.52,Medium,1,Normal,-0.087,
419,Russia,2018,Man-in-the-Middle,Telecommunications,4.92,783480,Insider,Zero-day,AI-based Detection,55,4.92049204920492,78.37660746172352,76.38888888888889,41.25,Medium,1,Normal,-0.0558,
420,Germany,2019,Phishing,Healthcare,99.97,950451,Hacker Group,Weak Passwords,AI-based Detection,29,99.9799979998,95.07980412850692,40.27777777777778,86.57,High,-1,Anomaly,0.0094,"High financial_loss_million, High affected_users, High risk_score"
421,China,2018,Malware,Education,95.42,917848,Insider,Social Engineering,VPN,30,95.42954295429544,91.81831368449484,41.66666666666667,83.59,High,1,Normal,-0.0294,
422,Germany,2016,SQL Injection,Education,42.98,194633,Nation-state,Social Engineering,Antivirus,37,42.98429842984298,19.470406698444933,51.388888888888886,37.61,Medium,1,Normal,-0.1001,
423,Australia,2016,Malware,Telecommunications,68.42,778844,Unknown,Zero-day,Encryption,65,68.42684268426844,77.91283818593787,90.2777777777778,75.64,High,1,Normal,-0.0631,
424,France,2018,SQL Injection,Government,36.14,668774,Unknown,Social Engineering,Firewall,61,36.14361436143614,66.90181916399486,84.72222222222221,55.09,Medium,1,Normal,-0.0887,
425,France,2023,SQL Injection,Healthcare,69.76,824351,Unknown,Zero-day,Firewall,17,69.76697669766978,82.46519979792625,23.61111111111111,64.35,Medium,1,Normal,-0.0845,
426,UK,2020,Phishing,Healthcare,3.02,510974,Unknown,Weak Passwords,Encryption,16,3.020302030203021,51.116057360936736,22.22222222222222,21.29,Low,1,Normal,-0.0378,
427,Australia,2021,Man-in-the-Middle,Healthcare,86.29,404595,Unknown,Social Engineering,AI-based Detection,3,86.2986298629863,40.47427310968503,4.166666666666666,56.12,Medium,1,Normal,-0.0299,
428,Germany,2022,SQL Injection,IT,6.31,742273,Hacker Group,Zero-day,AI-based Detection,67,6.31063106310631,74.25440285704282,93.05555555555556,44.04,Medium,1,Normal,-0.038,
429,China,2016,Phishing,IT,27.46,973388,Nation-state,Zero-day,AI-based Detection,63,27.462746274627463,97.37434163469666,87.5,60.44,Medium,1,Normal,-0.0328,
430,China,2024,DDoS,Government,69.28,890675,Hacker Group,Unpatched Software,Firewall,5,69.28692869286928,89.10002150785037,6.944444444444445,62.76,Medium,1,Normal,-0.0316,
431,Germany,2022,SQL Injection,Education,68.96,710896,Nation-state,Zero-day,Firewall,18,68.96689668966897,71.1155571783701,25.0,60.82,Medium,1,Normal,-0.0873,
432,India,2023,SQL Injection,Retail,2.85,30883,Nation-state,Weak Passwords,AI-based Detection,51,2.8502850285028503,3.089427641088997,70.83333333333334,16.52,Low,-1,Anomaly,0.0113,"Low financial_loss_million, Low affected_users, Low risk_score"
433,UK,2020,SQL Injection,Government,53.76,153355,Unknown,Zero-day,Encryption,57,53.765376537653765,15.34109950131798,79.16666666666666,47.32,Medium,1,Normal,-0.0831,
434,Japan,2020,DDoS,Healthcare,25.83,96706,Insider,Unpatched Software,Firewall,42,25.83258325832583,9.67413105783611,58.333333333333336,27.49,Low,1,Normal,-0.0815,
435,Australia,2016,SQL Injection,IT,43.76,959797,Nation-state,Social Engineering,Antivirus,32,43.76437643764376,96.01474538206443,44.44444444444444,59.58,Medium,1,Normal,-0.0827,
436,China,2024,Phishing,Telecommunications,9.45,501864,Hacker Group,Unpatched Software,Encryption,12,9.450945094509452,50.20472472452445,16.666666666666664,23.12,Low,1,Normal,-0.0563,
437,Japan,2024,Man-in-the-Middle,IT,63.57,358626,Unknown,Weak Passwords,VPN,26,63.57635763576358,35.87569462853942,36.11111111111111,49.77,Medium,1,Normal,-0.1219,
438,Japan,2017,Man-in-the-Middle,Healthcare,11.3,64472,Insider,Social Engineering,Firewall,43,11.301130113011302,6.449554087241843,59.72222222222222,19.53,Low,1,Normal,-0.0288,
439,India,2023,DDoS,Education,82.11,23683,Hacker Group,Weak Passwords,Encryption,69,82.11821182118211,2.369164745131973,95.83333333333334,60.94,Medium,1,Normal,-0.0046,
440,USA,2017,Man-in-the-Middle,IT,5.21,22635,Unknown,Unpatched Software,AI-based Detection,8,5.210521052105211,2.264326479164895,11.11111111111111,5.51,Low,-1,Anomaly,0.0585,"Low financial_loss_million, Low affected_users, Low resolution_time_hours, Low risk_score"
441,UK,2017,SQL Injection,Government,98.75,894933,Insider,Weak Passwords,Antivirus,59,98.75987598759876,89.52597698159829,81.94444444444444,92.63,High,-1,Anomaly,0.0244,"High financial_loss_million, High affected_users, High resolution_time_hours, High risk_score"
442,UK,2023,Malware,Banking,55.34,259176,Unknown,Unpatched Software,VPN,3,55.34553455345536,25.92706337813302,4.166666666666666,36.28,Medium,1,Normal,-0.0456,
443,China,2022,Man-in-the-Middle,Banking,12.36,987115,Unknown,Social Engineering,Encryption,55,12.36123612361236,98.7475428531414,76.38888888888889,51.08,Medium,1,Normal,-0.0365,
444,France,2022,DDoS,Healthcare,6.48,727601,Insider,Social Engineering,Encryption,50,6.480648064806481,72.78666713350373,69.44444444444444,38.97,Medium,1,Normal,-0.0475,
445,UK,2021,Phishing,Retail,56.53,542850,Nation-state,Zero-day,Antivirus,41,56.53565356535653,54.30482125975982,56.94444444444444,55.95,Medium,1,Normal,-0.1295,
446,India,2023,Ransomware,Education,41.15,352194,Nation-state,Unpatched Software,Firewall,10,41.15411541154116,35.232259774817805,13.88888888888889,33.92,Medium,1,Normal,-0.0754,
447,France,2019,Malware,Healthcare,39.83,571521,Nation-state,Weak Passwords,Antivirus,8,39.83398339833983,57.17296813336869,11.11111111111111,39.29,Medium,1,Normal,-0.0659,
448,Brazil,2023,SQL Injection,Healthcare,47.59,933271,Insider,Unpatched Software,Antivirus,30,47.5947594759476,93.3611768295428,41.66666666666667,60.14,Medium,1,Normal,-0.0921,
449,Brazil,2022,Phishing,Banking,98.06,884502,Insider,Unpatched Software,AI-based Detection,55,98.06980698069808,88.48249611108055,76.38888888888889,90.86,High,-1,Anomaly,0.0196,"High financial_loss_million, High affected_users, High resolution_time_hours, High risk_score"
450,China,2015,Ransomware,IT,57.27,762001,Nation-state,Social Engineering,VPN,67,57.27572757275728,76.22792319196506,93.05555555555556,70.12,High,1,Normal,-0.0549,
451,France,2016,DDoS,Government,82.49,351330,Nation-state,Weak Passwords,VPN,57,82.4982498249825,35.145828227302964,79.16666666666666,67.63,High,1,Normal,-0.0902,
452,Australia,2023,Malware,Healthcare,37.73,158107,Unknown,Unpatched Software,AI-based Detection,43,37.73377337733773,15.816473012649618,59.72222222222222,35.56,Medium,1,Normal,-0.095,
453,USA,2016,SQL Injection,Government,77.45,632319,Unknown,Weak Passwords,AI-based Detection,47,77.45774577457748,63.25498807064579,65.27777777777779,70.76,High,1,Normal,-0.0938,
454,India,2017,DDoS,Government,75.52,352250,Insider,Zero-day,VPN,39,75.52755275527552,35.237861819564145,54.16666666666666,59.17,Medium,1,Normal,-0.126,
455,France,2018,Ransomware,Telecommunications,11.28,504165,Hacker Group,Zero-day,AI-based Detection,55,11.28112811281128,50.43490874169072,76.38888888888889,36.05,Medium,1,Normal,-0.072,
456,Brazil,2024,DDoS,Telecommunications,36.69,738981,Unknown,Social Engineering,VPN,45,36.693669366936696,73.92508265516913,62.5,53.02,Medium,1,Normal,-0.0986,
457,UK,2021,Ransomware,Banking,79.33,555527,Unknown,Unpatched Software,Firewall,33,79.33793379337935,55.57298413921081,45.83333333333333,65.51,Medium,1,Normal,-0.1039,
458,Russia,2019,SQL Injection,Banking,59.78,681856,Insider,Zero-day,VPN,52,59.78597859785979,68.21049683134343,72.22222222222221,64.8,Medium,1,Normal,-0.0942,
459,Germany,2024,DDoS,Retail,38.65,197609,Nation-state,Social Engineering,VPN,15,38.653865386538655,19.76811536210717,20.833333333333336,29.42,Low,1,Normal,-0.0724,
460,USA,2018,Man-in-the-Middle,Banking,85.29,685291,Hacker Group,Social Engineering,Encryption,53,85.29852985298531,68.55412225462294,73.61111111111111,77.94,High,1,Normal,-0.0765,
461,Japan,2024,Ransomware,Retail,37.49,835730,Insider,Zero-day,VPN,14,37.49374937493749,83.60351528307832,19.444444444444446,47.72,Medium,1,Normal,-0.0926,
462,Germany,2016,Phishing,Education,48.57,907547,Unknown,Unpatched Software,Firewall,33,48.57485748574858,90.78783756070966,45.83333333333333,60.69,Medium,1,Normal,-0.0972,
463,France,2019,Phishing,Retail,3.0,298096,Unknown,Social Engineering,Firewall,16,3.0003000300030007,29.820484476834046,22.22222222222222,14.89,Low,1,Normal,-0.0108,
464,UK,2023,Phishing,Retail,33.06,18579,Unknown,Social Engineering,VPN,13,33.06330633063307,1.8585783811091048,18.055555555555557,20.7,Low,1,Normal,-0.0151,
465,UK,2021,Malware,Education,70.9,490771,Nation-state,Weak Passwords,Antivirus,70,70.90709070907091,49.095019682184,97.2222222222222,69.63,High,1,Normal,-0.0478,
466,Germany,2020,Phishing,Healthcare,38.12,394577,Nation-state,Unpatched Software,Encryption,33,38.123812381238125,39.47210731917149,45.83333333333333,40.07,Medium,1,Normal,-0.1162,
467,India,2021,DDoS,Telecommunications,35.19,155426,Nation-state,Zero-day,Firewall,16,35.193519351935194,15.548275120418952,22.22222222222222,26.71,Low,1,Normal,-0.0657,
468,Russia,2017,Ransomware,Education,88.9,444399,Insider,Zero-day,Encryption,38,88.90889088908892,44.45612648616745,52.77777777777778,68.35,High,1,Normal,-0.096,
469,Japan,2015,Man-in-the-Middle,Healthcare,7.96,770028,Unknown,Unpatched Software,Firewall,58,7.960796079607961,77.03091628444382,80.55555555555556,43.2,Medium,1,Normal,-0.0572,
470,Brazil,2023,Ransomware,Retail,66.38,608520,Hacker Group,Zero-day,VPN,14,66.38663866386638,60.87421908996784,19.444444444444446,55.34,Medium,1,Normal,-0.0912,
471,Australia,2020,DDoS,Healthcare,91.45,471113,Hacker Group,Unpatched Software,AI-based Detection,71,91.45914591459146,47.12850190319466,98.61111111111111,79.59,High,1,Normal,-0.0001,
472,Germany,2015,Man-in-the-Middle,Retail,63.65,311253,Nation-state,Weak Passwords,AI-based Detection,36,63.65636563656366,31.13666488268218,50.0,51.17,Medium,1,Normal,-0.1182,
473,Brazil,2023,DDoS,IT,84.19,390409,Insider,Zero-day,AI-based Detection,31,84.19841984198419,39.055155131623046,43.05555555555556,62.43,Medium,1,Normal,-0.1128,
474,China,2015,SQL Injection,IT,28.35,604786,Unknown,Zero-day,VPN,34,28.352835283528357,60.50068274920346,47.22222222222222,41.77,Medium,1,Normal,-0.1025,
475,China,2024,SQL Injection,Government,84.23,568377,Unknown,Social Engineering,Antivirus,38,84.23842384238425,56.85845333546744,52.77777777777778,69.73,High,1,Normal,-0.1035,
476,Russia,2020,SQL Injection,Telecommunications,29.89,267678,Insider,Zero-day,AI-based Detection,13,29.89298929892989,26.777573814442277,18.055555555555557,26.59,Low,1,Normal,-0.0764,
477,Australia,2020,Malware,Education,5.95,592485,Insider,Weak Passwords,Firewall,10,5.950595059505951,59.27013359876355,13.88888888888889,23.53,Low,1,Normal,-0.0404,
478,USA,2018,DDoS,Government,84.85,639011,Insider,Weak Passwords,Firewall,26,84.85848584858485,63.92443241783251,36.11111111111111,68.83,High,1,Normal,-0.0985,
479,China,2023,Man-in-the-Middle,Telecommunications,28.82,446243,Unknown,Zero-day,Firewall,66,28.822882288228826,44.64059381674311,91.66666666666666,46.14,Medium,1,Normal,-0.0803,
480,Germany,2016,DDoS,Government,22.48,10438,Nation-state,Unpatched Software,Encryption,10,22.482248224822484,1.0441811261110303,13.88888888888889,14.33,Low,-1,Anomaly,0.0148,"Low financial_loss_million, Low affected_users, Low resolution_time_hours, Low risk_score"
481,Brazil,2023,SQL Injection,IT,97.37,796195,Nation-state,Social Engineering,Firewall,20,97.3797379737974,79.64857172868098,27.77777777777778,78.14,High,1,Normal,-0.0481,
482,Australia,2020,SQL Injection,Telecommunications,53.32,55392,Unknown,Zero-day,VPN,44,53.32533253325333,5.541222546229374,61.11111111111112,40.55,Medium,1,Normal,-0.0785,
483,Germany,2016,DDoS,IT,63.11,579291,Hacker Group,Unpatched Software,Encryption,6,63.11631163116312,57.95025184192231,8.333333333333332,50.61,Medium,1,Normal,-0.0678,
484,Germany,2023,Malware,Banking,70.19,791366,Unknown,Unpatched Software,Firewall,61,70.19701970197019,79.16549540582312,84.72222222222221,75.79,High,1,Normal,-0.0775,
485,France,2022,Malware,IT,92.29,727826,Unknown,Weak Passwords,Encryption,63,92.29922992299232,72.80917534900239,87.5,85.49,High,1,Normal,-0.0299,
486,Russia,2023,Malware,IT,98.07,608695,Nation-state,Unpatched Software,AI-based Detection,31,98.07980798079808,60.89172547980013,43.05555555555556,75.92,High,1,Normal,-0.0429,
487,Australia,2019,SQL Injection,Retail,13.96,496667,Unknown,Zero-day,Antivirus,45,13.961396139613964,49.68483496476214,62.5,34.39,Medium,1,Normal,-0.0849,
488,Japan,2024,Malware,Retail,56.9,353887,Unknown,Weak Passwords,Antivirus,59,56.90569056905691,35.40162159188104,81.94444444444444,55.46,Medium,1,Normal,-0.0963,
489,China,2019,Ransomware,Banking,32.69,713584,Insider,Weak Passwords,Firewall,26,32.69326932693269,71.38445532619406,36.11111111111111,44.98,Medium,1,Normal,-0.107,
490,India,2017,DDoS,IT,70.09,417831,Unknown,Unpatched Software,Encryption,36,70.0970097009701,41.79835640008604,50.0,57.59,Medium,1,Normal,-0.1264,
491,USA,2019,Ransomware,Banking,22.62,51219,Unknown,Zero-day,Encryption,36,22.622262226222624,5.123770176114282,50.0,22.85,Low,1,Normal,-0.0456,
492,UK,2017,Ransomware,Retail,47.91,153257,Insider,Zero-day,Encryption,59,47.91479147914791,15.3312959230119,81.94444444444444,44.95,Medium,1,Normal,-0.076,
493,Russia,2017,Phishing,Retail,20.58,768022,Unknown,Zero-day,VPN,64,20.58205820582058,76.83024303870913,88.88888888888889,51.12,Medium,1,Normal,-0.0744,
494,France,2024,Phishing,Banking,26.29,314347,Hacker Group,Unpatched Software,Antivirus,28,26.29262926292629,31.44617785491705,38.88888888888889,30.36,Low,1,Normal,-0.0933,
495,Germany,2020,Phishing,IT,33.51,649406,Insider,Social Engineering,Firewall,27,33.513351335133514,64.96431197387047,37.5,43.75,Medium,1,Normal,-0.1065,
496,Japan,2023,Phishing,Education,68.28,744595,Insider,Zero-day,Antivirus,44,68.28682868286829,74.48668764098896,61.11111111111112,68.71,High,1,Normal,-0.1052,
497,Brazil,2021,DDoS,Banking,14.72,126781,Insider,Weak Passwords,Antivirus,32,14.721472147214724,12.682729196156597,44.44444444444444,20.05,Low,1,Normal,-0.0486,
498,France,2015,Phishing,Retail,44.29,427167,Insider,Unpatched Software,Encryption,11,44.29442944294429,42.73229728851031,15.27777777777778,38.02,Medium,1,Normal,-0.0926,
499,Australia,2023,Ransomware,Retail,41.54,396865,Insider,Social Engineering,AI-based Detection,42,41.54415441544155,39.70099086166451,58.333333333333336,44.35,Medium,1,Normal,-0.123,
500,UK,2019,Phishing,Telecommunications,90.67,902952,Unknown,Weak Passwords,Encryption,8,90.67906790679068,90.32816978197044,11.11111111111111,74.66,High,1,Normal,-0.0154,
501,USA,2023,Ransomware,IT,34.94,632075,Insider,Social Engineering,Encryption,64,34.94349434943494,63.23057916139391,88.88888888888889,54.22,Medium,1,Normal,-0.0774,
502,France,2017,SQL Injection,Healthcare,83.73,728486,Nation-state,Social Engineering,Encryption,61,83.73837383738375,72.87519944779845,84.72222222222221,80.68,High,1,Normal,-0.0604,
503,Australia,2018,DDoS,Education,64.62,109439,Insider,Zero-day,Antivirus,32,64.62646264626464,10.947895982033442,44.44444444444444,44.49,Medium,1,Normal,-0.0795,
504,India,2018,Malware,Education,86.38,1174,Insider,Weak Passwords,VPN,23,86.38863886388638,0.1174428666463259,31.944444444444443,49.62,Medium,1,Normal,-0.0398,
505,Russia,2024,Phishing,Education,25.7,953987,Insider,Social Engineering,AI-based Detection,65,25.7025702570257,95.43353323963248,90.2777777777778,59.54,Medium,1,Normal,-0.0392,
506,Brazil,2021,DDoS,Government,56.2,713309,Hacker Group,Zero-day,Antivirus,51,56.20562056205621,71.35694528502904,70.83333333333334,63.68,Medium,1,Normal,-0.1025,
507,Russia,2021,DDoS,Healthcare,11.38,334528,Insider,Weak Passwords,VPN,5,11.381138113811383,33.46501473037659,6.944444444444445,17.12,Low,1,Normal,-0.0077,
508,USA,2016,Phishing,IT,92.53,219826,Nation-state,Social Engineering,Antivirus,38,92.53925392539256,21.990626578701225,52.77777777777778,63.42,Medium,1,Normal,-0.0649,
509,USA,2015,SQL Injection,Telecommunications,88.6,916744,Nation-state,Social Engineering,Antivirus,47,88.6088608860886,91.70787337378144,65.27777777777779,84.87,High,1,Normal,-0.0378,
510,USA,2017,Man-in-the-Middle,IT,30.4,568560,Hacker Group,Zero-day,AI-based Detection,49,30.403040304030405,56.87676001740636,68.05555555555556,45.88,Medium,1,Normal,-0.1058,
511,UK,2019,Malware,Education,90.7,440178,Insider,Unpatched Software,VPN,15,90.70907090709072,44.03387236341265,20.833333333333336,62.73,Medium,1,Normal,-0.0735,
512,Japan,2023,SQL Injection,Healthcare,45.38,172628,Insider,Weak Passwords,Encryption,4,45.384538453845394,17.26910322267628,5.555555555555555,28.98,Low,1,Normal,-0.0492,
513,USA,2022,Ransomware,Government,71.33,257989,Unknown,Unpatched Software,AI-based Detection,68,71.33713371337134,25.80832003681344,94.44444444444444,62.3,Medium,1,Normal,-0.0703,
514,Japan,2021,Phishing,Healthcare,9.42,573560,Hacker Group,Social Engineering,Antivirus,9,9.42094209420942,57.37694258404318,12.5,24.42,Low,1,Normal,-0.0488,
515,Brazil,2018,Malware,Education,5.27,850056,Hacker Group,Weak Passwords,VPN,65,5.270527052705271,85.03663837300614,90.2777777777778,46.2,Medium,1,Normal,-0.0382,
516,Australia,2018,DDoS,Retail,41.59,860119,Nation-state,Unpatched Software,Encryption,30,41.5941594159416,86.04330580661941,41.66666666666667,54.94,Medium,1,Normal,-0.1062,
517,USA,2015,SQL Injection,Education,98.78,140958,Insider,Social Engineering,AI-based Detection,51,98.7898789878988,14.100946845598644,70.83333333333334,67.79,High,1,Normal,-0.005,
518,China,2015,DDoS,Telecommunications,61.24,965727,Nation-state,Zero-day,AI-based Detection,32,61.24612461246125,96.60796190609572,44.44444444444444,68.49,High,1,Normal,-0.0576,
519,Russia,2015,Malware,Telecommunications,69.34,20269,Unknown,Social Engineering,VPN,36,69.34693469346935,2.0276400886323507,50.0,45.28,Medium,1,Normal,-0.0564,
520,Germany,2015,DDoS,Retail,7.84,323011,Nation-state,Social Engineering,Encryption,25,7.84078407840784,32.31289420638533,34.72222222222222,20.56,Low,1,Normal,-0.058,
521,USA,2016,Ransomware,Retail,57.17,50321,Nation-state,Social Engineering,Antivirus,25,57.175717571757176,5.033937387146308,34.72222222222222,37.04,Medium,1,Normal,-0.075,
522,Russia,2020,DDoS,Banking,33.99,851863,Insider,Weak Passwords,Firewall,25,33.993399339934,85.2174043525887,34.72222222222222,49.51,Medium,1,Normal,-0.1028,
523,China,2024,DDoS,IT,22.45,704925,Unknown,Unpatched Software,AI-based Detection,52,22.452245224522454,70.51823915729241,72.22222222222221,46.83,Medium,1,Normal,-0.0954,
524,France,2018,Ransomware,Banking,27.78,355077,Nation-state,Unpatched Software,VPN,65,27.782778277827784,35.5206650427406,90.2777777777778,42.6,Medium,1,Normal,-0.0751,
525,Australia,2022,Malware,Education,47.12,866057,Unknown,Social Engineering,Antivirus,17,47.12471247124713,86.63732262275731,23.61111111111111,54.28,Medium,1,Normal,-0.0859,
526,Germany,2016,SQL Injection,Telecommunications,48.77,169455,Insider,Zero-day,Antivirus,23,48.77487748774878,16.95168736588855,31.944444444444443,35.86,Medium,1,Normal,-0.0842,
527,India,2023,SQL Injection,IT,92.35,380022,Unknown,Unpatched Software,Encryption,30,92.35923592359237,38.0160758676917,41.66666666666667,65.92,Medium,1,Normal,-0.0893,
528,USA,2019,SQL Injection,Retail,88.98,898679,Insider,Zero-day,Firewall,35,88.988898889889,89.90071376052259,48.61111111111111,81.19,High,1,Normal,-0.0509,
529,Japan,2020,Ransomware,IT,61.69,704157,Unknown,Zero-day,Antivirus,42,61.6961696169617,70.441411115057,58.333333333333336,63.65,Medium,1,Normal,-0.107,
530,Russia,2022,Malware,Telecommunications,84.57,262201,Nation-state,Weak Passwords,Encryption,54,84.57845784578457,26.229673830948297,75.0,65.16,Medium,1,Normal,-0.092,
531,Brazil,2021,DDoS,Telecommunications,67.87,683261,Hacker Group,Unpatched Software,Antivirus,13,67.87678767876788,68.3510481325684,18.055555555555557,58.05,Medium,1,Normal,-0.091,
532,USA,2022,Phishing,IT,59.7,382379,Nation-state,Unpatched Software,Firewall,2,59.70597059705971,38.25186192960431,2.7777777777777777,41.88,Medium,1,Normal,-0.0442,
533,Germany,2024,Phishing,Government,90.21,510657,Nation-state,Social Engineering,VPN,62,90.21902190219022,51.08434578621197,86.11111111111111,77.66,High,1,Normal,-0.0549,
534,UK,2018,SQL Injection,Education,16.23,912558,Nation-state,Unpatched Software,Antivirus,69,16.231623162316232,91.28912052899308,95.83333333333334,54.67,Medium,1,Normal,-0.0336,
535,UK,2020,Ransomware,Banking,16.91,952504,Hacker Group,Zero-day,AI-based Detection,45,16.911691169116914,95.285179090368,62.5,49.54,Medium,1,Normal,-0.0523,
536,France,2015,Phishing,Government,41.88,913027,Insider,Unpatched Software,Antivirus,68,41.88418841884189,91.33603765374362,94.44444444444444,67.23,High,1,Normal,-0.035,
537,Brazil,2019,Malware,Government,31.04,269271,Insider,Unpatched Software,Antivirus,58,31.04310431043104,26.93693198017276,80.55555555555556,39.71,Medium,1,Normal,-0.0829,
538,India,2016,Ransomware,Healthcare,37.12,113404,Hacker Group,Social Engineering,Antivirus,11,37.12371237123712,11.344540757376445,15.27777777777778,25.02,Low,1,Normal,-0.0508,
539,Russia,2023,DDoS,Healthcare,46.2,310868,Hacker Group,Weak Passwords,Antivirus,10,46.20462046204621,31.098150825051142,13.88888888888889,35.21,Medium,1,Normal,-0.0781,
540,Japan,2024,Man-in-the-Middle,Telecommunications,98.3,458630,Insider,Social Engineering,Antivirus,14,98.30983098309832,45.879746107329176,19.444444444444446,66.81,High,1,Normal,-0.0335,
541,USA,2024,Ransomware,IT,16.61,912183,Unknown,Weak Passwords,Encryption,44,16.611661166116612,91.25160683649533,61.11111111111112,47.9,Medium,1,Normal,-0.0612,
542,Brazil,2017,Man-in-the-Middle,IT,71.06,871891,Unknown,Social Engineering,Antivirus,52,71.06710671067107,87.22093564150916,72.22222222222221,76.14,High,1,Normal,-0.0769,
543,USA,2016,SQL Injection,Government,14.17,863298,Nation-state,Unpatched Software,VPN,15,14.171417141714173,86.3613218824871,20.833333333333336,37.16,Medium,1,Normal,-0.0478,
544,Australia,2018,Malware,Healthcare,82.65,434626,Unknown,Social Engineering,AI-based Detection,29,82.65826582658266,43.47846964141912,40.27777777777778,62.43,Medium,1,Normal,-0.1113,
545,Australia,2018,Ransomware,IT,78.27,195490,Unknown,Zero-day,Antivirus,63,78.27782778277827,19.556137990366484,87.5,62.51,Medium,1,Normal,-0.0612,
546,UK,2022,Ransomware,Retail,10.44,19404,Nation-state,Unpatched Software,Firewall,32,10.44104410441044,1.9411085046041805,44.44444444444444,14.69,Low,-1,Anomaly,0.0001,"Low financial_loss_million, Low affected_users, Low risk_score"
547,Russia,2019,Ransomware,Healthcare,21.95,217438,Hacker Group,Social Engineering,Firewall,14,21.952195219521958,21.75173938487548,19.444444444444446,21.39,Low,1,Normal,-0.0673,
548,India,2018,Malware,Healthcare,30.83,481452,Unknown,Weak Passwords,AI-based Detection,57,30.833083308330835,48.16277941448629,79.16666666666666,45.7,Medium,1,Normal,-0.0971,
549,UK,2020,SQL Injection,Education,35.57,386093,Unknown,Unpatched Software,VPN,42,35.57355735573557,38.62339754010214,58.333333333333336,41.04,Medium,1,Normal,-0.1197,
550,France,2019,Man-in-the-Middle,Banking,28.29,929020,Nation-state,Weak Passwords,Antivirus,2,28.29282928292829,92.93592161138815,2.7777777777777777,42.58,Medium,1,Normal,-0.0033,
551,USA,2022,Malware,IT,4.06,863756,Nation-state,Unpatched Software,AI-based Detection,66,4.06040604060406,86.40713860559104,91.66666666666666,46.29,Medium,1,Normal,-0.0298,
552,China,2018,Ransomware,Telecommunications,58.28,300898,Nation-state,Unpatched Software,Encryption,18,58.28582858285829,30.10078678717732,25.0,43.17,Medium,1,Normal,-0.0974,
553,Japan,2017,SQL Injection,Healthcare,7.31,191328,Insider,Weak Passwords,Encryption,51,7.310731073107311,19.139786021897997,70.83333333333334,23.56,Low,1,Normal,-0.0458,
554,Germany,2021,Man-in-the-Middle,Banking,37.69,361849,Hacker Group,Zero-day,Firewall,63,37.693769376937695,36.19811231099352,87.5,47.21,Medium,1,Normal,-0.0797,
555,Brazil,2016,Phishing,Retail,27.99,30884,Nation-state,Unpatched Software,Antivirus,26,27.992799279927997,3.089527677602325,36.11111111111111,22.15,Low,1,Normal,-0.0472,
556,Brazil,2024,Ransomware,IT,71.55,902924,Unknown,Social Engineering,Encryption,12,71.55715571557157,90.32536875959724,16.666666666666664,66.21,High,1,Normal,-0.068,
557,Brazil,2024,Man-in-the-Middle,Telecommunications,27.13,943178,Nation-state,Weak Passwords,VPN,63,27.13271327132713,94.35223856707698,87.5,59.37,Medium,1,Normal,-0.0418,
558,Australia,2021,SQL Injection,Telecommunications,10.28,994468,Insider,Unpatched Software,Antivirus,8,10.281028102810282,99.4831113356375,11.11111111111111,37.21,Medium,-1,Anomaly,0.0044,"Low financial_loss_million, High affected_users, Low resolution_time_hours"
559,China,2022,Phishing,Retail,31.35,131361,Insider,Weak Passwords,Firewall,39,31.353135313531357,13.140896427195928,54.16666666666666,30.45,Low,1,Normal,-0.0865,
560,China,2023,Malware,Telecommunications,80.1,237658,Unknown,Zero-day,Antivirus,26,80.10801080108011,23.77447768435479,36.11111111111111,54.41,Medium,1,Normal,-0.1045,
561,USA,2017,Ransomware,Banking,42.19,157313,Hacker Group,Unpatched Software,Antivirus,47,42.19421942194219,15.737044021067687,65.27777777777779,38.87,Medium,1,Normal,-0.0968,
562,UK,2021,Man-in-the-Middle,Education,40.98,414340,Insider,Unpatched Software,AI-based Detection,10,40.98409840984098,41.449128932060205,13.88888888888889,35.7,Medium,1,Normal,-0.0874,
563,France,2020,DDoS,Healthcare,58.8,153523,Insider,Social Engineering,Encryption,22,58.8058805880588,15.357905635556978,30.55555555555556,40.12,Medium,1,Normal,-0.0845,
564,UK,2019,Phishing,IT,3.33,232665,Unknown,Social Engineering,AI-based Detection,65,3.3303330333033307,23.274995373311256,90.2777777777778,26.7,Low,1,Normal,-0.0103,
565,Germany,2022,Phishing,Government,58.98,383945,Nation-state,Zero-day,Encryption,49,58.98589858985899,38.40851910947496,68.05555555555556,54.63,Medium,1,Normal,-0.1168,
566,Brazil,2023,Ransomware,Government,4.6,762006,Unknown,Weak Passwords,Antivirus,21,4.6004600460046,76.2284233745317,29.166666666666668,31.0,Low,1,Normal,-0.0394,
567,Germany,2019,SQL Injection,Government,96.91,408103,Nation-state,Unpatched Software,Firewall,27,96.91969196919692,40.82520119843743,37.5,68.21,High,1,Normal,-0.068,
568,France,2022,Phishing,Healthcare,85.91,44837,Unknown,Zero-day,AI-based Detection,18,85.91859185918592,4.485337148059042,25.0,49.3,Medium,1,Normal,-0.043,
569,Germany,2023,DDoS,Telecommunications,51.49,642699,Unknown,Social Engineering,Firewall,51,51.4951495149515,64.29336707898383,70.83333333333334,59.2,Medium,1,Normal,-0.1061,
570,UK,2021,Ransomware,Telecommunications,3.99,634820,Insider,Unpatched Software,Encryption,33,3.9903990399039904,63.50517939047753,45.83333333333333,30.21,Low,1,Normal,-0.0561,
571,France,2021,Malware,Retail,3.44,887718,Insider,Zero-day,Antivirus,55,3.4403440344034406,88.80421353794135,76.38888888888889,43.64,Medium,1,Normal,-0.0449,
572,USA,2020,DDoS,Education,52.7,541631,Unknown,Zero-day,AI-based Detection,30,52.705270527052704,54.18287675001376,41.66666666666667,50.94,Medium,1,Normal,-0.1141,
573,USA,2016,Ransomware,Retail,11.58,523522,Unknown,Weak Passwords,Encryption,57,11.581158115811585,52.37131553016852,79.16666666666666,37.34,Medium,1,Normal,-0.075,
574,Russia,2021,DDoS,Government,91.69,686309,Unknown,Unpatched Software,Antivirus,42,91.69916991699168,68.65595942519019,58.333333333333336,78.11,High,1,Normal,-0.0771,
575,India,2015,Man-in-the-Middle,Education,79.89,416328,Nation-state,Zero-day,Encryption,55,79.8979897989799,41.648001520555,76.38888888888889,67.72,High,1,Normal,-0.1,
576,India,2021,Man-in-the-Middle,IT,53.49,582718,Hacker Group,Social Engineering,Encryption,20,53.4953495349535,58.29307697309518,27.77777777777778,49.79,Medium,1,Normal,-0.1113,
577,Japan,2021,Man-in-the-Middle,Telecommunications,18.91,549640,Nation-state,Social Engineering,Encryption,17,18.91189118911891,54.984069185252615,23.61111111111111,30.67,Low,1,Normal,-0.0854,
578,USA,2024,DDoS,Retail,15.34,1068,Insider,Social Engineering,Firewall,3,15.341534153415342,0.1068389962336252,4.166666666666666,8.54,Low,-1,Anomaly,0.0724,"Low financial_loss_million, Low affected_users, Low resolution_time_hours, Low risk_score"
579,France,2018,DDoS,Telecommunications,12.72,959835,Unknown,Zero-day,Firewall,38,12.721272127212725,96.01854676957088,52.77777777777778,45.72,Medium,1,Normal,-0.0433,
580,USA,2024,Ransomware,Retail,46.59,227390,Insider,Weak Passwords,AI-based Detection,40,46.594659465946606,22.74730276550941,55.55555555555556,41.23,Medium,1,Normal,-0.1065,
581,France,2021,SQL Injection,Banking,62.9,577763,Insider,Zero-day,AI-based Detection,43,62.90629062906291,57.79739604955809,59.72222222222222,60.74,Medium,1,Normal,-0.1285,
582,Japan,2018,SQL Injection,Healthcare,85.33,786644,Nation-state,Unpatched Software,Antivirus,41,85.33853385338534,78.69312298989131,56.94444444444444,77.67,High,1,Normal,-0.0789,
583,China,2016,Malware,Healthcare,85.15,454802,Insider,Unpatched Software,Antivirus,48,85.15851585158516,45.496806334312026,66.66666666666666,69.56,High,1,Normal,-0.0977,
584,China,2024,DDoS,Healthcare,53.53,371685,Unknown,Social Engineering,VPN,34,53.535353535353536,37.182071456081474,47.22222222222222,47.37,Medium,1,Normal,-0.115,
585,India,2023,Ransomware,Retail,4.32,217534,Unknown,Unpatched Software,VPN,48,4.320432043204321,21.761342890154907,66.66666666666666,22.02,Low,1,Normal,-0.0486,
586,Australia,2024,Man-in-the-Middle,Telecommunications,31.68,376612,Nation-state,Unpatched Software,VPN,27,31.683168316831683,37.6749513572454,37.5,34.64,Medium,1,Normal,-0.1061,
587,UK,2020,Phishing,Banking,84.77,812206,Hacker Group,Unpatched Software,Encryption,39,84.77847784778479,81.2502563435654,54.16666666666666,77.6,High,1,Normal,-0.0857,
588,Australia,2021,Man-in-the-Middle,Banking,82.87,255967,Unknown,Social Engineering,VPN,23,82.87828782878289,25.606046206865507,31.944444444444443,55.51,Medium,1,Normal,-0.102,
589,USA,2023,DDoS,Healthcare,5.32,463332,Unknown,Weak Passwords,Encryption,16,5.320532053205321,46.350117792994446,22.22222222222222,21.01,Low,1,Normal,-0.051,
590,Australia,2023,DDoS,IT,31.48,771547,Hacker Group,Zero-day,Antivirus,5,31.48314831483148,77.18287174818809,6.944444444444445,40.29,Medium,1,Normal,-0.0496,
591,UK,2020,DDoS,Retail,86.0,809209,Unknown,Social Engineering,Encryption,26,86.00860086008602,80.95044691312329,36.11111111111111,74.51,High,1,Normal,-0.0786,
592,India,2024,DDoS,Retail,35.47,342575,Insider,Social Engineering,Firewall,49,35.47354735473547,34.27000855312189,68.05555555555556,41.63,Medium,1,Normal,-0.1029,
593,Japan,2024,Phishing,Retail,94.75,478963,Insider,Zero-day,VPN,70,94.75947594759477,47.91378853281448,97.2222222222222,81.2,High,-1,Anomaly,0.0047,"High financial_loss_million, High resolution_time_hours, High risk_score"
594,USA,2017,SQL Injection,Banking,39.59,910393,Unknown,Weak Passwords,Antivirus,52,39.5939593959396,91.07254147763932,72.22222222222221,61.56,Medium,1,Normal,-0.0816,
595,Australia,2024,Phishing,Banking,70.52,601198,Insider,Zero-day,Encryption,41,70.52705270527053,60.14175173938487,56.94444444444444,64.69,Medium,1,Normal,-0.1189,
596,UK,2018,Ransomware,Government,6.6,152302,Hacker Group,Social Engineering,AI-based Detection,26,6.6006600660066,15.235761052784266,36.11111111111111,15.09,Low,1,Normal,-0.0268,
597,USA,2016,SQL Injection,Healthcare,25.85,79102,Nation-state,Zero-day,AI-based Detection,4,25.852585258525856,7.913088277221187,5.555555555555555,16.41,Low,-1,Anomaly,0.0184,"Low affected_users, Low resolution_time_hours, Low risk_score"
598,India,2017,Ransomware,Retail,80.93,837506,Nation-state,Zero-day,Antivirus,8,80.93809380938094,83.78118013074773,11.11111111111111,67.83,High,1,Normal,-0.0451,
599,Germany,2018,Malware,Banking,63.81,347441,Hacker Group,Social Engineering,Firewall,58,63.81638163816382,34.75678622697285,80.55555555555556,58.45,Medium,1,Normal,-0.0992,
600,USA,2021,Ransomware,Telecommunications,3.63,231198,Insider,Unpatched Software,Encryption,42,3.630363036303631,23.12824180826001,58.333333333333336,20.42,Low,1,Normal,-0.0366,
601,Brazil,2016,DDoS,Government,80.09,555275,Unknown,Social Engineering,Antivirus,71,80.09800980098011,55.54777493785231,98.61111111111111,76.44,High,1,Normal,-0.0283,
602,UK,2016,SQL Injection,Retail,24.51,46699,Unknown,Zero-day,Antivirus,53,24.512451245124517,4.671605135874595,73.61111111111111,28.38,Low,1,Normal,-0.0503,
603,UK,2024,Man-in-the-Middle,IT,56.23,706469,Unknown,Unpatched Software,Encryption,17,56.23562356235624,70.67269553386987,23.61111111111111,54.04,Medium,1,Normal,-0.0882,
604,China,2018,Ransomware,IT,43.73,311165,Unknown,Social Engineering,AI-based Detection,34,43.73437343734373,31.12786166950937,47.22222222222222,40.65,Medium,1,Normal,-0.1096,
605,France,2019,SQL Injection,Government,85.13,304257,Nation-state,Weak Passwords,Antivirus,20,85.13851385138513,30.436809435443934,27.77777777777778,57.26,Medium,1,Normal,-0.0946,
606,Brazil,2017,SQL Injection,Telecommunications,24.05,446378,Insider,Unpatched Software,Antivirus,59,24.052405240524056,44.6540987460423,81.94444444444444,41.81,Medium,1,Normal,-0.0908,
607,China,2021,Ransomware,Healthcare,32.72,994243,Hacker Group,Social Engineering,Firewall,54,32.72327232723272,99.46060312013884,75.0,61.2,Medium,1,Normal,-0.0506,
608,UK,2015,Phishing,Healthcare,81.75,98634,Unknown,Social Engineering,VPN,5,81.75817581758176,9.867001455531268,6.944444444444445,45.23,Medium,1,Normal,-0.0294,
609,USA,2018,Phishing,Telecommunications,42.46,93999,Nation-state,Social Engineering,Encryption,65,42.46424642464247,9.403332216258937,90.2777777777778,42.11,Medium,1,Normal,-0.0479,
610,France,2017,SQL Injection,Education,14.54,171095,Hacker Group,Zero-day,AI-based Detection,63,14.541454145414544,17.11574724774543,87.5,29.91,Low,1,Normal,-0.0316,
611,USA,2015,Man-in-the-Middle,IT,38.92,820182,Nation-state,Weak Passwords,Antivirus,16,38.92389238923893,82.04814757386445,22.22222222222222,48.52,Medium,1,Normal,-0.0968,
612,Germany,2018,SQL Injection,Telecommunications,4.2,164890,Insider,Weak Passwords,Encryption,61,4.2004200420042,16.49502068254913,84.72222222222221,23.99,Low,1,Normal,-0.0202,
613,China,2015,SQL Injection,Telecommunications,75.91,605020,Insider,Unpatched Software,Antivirus,43,75.91759175917592,60.52409129332206,59.72222222222222,68.06,High,1,Normal,-0.1162,
614,Australia,2024,Ransomware,Education,44.95,500747,Insider,Unpatched Software,AI-based Detection,58,44.95449544954496,50.09298393913778,80.55555555555556,53.62,Medium,1,Normal,-0.0962,
615,Japan,2020,Man-in-the-Middle,IT,35.79,854904,Insider,Weak Passwords,Firewall,12,35.7935793579358,85.52161538961721,16.666666666666664,46.89,Medium,1,Normal,-0.0889,
616,China,2020,SQL Injection,Healthcare,62.44,55719,Unknown,Unpatched Software,Firewall,71,62.446244624462445,5.573934486087422,98.61111111111111,52.62,Medium,1,Normal,-0.0332,
617,Brazil,2015,Phishing,Retail,19.93,355008,Hacker Group,Unpatched Software,Antivirus,31,19.931993199319933,35.51376252332101,43.05555555555556,29.23,Low,1,Normal,-0.0845,
618,UK,2019,Phishing,IT,75.31,428615,Unknown,Social Engineering,AI-based Detection,66,75.31753175317533,42.87715015980833,91.66666666666666,68.86,High,1,Normal,-0.0694,
619,Australia,2015,Phishing,Healthcare,76.4,108767,Nation-state,Unpatched Software,VPN,48,76.40764076407642,10.880671445077454,66.66666666666666,54.8,Medium,1,Normal,-0.0861,
620,India,2020,Man-in-the-Middle,IT,28.69,939469,Insider,Unpatched Software,Encryption,45,28.692869286928698,93.9812031391458,62.5,55.04,Medium,1,Normal,-0.0796,
621,UK,2019,Man-in-the-Middle,Government,23.93,325827,Nation-state,Zero-day,Antivirus,39,23.932393239323936,32.59459702791519,54.16666666666666,32.58,Low,1,Normal,-0.0973,
622,UK,2017,Man-in-the-Middle,Education,30.44,996762,Hacker Group,Social Engineering,AI-based Detection,27,30.443044304430444,99.71259509721048,37.5,52.64,Medium,1,Normal,-0.0577,
623,Japan,2017,Phishing,IT,5.14,319868,Hacker Group,Unpatched Software,VPN,52,5.140514051405141,31.998479444997425,72.22222222222221,26.61,Low,1,Normal,-0.0485,
624,Brazil,2018,Man-in-the-Middle,Banking,1.01,66191,Hacker Group,Weak Passwords,AI-based Detection,71,1.0101010101010102,6.621516853651582,98.61111111111111,22.21,Low,-1,Anomaly,0.0341,"Low financial_loss_million, Low affected_users, High resolution_time_hours, Low risk_score"
625,India,2023,Ransomware,IT,18.53,925373,Insider,Zero-day,AI-based Detection,4,18.53185318531853,92.57108844728326,5.555555555555555,38.15,Medium,1,Normal,-0.019,
626,India,2015,Malware,Telecommunications,1.52,913114,Insider,Unpatched Software,VPN,15,1.5201520152015202,91.3447408304031,20.833333333333336,32.33,Low,1,Normal,-0.0137,
627,Australia,2019,DDoS,Healthcare,84.89,163975,Nation-state,Unpatched Software,Firewall,22,84.89848984898491,16.40348727285459,30.55555555555556,53.48,Medium,1,Normal,-0.084,
628,USA,2016,DDoS,Education,66.73,876135,Insider,Unpatched Software,AI-based Detection,67,66.73667366736674,87.64549060407049,93.05555555555556,78.27,High,1,Normal,-0.044,
629,China,2024,Ransomware,Government,72.61,595380,Hacker Group,Zero-day,VPN,10,72.61726172617261,59.55973930484627,13.88888888888889,56.95,Medium,1,Normal,-0.0826,
630,France,2020,DDoS,Government,44.16,840796,Nation-state,Weak Passwords,AI-based Detection,5,44.16441644164416,84.11030025959475,6.944444444444445,48.7,Medium,1,Normal,-0.0586,
631,UK,2022,DDoS,Telecommunications,80.05,484908,Unknown,Weak Passwords,Firewall,42,80.05800580058006,48.50850560454566,58.333333333333336,66.25,High,1,Normal,-0.1185,
632,Russia,2018,SQL Injection,Telecommunications,13.69,146100,Unknown,Social Engineering,Encryption,22,13.691369136913693,14.615334597127951,30.55555555555556,17.34,Low,1,Normal,-0.0328,
633,USA,2021,Phishing,IT,29.02,555756,Insider,Zero-day,AI-based Detection,21,29.022902290229023,55.59589250076278,29.166666666666668,37.02,Medium,1,Normal,-0.0981,
634,India,2017,Ransomware,Retail,69.91,340928,Unknown,Social Engineering,Antivirus,61,69.91699169916991,34.10524841567172,84.72222222222221,62.13,Medium,1,Normal,-0.0945,
635,UK,2016,Malware,Telecommunications,3.76,678640,Insider,Zero-day,Encryption,44,3.760376037603761,67.88877940448263,61.11111111111112,34.47,Medium,1,Normal,-0.0508,
636,Brazil,2020,Phishing,IT,57.43,212798,Insider,Social Engineering,Antivirus,31,57.43574357435743,21.28756996303651,43.05555555555556,43.72,Medium,1,Normal,-0.1049,
637,UK,2019,Ransomware,Retail,63.45,354024,Unknown,Weak Passwords,AI-based Detection,33,63.45634563456346,35.41532659420689,45.83333333333333,51.52,Medium,1,Normal,-0.1209,
638,UK,2016,Man-in-the-Middle,Government,41.34,189354,Insider,Zero-day,Firewall,39,41.34413441344135,18.94231394458977,54.16666666666666,37.19,Medium,1,Normal,-0.097,
639,Australia,2022,Phishing,Education,22.73,648363,Unknown,Zero-day,VPN,47,22.73227322732273,64.85997389047003,65.27777777777779,43.88,Medium,1,Normal,-0.0887,
640,Brazil,2017,DDoS,IT,5.88,231114,Insider,Weak Passwords,AI-based Detection,37,5.8805880588058805,23.11983874114052,51.388888888888886,20.15,Low,1,Normal,-0.043,
641,India,2017,Ransomware,Banking,9.81,489620,Unknown,Unpatched Software,VPN,43,9.810981098109812,48.97987765534421,59.72222222222222,31.54,Low,1,Normal,-0.0805,
642,USA,2015,DDoS,IT,94.14,854005,Unknown,Zero-day,AI-based Detection,14,94.14941494149416,85.43168256413591,19.444444444444446,76.59,High,1,Normal,-0.0461,
643,Germany,2017,Ransomware,IT,33.24,550719,Hacker Group,Zero-day,AI-based Detection,60,33.24332433243325,55.092008583132845,83.33333333333334,49.82,Medium,1,Normal,-0.0999,
644,Germany,2019,Man-in-the-Middle,Government,75.37,445254,Hacker Group,Unpatched Software,VPN,42,75.37753775377539,44.54165770506235,58.333333333333336,62.72,Medium,1,Normal,-0.1237,
645,Japan,2020,Phishing,Education,49.17,218097,Unknown,Zero-day,VPN,32,49.174917491749184,21.81766344715821,44.44444444444444,40.02,Medium,1,Normal,-0.0958,
646,Germany,2017,Malware,Telecommunications,94.87,324790,Insider,Zero-day,VPN,42,94.87948794879487,32.490859163594706,58.333333333333336,68.85,High,1,Normal,-0.0737,
647,India,2023,SQL Injection,Government,28.71,497965,Unknown,Unpatched Software,VPN,25,28.71287128712872,49.81468235906106,34.72222222222222,36.25,Medium,1,Normal,-0.1017,
648,Australia,2023,SQL Injection,Education,42.5,933030,Insider,Social Engineering,Antivirus,27,42.50425042504251,93.33706802983087,37.5,56.75,Medium,1,Normal,-0.1014,
649,UK,2015,Man-in-the-Middle,IT,53.07,538338,Nation-state,Zero-day,VPN,1,53.07530753075308,53.85345651162674,1.3888888888888888,42.97,Medium,1,Normal,-0.0346,
650,France,2018,Phishing,Retail,99.78,860459,Hacker Group,Social Engineering,AI-based Detection,11,99.7899789978998,86.07731822115072,15.27777777777778,78.77,High,1,Normal,-0.0055,
651,UK,2024,DDoS,Healthcare,82.87,276634,Unknown,Unpatched Software,Antivirus,38,82.87828782878289,27.67350082780215,52.77777777777778,60.3,Medium,1,Normal,-0.1078,
652,Germany,2018,Man-in-the-Middle,Banking,81.46,316299,Insider,Social Engineering,Firewall,66,81.46814681468146,31.64144912893206,91.66666666666666,68.56,High,1,Normal,-0.0544,
653,Japan,2023,Ransomware,Healthcare,33.66,410385,Unknown,Zero-day,Encryption,71,33.66336633663366,41.05348452185048,98.61111111111111,48.87,Medium,1,Normal,-0.0654,
654,Japan,2024,DDoS,Healthcare,99.28,589898,Unknown,Weak Passwords,VPN,59,99.2899289928993,59.01133913878566,81.94444444444444,83.74,High,1,Normal,-0.0047,
655,France,2016,Man-in-the-Middle,Retail,14.86,63760,Hacker Group,Weak Passwords,VPN,8,14.86148614861486,6.378328089752759,11.11111111111111,11.57,Low,-1,Anomaly,0.023,"Low financial_loss_million, Low affected_users, Low resolution_time_hours, Low risk_score"
656,USA,2015,Ransomware,Banking,33.75,58037,Insider,Social Engineering,VPN,13,33.753375337533754,5.805819123980252,18.055555555555557,22.23,Low,1,Normal,-0.0318,
657,UK,2017,SQL Injection,Government,82.03,994787,Nation-state,Unpatched Software,Encryption,56,82.03820382038204,99.51502298338892,77.77777777777779,86.43,High,1,Normal,-0.0117,
658,India,2016,Ransomware,Retail,9.53,89719,Unknown,Zero-day,Firewall,68,9.530953095309531,8.975175939217815,94.44444444444444,26.35,Low,-1,Anomaly,0.0055,"Low financial_loss_million, Low affected_users, High resolution_time_hours"
659,Germany,2023,SQL Injection,Telecommunications,6.09,590760,Unknown,Unpatched Software,Firewall,32,6.0906090609060906,59.097570613273845,44.44444444444444,29.66,Low,1,Normal,-0.0668,
660,UK,2022,DDoS,IT,29.05,186700,Insider,Weak Passwords,Antivirus,37,29.052905290529058,18.67681703821895,51.388888888888886,30.41,Low,1,Normal,-0.0895,
661,Japan,2019,SQL Injection,Education,89.48,682430,Hacker Group,Zero-day,VPN,5,89.4889488948895,68.26791778999335,6.944444444444445,66.61,High,1,Normal,-0.0363,
662,Australia,2018,SQL Injection,Education,75.2,60868,Insider,Social Engineering,Antivirus,46,75.20752075207523,6.089022493210021,63.888888888888886,52.21,Medium,1,Normal,-0.0856,
663,France,2016,SQL Injection,Government,29.33,182916,Nation-state,Unpatched Software,Antivirus,17,29.332933293329333,18.2982788717882,23.61111111111111,24.88,Low,1,Normal,-0.0654,
664,France,2023,DDoS,Education,65.96,181879,Insider,Weak Passwords,Antivirus,64,65.96659665966597,18.194541007467727,88.88888888888889,56.22,Medium,1,Normal,-0.0822,
665,Australia,2017,Phishing,Retail,95.2,715732,Unknown,Weak Passwords,Antivirus,11,95.20952095209522,71.59933375682124,15.27777777777778,72.14,High,1,Normal,-0.0445,
666,UK,2023,Malware,Banking,16.02,452477,Hacker Group,Zero-day,Encryption,23,16.021602160216023,45.2642214408259,31.944444444444443,27.98,Low,1,Normal,-0.0847,
667,India,2018,Ransomware,Banking,11.19,168881,Insider,Social Engineering,AI-based Detection,5,11.19111911191119,16.894266407238643,6.944444444444445,12.05,Low,-1,Anomaly,0.029,"Low financial_loss_million, Low affected_users, Low resolution_time_hours, Low risk_score"
668,France,2017,SQL Injection,Healthcare,27.42,94235,Insider,Social Engineering,Antivirus,29,27.422742274227424,9.426940833404194,40.27777777777778,24.6,Low,1,Normal,-0.0658,
669,Australia,2015,Ransomware,Telecommunications,17.38,75314,Unknown,Unpatched Software,Encryption,6,17.381738173817382,7.534149964737129,8.333333333333332,12.62,Low,-1,Anomaly,0.0307,"Low financial_loss_million, Low affected_users, Low resolution_time_hours, Low risk_score"
670,Russia,2019,Man-in-the-Middle,Retail,99.53,515797,Nation-state,Social Engineering,Firewall,46,99.53995399539954,51.59853346471463,63.888888888888886,78.03,High,1,Normal,-0.0333,
671,Russia,2024,DDoS,Telecommunications,55.05,363906,Insider,Weak Passwords,Antivirus,31,55.055505550555054,36.4038874189079,43.05555555555556,47.06,Medium,1,Normal,-0.1125,
672,UK,2022,DDoS,Education,79.6,446296,Unknown,Zero-day,AI-based Detection,4,79.6079607960796,44.64589575194946,5.555555555555555,54.31,Medium,1,Normal,-0.052,
673,Russia,2017,Ransomware,Telecommunications,65.18,329972,Nation-state,Unpatched Software,Firewall,48,65.1865186518652,33.00924837565712,66.66666666666666,55.83,Medium,1,Normal,-0.1142,
674,China,2017,Ransomware,Education,25.73,639190,Insider,Social Engineering,Encryption,33,25.732573257325736,63.94233895371811,45.83333333333333,41.22,Medium,1,Normal,-0.0908,
675,USA,2022,Ransomware,Government,33.71,135105,Unknown,Unpatched Software,VPN,48,33.713371337133715,13.51543313309358,66.66666666666666,34.24,Medium,1,Normal,-0.0822,
676,China,2015,DDoS,Education,94.74,103079,Nation-state,Social Engineering,Antivirus,57,94.74947494749476,10.311663757271404,79.16666666666666,66.3,High,1,Normal,-0.0211,
677,France,2018,DDoS,IT,75.88,822364,Unknown,Zero-day,VPN,71,75.88758875887589,82.26642724594477,98.61111111111111,82.35,High,1,Normal,-0.0152,
678,India,2021,SQL Injection,Government,75.25,597509,Nation-state,Social Engineering,Firewall,20,75.25752575257526,59.77271704172023,27.77777777777778,61.12,Medium,1,Normal,-0.1067,
679,Brazil,2023,Man-in-the-Middle,Telecommunications,90.37,705678,Hacker Group,Zero-day,Antivirus,57,90.3790379037904,70.59356665182793,79.16666666666666,82.2,High,1,Normal,-0.0491,
680,France,2020,Phishing,Retail,14.45,309967,Unknown,Zero-day,Firewall,26,14.451445144514452,31.00801792654319,36.11111111111111,23.75,Low,1,Normal,-0.0704,
681,France,2022,Ransomware,Banking,54.47,604250,Unknown,Social Engineering,AI-based Detection,63,54.47544754475447,60.44706317805999,87.5,62.87,Medium,1,Normal,-0.0845,
682,India,2024,Ransomware,IT,33.66,131900,Unknown,Unpatched Software,Antivirus,21,33.66336633663366,13.194816107879376,29.166666666666668,26.62,Low,1,Normal,-0.0715,
683,Australia,2022,Ransomware,Government,84.51,305494,Insider,Social Engineering,Firewall,19,84.51845184518453,30.560554602429885,26.38888888888889,56.71,Medium,1,Normal,-0.0954,
684,Brazil,2023,Malware,Healthcare,61.56,907121,Unknown,Social Engineering,VPN,33,61.56615661566157,90.7452220060322,45.83333333333333,67.17,High,1,Normal,-0.0855,
685,India,2024,Phishing,Banking,23.32,879162,Unknown,Zero-day,VPN,38,23.322332233223324,87.94830112991242,52.77777777777778,48.6,Medium,1,Normal,-0.0749,
686,Brazil,2017,Man-in-the-Middle,Telecommunications,43.71,57237,Unknown,Unpatched Software,Firewall,52,43.71437143714372,5.725789913318361,72.22222222222221,38.02,Medium,1,Normal,-0.0775,
687,Australia,2016,Phishing,Telecommunications,2.84,880127,Insider,Social Engineering,Antivirus,67,2.840284028402841,88.04483636527333,93.05555555555556,46.44,Medium,1,Normal,-0.0206,
688,China,2017,Phishing,IT,71.4,698847,Insider,Zero-day,AI-based Detection,17,71.40714071407142,69.91021722928869,23.61111111111111,61.4,Medium,1,Normal,-0.0864,
689,India,2022,Man-in-the-Middle,Banking,90.87,928859,Unknown,Unpatched Software,Firewall,32,90.8790879087909,92.91981573274244,44.44444444444444,82.2,High,1,Normal,-0.0334,
690,India,2017,SQL Injection,IT,78.94,858565,Unknown,Weak Passwords,Encryption,29,78.94789478947895,85.88784906490869,40.27777777777778,73.3,High,1,Normal,-0.084,
691,China,2022,Malware,Telecommunications,34.33,571265,Unknown,Unpatched Software,Firewall,17,34.333433343334335,57.14735878595687,23.61111111111111,39.03,Medium,1,Normal,-0.087,
692,Russia,2015,DDoS,Banking,40.64,259321,Nation-state,Social Engineering,AI-based Detection,62,40.64406440644064,25.941568672565484,86.11111111111111,45.33,Medium,1,Normal,-0.0774,
693,Brazil,2022,Man-in-the-Middle,Banking,59.43,121504,Insider,Weak Passwords,AI-based Detection,32,59.43594359435944,12.154836515328094,44.44444444444444,42.25,Medium,1,Normal,-0.0842,
694,France,2018,DDoS,Banking,50.75,670630,Nation-state,Zero-day,Antivirus,4,50.75507550755077,67.08748693273044,5.555555555555555,46.61,Medium,1,Normal,-0.0658,
695,China,2024,Ransomware,Banking,72.18,277175,Insider,Social Engineering,Firewall,72,72.1872187218722,27.72762058151225,100.0,64.41,Medium,1,Normal,-0.0472,
696,USA,2016,Man-in-the-Middle,Retail,23.35,952463,Nation-state,Unpatched Software,Antivirus,26,23.352335233523355,95.28107759332156,36.11111111111111,47.48,Medium,1,Normal,-0.0609,
697,UK,2020,DDoS,Government,78.32,624619,Unknown,Weak Passwords,AI-based Detection,67,78.32783278327832,62.48470691802508,93.05555555555556,76.52,High,1,Normal,-0.0501,
698,China,2018,Phishing,Healthcare,20.22,363934,Insider,Weak Passwords,Firewall,24,20.22202220222022,36.40668844128106,33.33333333333333,27.7,Low,1,Normal,-0.0848,
699,Japan,2017,SQL Injection,IT,33.15,44750,Unknown,Unpatched Software,Firewall,22,33.15331533153316,4.47663397139956,30.55555555555556,24.03,Low,1,Normal,-0.0397,
700,UK,2021,DDoS,Banking,8.82,736601,Nation-state,Zero-day,AI-based Detection,26,8.82088208820882,73.68699575345002,36.11111111111111,33.74,Medium,1,Normal,-0.0587,
701,Japan,2018,Ransomware,Education,43.32,42876,Unknown,Unpatched Software,Antivirus,40,43.32433243324333,4.28916554542408,55.55555555555556,34.06,Medium,1,Normal,-0.0707,
702,Australia,2018,DDoS,Healthcare,90.4,536357,Nation-state,Weak Passwords,Encryption,55,90.40904090409042,53.65528417872524,76.38888888888889,76.58,High,1,Normal,-0.0637,
703,USA,2017,Phishing,Government,55.34,785099,Insider,Social Engineering,Encryption,29,55.34553455345536,78.53856657680053,40.27777777777778,59.29,Medium,1,Normal,-0.1173,
704,France,2019,DDoS,Healthcare,27.89,460544,Unknown,Weak Passwords,Firewall,29,27.892789278927893,46.07121599383775,40.27777777777778,35.82,Medium,1,Normal,-0.1075,
705,France,2020,Ransomware,Education,66.04,881755,Unknown,Zero-day,Firewall,10,66.04660466046606,88.20769580897027,13.88888888888889,62.26,Medium,1,Normal,-0.068,
706,India,2024,SQL Injection,Telecommunications,10.24,213393,Unknown,Social Engineering,Encryption,49,10.241024102410242,21.347091688466293,68.05555555555556,25.14,Low,1,Normal,-0.0517,
707,UK,2017,Man-in-the-Middle,Telecommunications,43.82,213979,Hacker Group,Unpatched Software,Firewall,10,43.82438243824382,21.40571308527613,13.88888888888889,31.11,Low,1,Normal,-0.0654,
708,UK,2021,Malware,Telecommunications,3.17,570243,Insider,Unpatched Software,Antivirus,51,3.17031703170317,57.04512146933632,70.83333333333334,32.87,Low,1,Normal,-0.0524,
709,Brazil,2016,Malware,Government,72.73,47624,Nation-state,Weak Passwords,Firewall,70,72.73727372737274,4.764138910702406,97.2222222222222,57.24,Medium,1,Normal,-0.0283,
710,China,2024,Man-in-the-Middle,Banking,16.09,72940,Nation-state,Zero-day,VPN,26,16.091609160916093,7.296663282097966,36.11111111111111,17.46,Low,1,Normal,-0.0349,
711,Japan,2020,Malware,Telecommunications,98.14,710142,Insider,Zero-day,AI-based Detection,56,98.14981498149815,71.04012964732127,77.77777777777779,85.94,High,1,Normal,-0.0088,
712,Japan,2023,Malware,Retail,51.91,360524,Hacker Group,Unpatched Software,Firewall,47,51.91519151915192,36.06556393083476,65.27777777777779,49.83,Medium,1,Normal,-0.1132,
713,France,2017,Phishing,IT,55.9,309259,Insider,Zero-day,AI-based Detection,3,55.90559055905591,30.93719207510742,4.166666666666666,38.07,Medium,1,Normal,-0.0462,
714,UK,2024,Phishing,Government,30.68,393201,Nation-state,Social Engineering,Firewall,3,30.683068306830684,39.33445707683305,4.166666666666666,27.98,Low,1,Normal,-0.049,
715,Germany,2020,Ransomware,IT,65.2,306799,Unknown,Zero-day,Encryption,61,65.20652065206521,30.6911022523221,84.72222222222221,58.76,Medium,1,Normal,-0.0881,
716,Russia,2022,Malware,Healthcare,81.92,30180,Insider,Weak Passwords,AI-based Detection,53,81.92819281928193,3.01910197221986,73.61111111111111,56.59,Medium,1,Normal,-0.0451,
717,India,2017,Phishing,Retail,97.87,113745,Unknown,Unpatched Software,Encryption,2,97.87978797879788,11.378653208421072,2.7777777777777777,52.91,Medium,-1,Anomaly,0.0198,"High financial_loss_million, Low affected_users, Low resolution_time_hours"
718,Japan,2024,Ransomware,Banking,24.22,584428,Nation-state,Weak Passwords,Firewall,34,24.222422242224223,58.464139410884975,47.22222222222222,39.09,Medium,1,Normal,-0.0996,
719,France,2020,Ransomware,Healthcare,3.27,178268,Nation-state,Unpatched Software,Antivirus,2,3.2703270327032707,17.83330915784261,2.7777777777777777,7.54,Low,-1,Anomaly,0.0709,"Low financial_loss_million, Low affected_users, Low resolution_time_hours, Low risk_score"
720,China,2022,Phishing,Retail,33.69,338578,Unknown,Social Engineering,AI-based Detection,38,33.69336933693369,33.87016260935241,52.77777777777778,37.56,Medium,1,Normal,-0.1122,
721,China,2024,DDoS,Healthcare,7.31,972407,Hacker Group,Zero-day,Encryption,51,7.310731073107311,97.27620581512252,70.83333333333334,47.0,Medium,1,Normal,-0.0299,
722,Brazil,2022,Ransomware,Banking,15.66,817169,Insider,Unpatched Software,Firewall,54,15.661566156615663,81.74673755920911,75.0,47.35,Medium,1,Normal,-0.0732,
723,Australia,2015,Malware,Healthcare,62.34,796100,Hacker Group,Social Engineering,AI-based Detection,20,62.34623462346235,79.63906825991486,27.77777777777778,60.62,Medium,1,Normal,-0.1044,
724,UK,2016,Man-in-the-Middle,Banking,76.06,530253,Unknown,Weak Passwords,Encryption,28,76.06760676067607,53.04466130137501,38.88888888888889,61.72,Medium,1,Normal,-0.1211,
725,Australia,2024,Man-in-the-Middle,Government,50.36,165496,Nation-state,Weak Passwords,Encryption,72,50.36503650365036,16.55564280962551,100.0,50.15,Medium,1,Normal,-0.0503,
726,Russia,2021,Ransomware,Banking,34.92,501490,Insider,Social Engineering,Firewall,44,34.92349234923493,50.16731106854002,61.11111111111112,44.73,Medium,1,Normal,-0.1119,
727,India,2016,Malware,Banking,11.81,392365,Insider,Social Engineering,Antivirus,72,11.811181118111811,39.25082655169136,100.0,37.68,Medium,1,Normal,-0.0349,
728,China,2022,Malware,Education,96.72,194617,Insider,Social Engineering,Antivirus,31,96.72967296729674,19.468806114231697,43.05555555555556,62.82,Medium,1,Normal,-0.0504,
729,Japan,2022,Man-in-the-Middle,Retail,44.34,516125,Unknown,Zero-day,Firewall,67,44.34443444344435,51.631345441086,93.05555555555556,56.27,Medium,1,Normal,-0.0729,
730,Australia,2021,Man-in-the-Middle,Telecommunications,67.72,393335,Hacker Group,Social Engineering,Antivirus,31,67.72677267726773,39.34786196961891,43.05555555555556,54.28,Medium,1,Normal,-0.1206,
731,UK,2018,SQL Injection,Government,34.09,197436,Unknown,Zero-day,Antivirus,10,34.0934093409341,19.750809045301533,13.88888888888889,25.75,Low,1,Normal,-0.0536,
732,France,2022,DDoS,Education,31.51,452360,Nation-state,Zero-day,Antivirus,65,31.51315131513152,45.2525171687666,90.2777777777778,47.39,Medium,1,Normal,-0.0859,
733,Australia,2018,DDoS,Healthcare,20.39,913090,Unknown,Zero-day,VPN,2,20.392039203920397,91.34233995408324,2.7777777777777777,38.15,Medium,1,Normal,-0.0002,
734,Germany,2018,SQL Injection,Telecommunications,38.65,368222,Insider,Zero-day,VPN,56,38.653865386538655,36.835645010428806,77.77777777777779,45.93,Medium,1,Normal,-0.096,
735,India,2022,SQL Injection,Healthcare,77.3,826937,Unknown,Zero-day,AI-based Detection,64,77.30773077307731,82.72389422139081,88.88888888888889,81.25,High,1,Normal,-0.0531,
736,Brazil,2015,Ransomware,Retail,89.93,673959,Hacker Group,Zero-day,Firewall,39,89.93899389938996,67.42050848559724,54.16666666666666,76.03,High,1,Normal,-0.083,
737,UK,2022,Ransomware,Education,4.29,383246,Nation-state,Unpatched Software,VPN,45,4.290429042904291,38.33859358665913,62.5,26.15,Low,1,Normal,-0.0607,
738,UK,2019,Man-in-the-Middle,Banking,76.03,422890,Insider,Social Engineering,VPN,4,76.03760376037604,42.30444112100917,5.555555555555555,51.82,Medium,1,Normal,-0.0605,
739,Australia,2020,Malware,Banking,42.3,497035,Hacker Group,Zero-day,AI-based Detection,66,42.30423042304231,49.721648401666606,91.66666666666666,54.4,Medium,1,Normal,-0.0768,
740,Brazil,2023,Phishing,Government,72.57,720220,Unknown,Weak Passwords,Firewall,71,72.57725772577257,72.04829762863444,98.61111111111111,77.63,High,1,Normal,-0.0286,
741,Russia,2019,Phishing,Government,93.7,808318,Nation-state,Social Engineering,Antivirus,57,93.70937093709372,80.8613143797486,79.16666666666666,86.95,High,1,Normal,-0.0346,
742,Germany,2022,SQL Injection,IT,68.63,294981,Unknown,Zero-day,AI-based Detection,3,68.63686368636863,29.508870737819304,4.166666666666666,44.0,Medium,1,Normal,-0.0417,
743,USA,2017,Phishing,Healthcare,52.7,281182,Nation-state,Zero-day,Encryption,27,52.705270527052704,28.128466890415,37.5,42.29,Medium,1,Normal,-0.1048,
744,Australia,2017,Ransomware,Education,66.56,95750,Nation-state,Zero-day,Antivirus,44,66.56665666566657,9.578496151095148,61.11111111111112,48.38,Medium,1,Normal,-0.0953,
745,Brazil,2015,Ransomware,Retail,91.03,879260,Hacker Group,Social Engineering,Antivirus,16,91.03910391039103,87.9581047082185,22.22222222222222,76.35,High,1,Normal,-0.0454,
746,Russia,2017,Man-in-the-Middle,IT,14.74,561615,Hacker Group,Weak Passwords,Antivirus,29,14.741474147414744,56.182006432347805,40.27777777777778,32.28,Low,1,Normal,-0.0857,
747,Brazil,2016,SQL Injection,Retail,40.29,206598,Unknown,Zero-day,Encryption,45,40.294029402940296,20.66734358040685,62.5,38.85,Medium,1,Normal,-0.101,
748,Brazil,2017,Man-in-the-Middle,IT,56.83,171305,Unknown,Unpatched Software,Firewall,54,56.83568356835684,17.136754915544174,75.0,48.56,Medium,1,Normal,-0.0944,
749,Russia,2024,SQL Injection,Government,63.45,492909,Unknown,Zero-day,AI-based Detection,42,63.45634563456346,49.308897747677904,58.333333333333336,58.19,Medium,1,Normal,-0.127,
750,UK,2021,Man-in-the-Middle,IT,72.57,477493,Hacker Group,Unpatched Software,Encryption,16,72.57725772577257,47.76673485822325,22.22222222222222,55.06,Medium,1,Normal,-0.0914,
751,Japan,2021,Phishing,Government,22.94,622723,Nation-state,Weak Passwords,AI-based Detection,67,22.942294229422945,62.2950376887564,93.05555555555556,48.77,Medium,1,Normal,-0.0656,
752,Australia,2016,Malware,Healthcare,80.22,124155,Nation-state,Weak Passwords,Encryption,40,80.22802280228024,12.420033312158935,55.55555555555556,54.95,Medium,1,Normal,-0.0928,
753,China,2024,Malware,Retail,34.49,897277,Unknown,Zero-day,VPN,55,34.4934493449345,89.76046256883762,76.38888888888889,59.45,Medium,1,Normal,-0.08,
754,USA,2017,SQL Injection,Healthcare,51.26,28682,Hacker Group,Zero-day,VPN,44,51.26512651265127,2.8692472752554683,61.11111111111112,38.72,Medium,1,Normal,-0.0724,
755,Japan,2020,Phishing,Banking,73.04,512431,Nation-state,Unpatched Software,VPN,44,73.04730473047306,51.26181056085471,61.11111111111112,64.12,Medium,1,Normal,-0.1198,
756,Australia,2018,SQL Injection,IT,19.14,171977,Unknown,Zero-day,Antivirus,44,19.141914191419144,17.203979452500164,61.11111111111112,26.95,Low,1,Normal,-0.0766,
757,UK,2015,SQL Injection,Telecommunications,38.72,943070,Hacker Group,Zero-day,VPN,36,38.72387238723872,94.34143462363764,50.0,57.66,Medium,1,Normal,-0.078,
758,Japan,2021,DDoS,Education,14.88,887855,Nation-state,Zero-day,AI-based Detection,7,14.881488148814883,88.81791854026719,9.722222222222223,36.03,Medium,1,Normal,-0.0269,
759,USA,2018,Ransomware,Retail,54.05,535110,Nation-state,Zero-day,Antivirus,2,54.055405540554055,53.530538646606,2.7777777777777777,43.64,Medium,1,Normal,-0.0432,
760,USA,2021,Man-in-the-Middle,Telecommunications,42.29,817386,Nation-state,Zero-day,Firewall,8,42.29422942294229,81.76844548260115,11.11111111111111,47.9,Medium,1,Normal,-0.073,
761,India,2018,Phishing,Banking,96.59,206552,Nation-state,Weak Passwords,Encryption,13,96.5996599659966,20.66274190079379,18.055555555555557,58.11,Medium,1,Normal,-0.0276,
762,Brazil,2020,Man-in-the-Middle,Education,71.35,154966,Hacker Group,Zero-day,Antivirus,19,71.35713571357135,15.502258324288364,26.38888888888889,45.61,Medium,1,Normal,-0.0878,
763,France,2016,Phishing,Banking,54.5,511287,Unknown,Unpatched Software,Antivirus,34,54.50545054505452,51.14736878960821,47.22222222222222,52.04,Medium,1,Normal,-0.1141,
764,Germany,2023,SQL Injection,Banking,94.48,426499,Unknown,Unpatched Software,VPN,37,94.48944894489448,42.66547289760763,51.388888888888886,70.32,High,1,Normal,-0.079,
765,UK,2016,Man-in-the-Middle,Telecommunications,73.63,15907,Hacker Group,Social Engineering,Antivirus,36,73.63736373637364,1.5912808174983868,50.0,47.3,Medium,1,Normal,-0.0537,
766,UK,2022,Phishing,Education,36.15,375734,Nation-state,Weak Passwords,AI-based Detection,31,36.15361536153616,37.58711929854397,43.05555555555556,37.96,Medium,1,Normal,-0.1126,
767,Brazil,2023,Malware,Government,19.18,993826,Unknown,Zero-day,Firewall,7,19.181918191819182,99.41888789408134,9.722222222222223,41.36,Medium,1,Normal,-0.005,
768,India,2023,Ransomware,Banking,83.18,397813,Nation-state,Social Engineering,Antivirus,12,83.18831883188321,39.79582547629885,16.666666666666664,56.87,Medium,1,Normal,-0.0895,
769,France,2024,Ransomware,Banking,70.98,185001,Insider,Zero-day,VPN,3,70.987098709871,18.50685500207576,4.166666666666666,41.88,Medium,1,Normal,-0.038,
770,Japan,2024,DDoS,IT,7.99,805548,Insider,Unpatched Software,Antivirus,10,7.990799079907991,80.5842132378318,13.88888888888889,30.95,Low,1,Normal,-0.0374,
771,Brazil,2015,SQL Injection,Retail,74.74,562552,Nation-state,Unpatched Software,Encryption,37,74.74747474747475,56.275740645335546,51.388888888888886,64.53,Medium,1,Normal,-0.1141,
772,Brazil,2018,Malware,Education,33.12,724513,Nation-state,Zero-day,VPN,46,33.12331233123312,72.47775438034883,63.888888888888886,51.08,Medium,1,Normal,-0.105,
773,UK,2024,SQL Injection,Telecommunications,54.1,715395,Unknown,Social Engineering,VPN,60,54.10541054105411,71.56562145182991,83.33333333333334,65.19,Medium,1,Normal,-0.0828,
774,France,2020,Ransomware,Telecommunications,75.13,177097,Unknown,Unpatched Software,Encryption,15,75.13751375137514,17.71616640073627,20.833333333333336,47.05,Medium,1,Normal,-0.0765,
775,Australia,2020,Man-in-the-Middle,Banking,56.34,407084,Unknown,Unpatched Software,Firewall,11,56.34563456345635,40.723263991356845,15.27777777777778,43.45,Medium,1,Normal,-0.089,
776,UK,2023,Phishing,Healthcare,23.66,889641,Hacker Group,Social Engineering,AI-based Detection,50,23.662366236623665,88.99658375306987,69.44444444444444,52.42,Medium,1,Normal,-0.0769,
777,USA,2019,SQL Injection,IT,17.81,378105,Unknown,Weak Passwords,Encryption,4,17.811781178117812,37.82430587164315,5.555555555555555,21.36,Low,1,Normal,-0.0403,
778,Germany,2020,SQL Injection,Education,43.96,597987,Hacker Group,Weak Passwords,Encryption,50,43.96439643964396,59.82053449509071,69.44444444444444,53.82,Medium,1,Normal,-0.1072,
779,USA,2018,Malware,Education,77.07,10600,Insider,Social Engineering,Firewall,47,77.07770777077707,1.0603870412700636,65.27777777777779,51.91,Medium,1,Normal,-0.0491,
780,France,2016,SQL Injection,Healthcare,10.82,586784,Hacker Group,Weak Passwords,Encryption,26,10.821082108210822,58.69982543628425,36.11111111111111,30.24,Low,1,Normal,-0.0789,
781,India,2023,SQL Injection,Banking,48.53,421083,Insider,Unpatched Software,AI-based Detection,28,48.53485348534854,42.12367514142662,38.88888888888889,44.68,Medium,1,Normal,-0.1126,
782,Australia,2023,Ransomware,Education,94.86,127127,Unknown,Social Engineering,Encryption,47,94.86948694869488,12.717341829767864,65.27777777777779,64.31,Medium,1,Normal,-0.0337,
783,China,2016,Malware,Government,15.92,668188,Insider,Unpatched Software,AI-based Detection,38,15.921592159215924,66.84319776718503,52.77777777777778,38.57,Medium,1,Normal,-0.0886,
784,Japan,2018,SQL Injection,Education,11.28,433618,Hacker Group,Social Engineering,Antivirus,59,11.28112811281128,43.37763283598514,81.94444444444444,35.04,Medium,1,Normal,-0.0636,
785,Germany,2023,Malware,Telecommunications,3.86,51176,Unknown,Social Engineering,Encryption,61,3.8603860386038606,5.119468606041205,84.72222222222221,20.41,Low,-1,Anomaly,0.0055,"Low financial_loss_million, Low affected_users, High resolution_time_hours, Low risk_score"
786,Germany,2016,SQL Injection,IT,34.35,918452,Unknown,Weak Passwords,AI-based Detection,16,34.35343534353436,91.87873573854458,22.22222222222222,49.18,Medium,1,Normal,-0.0804,
787,Germany,2023,Ransomware,Healthcare,84.92,152814,Nation-state,Social Engineering,AI-based Detection,33,84.92849284928494,15.286979747607877,45.83333333333333,56.22,Medium,1,Normal,-0.0863,
788,USA,2017,Man-in-the-Middle,Retail,74.57,502149,Hacker Group,Weak Passwords,AI-based Detection,29,74.57745774577458,50.23323513082275,40.27777777777778,60.41,Medium,1,Normal,-0.118,
789,USA,2019,Ransomware,Healthcare,89.81,46960,Nation-state,Zero-day,AI-based Detection,16,89.81898189818983,4.697714665853036,22.22222222222222,50.76,Medium,1,Normal,-0.0306,
790,Brazil,2017,SQL Injection,Government,40.66,651335,Insider,Weak Passwords,Encryption,21,40.66406640664066,65.15728240807896,29.166666666666668,45.71,Medium,1,Normal,-0.1164,
791,Brazil,2018,DDoS,Telecommunications,69.83,587034,Hacker Group,Weak Passwords,AI-based Detection,35,69.83698369836983,58.72483456461608,48.61111111111111,62.26,Medium,1,Normal,-0.123,
792,France,2015,Man-in-the-Middle,Healthcare,79.58,856278,Hacker Group,Zero-day,Firewall,71,79.58795879587959,85.659065558929,98.61111111111111,85.21,High,1,Normal,-0.0103,
793,China,2022,DDoS,Banking,79.07,880586,Hacker Group,Unpatched Software,VPN,56,79.07790779077908,88.09075312489058,77.77777777777779,81.52,High,1,Normal,-0.0654,
794,USA,2019,DDoS,Government,81.56,78873,Hacker Group,Weak Passwords,Encryption,27,81.56815681568158,7.890179915669219,37.5,50.65,Medium,1,Normal,-0.0789,
795,Australia,2017,DDoS,Banking,62.81,810106,Hacker Group,Weak Passwords,Encryption,66,62.81628162816282,81.04017966557794,91.66666666666666,74.05,High,1,Normal,-0.0568,
796,Germany,2021,DDoS,Government,28.71,937384,Hacker Group,Unpatched Software,Encryption,67,28.71287128712872,93.77262700885824,93.05555555555556,61.1,Medium,1,Normal,-0.0348,
797,Japan,2023,Man-in-the-Middle,Retail,36.68,231307,Unknown,Zero-day,Encryption,4,36.683668366836685,23.139145788212694,5.555555555555555,26.39,Low,1,Normal,-0.0526,
798,China,2016,DDoS,IT,71.75,816710,Hacker Group,Weak Passwords,VPN,60,71.75717571757177,81.70082079959185,83.33333333333334,77.06,High,1,Normal,-0.0829,
799,USA,2019,Man-in-the-Middle,Telecommunications,17.21,896828,Unknown,Weak Passwords,Firewall,33,17.211721172117215,89.71554617435365,45.83333333333333,44.69,Medium,1,Normal,-0.0631,
800,UK,2016,DDoS,Telecommunications,48.47,937466,Hacker Group,Social Engineering,AI-based Detection,28,48.47484748474848,93.78083000295108,38.88888888888889,60.15,Medium,1,Normal,-0.094,
801,China,2020,DDoS,Banking,11.72,81518,Nation-state,Social Engineering,VPN,47,11.721172117211722,8.1547764934201,65.27777777777779,21.36,Low,1,Normal,-0.0406,
802,Brazil,2015,Malware,IT,1.35,371048,Hacker Group,Zero-day,VPN,56,1.3501350135013503,37.11834819709194,77.77777777777779,27.37,Low,1,Normal,-0.0322,
803,USA,2019,Phishing,IT,20.13,25946,Hacker Group,Weak Passwords,AI-based Detection,68,20.13201320132013,2.595547374791799,94.44444444444444,29.73,Low,-1,Anomaly,0.0037,"Low financial_loss_million, Low affected_users, High resolution_time_hours"
804,France,2017,Man-in-the-Middle,Education,14.99,942088,Insider,Zero-day,AI-based Detection,46,14.991499149914992,94.24319876755015,63.888888888888886,48.55,Medium,1,Normal,-0.0556,
805,Japan,2015,Malware,Telecommunications,28.8,915532,Insider,Zero-day,Encryption,68,28.802880288028803,91.58662911962864,94.44444444444444,60.77,Medium,1,Normal,-0.0377,
806,USA,2018,SQL Injection,Government,99.49,755576,Insider,Weak Passwords,AI-based Detection,23,99.4999499949995,75.58518859383675,31.944444444444443,78.81,High,1,Normal,-0.032,
807,Brazil,2018,Malware,Education,6.3,661644,Insider,Social Engineering,AI-based Detection,29,6.300630063006301,66.18855882397074,40.27777777777778,31.06,Low,1,Normal,-0.0653,
808,UK,2019,DDoS,Telecommunications,95.75,168951,Insider,Social Engineering,VPN,13,95.75957595759576,16.901268963171557,18.055555555555557,56.56,Medium,1,Normal,-0.0306,
809,Russia,2022,Man-in-the-Middle,IT,49.87,816398,Insider,Social Engineering,Encryption,39,49.874987498749874,81.66960940743373,54.16666666666666,60.27,Medium,1,Normal,-0.1196,
810,India,2017,DDoS,Education,83.49,79933,Hacker Group,Zero-day,AI-based Detection,23,83.4983498349835,7.996218619796227,31.944444444444443,50.54,Medium,1,Normal,-0.0743,
811,USA,2019,Malware,Government,83.84,506149,Nation-state,Social Engineering,Encryption,35,83.84838483848385,50.63338118413221,48.61111111111111,66.84,High,1,Normal,-0.1023,
812,Japan,2021,Phishing,Retail,81.26,245015,Nation-state,Zero-day,Firewall,41,81.26812681268127,24.51044631290421,56.94444444444444,59.38,Medium,1,Normal,-0.1075,
813,Japan,2017,SQL Injection,Banking,66.81,966993,Hacker Group,Social Engineering,VPN,64,66.81668166816682,96.73460813196816,88.88888888888889,80.21,High,1,Normal,-0.0379,
814,Australia,2016,Malware,Education,88.87,235062,Nation-state,Weak Passwords,Firewall,32,88.8788878887889,23.51478289575695,44.44444444444444,60.38,Medium,1,Normal,-0.0767,
815,Brazil,2022,Phishing,Healthcare,75.08,132520,Unknown,Zero-day,Antivirus,56,75.08750875087509,13.25683874614234,77.77777777777779,57.08,Medium,1,Normal,-0.08,
816,Germany,2016,SQL Injection,Retail,56.57,869605,Unknown,Social Engineering,VPN,51,56.57565756575658,86.9922521720428,70.83333333333334,68.55,High,1,Normal,-0.0885,
817,USA,2017,Phishing,Banking,96.27,637264,Hacker Group,Unpatched Software,AI-based Detection,11,96.27962796279628,63.74966862904961,15.27777777777778,70.32,High,1,Normal,-0.0454,
818,Russia,2021,DDoS,Banking,45.6,759356,Insider,Social Engineering,VPN,1,45.6045604560456,75.96332661421418,1.3888888888888888,45.87,Medium,1,Normal,-0.0431,
819,Brazil,2021,DDoS,Education,69.37,666096,Hacker Group,Zero-day,Encryption,9,69.37693769376938,66.63392138130418,12.5,57.18,Medium,1,Normal,-0.0814,
820,India,2021,SQL Injection,Telecommunications,68.91,851981,Nation-state,Zero-day,AI-based Detection,57,68.9168916891689,85.22920866116132,79.16666666666666,75.86,High,1,Normal,-0.082,
821,Australia,2024,Phishing,Banking,14.97,214740,Nation-state,Unpatched Software,Encryption,57,14.971497149714974,21.48184087191825,79.16666666666666,29.76,Low,1,Normal,-0.0576,
822,Brazil,2016,Phishing,Government,35.94,372653,Hacker Group,Weak Passwords,VPN,60,35.94359435943594,37.27890680098236,83.33333333333334,45.82,Medium,1,Normal,-0.094,
823,India,2024,Phishing,Banking,64.23,903871,Nation-state,Unpatched Software,Encryption,17,64.23642364236424,90.42010333771827,23.61111111111111,63.97,Medium,1,Normal,-0.0797,
824,India,2015,Malware,Education,64.29,924049,Nation-state,Social Engineering,VPN,5,64.2964296429643,92.43864010363782,6.944444444444445,61.27,Medium,1,Normal,-0.0361,
825,Australia,2020,Malware,Government,98.05,193983,Nation-state,Zero-day,Antivirus,31,98.05980598059806,19.405382964782145,43.05555555555556,63.46,Medium,1,Normal,-0.0312,
826,Russia,2021,Ransomware,Telecommunications,11.04,904330,Nation-state,Weak Passwords,VPN,49,11.04110411041104,90.46602009733552,68.05555555555556,46.27,Medium,1,Normal,-0.0555,
827,India,2018,SQL Injection,Education,52.05,874254,Nation-state,Zero-day,Antivirus,11,52.05520552055205,87.45732192250172,15.27777777777778,55.32,Medium,1,Normal,-0.0832,
828,Germany,2020,Man-in-the-Middle,Healthcare,28.81,691190,Nation-state,Unpatched Software,Firewall,27,28.81288128812881,69.14423764674106,37.5,42.65,Medium,1,Normal,-0.1001,
829,China,2024,DDoS,IT,61.42,412245,Nation-state,Social Engineering,Encryption,48,61.42614261426144,41.23955243663937,66.66666666666666,56.42,Medium,1,Normal,-0.1198,
830,France,2021,Man-in-the-Middle,Healthcare,53.77,302180,Insider,Weak Passwords,AI-based Detection,11,53.775377537753776,30.229033597263,15.27777777777778,39.01,Medium,1,Normal,-0.0764,
831,USA,2016,Ransomware,Government,8.21,537592,Nation-state,Social Engineering,Antivirus,11,8.210821082108213,53.778829272684526,15.27777777777778,23.29,Low,1,Normal,-0.0513,
832,Brazil,2022,SQL Injection,Retail,25.85,632061,Nation-state,Zero-day,Antivirus,2,25.852585258525856,63.22917865020733,2.7777777777777777,32.45,Low,1,Normal,-0.0209,
833,Brazil,2015,DDoS,Retail,67.52,224815,Nation-state,Social Engineering,Firewall,32,67.52675267526753,22.48970874369145,44.44444444444444,49.4,Medium,1,Normal,-0.1098,
834,India,2022,DDoS,IT,23.91,169310,Unknown,Weak Passwords,Encryption,36,23.912391239123917,16.937182071456082,50.0,27.04,Low,1,Normal,-0.0732,
835,Japan,2023,Man-in-the-Middle,Telecommunications,86.98,635827,Nation-state,Social Engineering,Encryption,72,86.98869886988699,63.60591615939818,100.0,82.58,High,-1,Anomaly,0.0,"High financial_loss_million, High resolution_time_hours, High risk_score"
836,UK,2022,Ransomware,IT,63.67,560021,Unknown,Zero-day,Encryption,43,63.676367636763686,56.02254823010399,59.72222222222222,60.59,Medium,1,Normal,-0.1303,
837,Japan,2021,Man-in-the-Middle,Government,61.03,768506,Nation-state,Zero-day,AI-based Detection,11,61.03610361036104,76.87866071115957,15.27777777777778,56.64,Medium,1,Normal,-0.0872,
838,Australia,2018,Phishing,Healthcare,39.94,755469,Hacker Group,Social Engineering,Antivirus,58,39.94399439943994,75.57448468691072,80.55555555555556,58.76,Medium,1,Normal,-0.0915,
839,India,2022,Ransomware,Retail,74.05,205336,Hacker Group,Social Engineering,AI-based Detection,2,74.05740574057405,20.541097500587718,2.7777777777777777,43.75,Medium,1,Normal,-0.0317,
840,France,2020,DDoS,IT,7.52,957779,Nation-state,Social Engineering,Encryption,17,7.520752075207521,95.81287169816984,23.61111111111111,37.23,Medium,1,Normal,-0.0226,
841,UK,2017,Malware,Education,29.47,85644,Hacker Group,Social Engineering,AI-based Detection,3,29.472947294729472,8.567527147408804,4.166666666666666,18.14,Low,-1,Anomaly,0.0103,"Low affected_users, Low resolution_time_hours, Low risk_score"
842,France,2019,Man-in-the-Middle,Telecommunications,75.99,561713,Insider,Unpatched Software,Firewall,31,75.997599759976,56.19181001065389,43.05555555555556,63.47,Medium,1,Normal,-0.116,
843,Germany,2017,Phishing,Healthcare,53.57,287762,Insider,Weak Passwords,Encryption,13,53.575357535753575,28.78670714810906,18.055555555555557,39.03,Medium,1,Normal,-0.0783,
844,India,2015,Phishing,Healthcare,76.08,471550,Unknown,Zero-day,VPN,5,76.0876087608761,47.17221785951872,6.944444444444445,53.58,Medium,1,Normal,-0.0607,
845,Japan,2018,SQL Injection,IT,69.19,33209,Insider,Unpatched Software,AI-based Detection,66,69.1969196919692,3.322112571088448,91.66666666666666,53.93,Medium,1,Normal,-0.0447,
846,China,2017,Phishing,Retail,45.83,395251,Unknown,Unpatched Software,Encryption,33,45.83458345834583,39.539531929154144,45.83333333333333,43.95,Medium,1,Normal,-0.1193,
847,Germany,2019,DDoS,IT,14.77,491791,Hacker Group,Zero-day,Encryption,66,14.771477147714773,49.19705692577791,91.66666666666666,40.48,Medium,1,Normal,-0.0594,
848,Australia,2016,Phishing,Healthcare,53.81,279874,Hacker Group,Unpatched Software,AI-based Detection,66,53.815381538153815,27.99761913098281,91.66666666666666,53.64,Medium,1,Normal,-0.0738,
849,France,2019,Malware,IT,71.94,881326,Insider,Unpatched Software,Firewall,43,71.94719471947195,88.16478014475283,59.72222222222222,74.37,High,1,Normal,-0.0888,
850,UK,2023,DDoS,IT,68.86,749700,Nation-state,Zero-day,AI-based Detection,35,68.86688668866887,74.99737404152515,48.61111111111111,66.65,High,1,Normal,-0.1048,
851,UK,2022,Phishing,Government,97.56,722445,Nation-state,Weak Passwords,Firewall,10,97.56975697569756,72.27087887078784,13.88888888888889,73.24,High,1,Normal,-0.0295,
852,USA,2023,Ransomware,Government,84.13,695841,Nation-state,Zero-day,AI-based Detection,21,84.13841384138414,69.60950747022663,29.166666666666668,68.79,High,1,Normal,-0.0938,
853,USA,2020,SQL Injection,Government,40.95,803757,Hacker Group,Social Engineering,Firewall,33,40.95409540954096,80.4050478424625,45.83333333333333,53.77,Medium,1,Normal,-0.1135,
854,Japan,2022,DDoS,IT,20.16,174510,Insider,Zero-day,AI-based Detection,60,20.162016201620165,17.457371940758375,83.33333333333334,31.98,Low,1,Normal,-0.0646,
855,Germany,2022,SQL Injection,Retail,11.51,857660,Hacker Group,Zero-day,VPN,37,11.511151115111511,85.79731602034742,51.388888888888886,41.77,Medium,1,Normal,-0.0658,
856,UK,2020,SQL Injection,Banking,47.67,729265,Unknown,Zero-day,Firewall,42,47.67476747674768,72.95312789168045,58.333333333333336,57.39,Medium,1,Normal,-0.1172,
857,India,2023,Phishing,Retail,38.89,836604,Hacker Group,Unpatched Software,AI-based Detection,44,38.893889388938895,83.69094719572644,61.11111111111112,56.78,Medium,1,Normal,-0.1009,
858,China,2016,Malware,Government,91.69,885843,Insider,Unpatched Software,AI-based Detection,46,91.69916991699168,88.61664507545254,63.888888888888886,85.21,High,1,Normal,-0.042,
859,France,2015,Man-in-the-Middle,Education,17.94,808798,Unknown,Social Engineering,Encryption,60,17.941794179417943,80.90933190614574,83.33333333333334,49.91,Medium,1,Normal,-0.0777,
860,Russia,2018,Man-in-the-Middle,Telecommunications,30.5,401208,Hacker Group,Unpatched Software,VPN,10,30.503050305030506,40.13544943904525,13.88888888888889,30.07,Low,1,Normal,-0.0742,
861,Japan,2021,Ransomware,Healthcare,77.33,380970,Nation-state,Weak Passwords,Encryption,44,77.33773377337734,38.11091048232605,61.11111111111112,62.32,Medium,1,Normal,-0.1211,
862,USA,2021,Phishing,Healthcare,70.03,248437,Hacker Group,Social Engineering,Encryption,70,70.03700370037004,24.85277126151045,97.2222222222222,61.92,Medium,1,Normal,-0.065,
863,Australia,2024,SQL Injection,Retail,66.49,709125,Hacker Group,Weak Passwords,AI-based Detection,37,66.49664966496648,70.93839251326735,51.388888888888886,64.81,Medium,1,Normal,-0.1074,
864,Japan,2018,Malware,Education,5.33,656250,Hacker Group,Social Engineering,Firewall,67,5.330533053305331,65.64896187108295,93.05555555555556,40.97,Medium,1,Normal,-0.0284,
865,India,2020,Ransomware,Healthcare,10.46,32616,Unknown,Unpatched Software,Firewall,63,10.461046104610462,3.26279091868532,87.5,23.71,Low,-1,Anomaly,0.0164,"Low financial_loss_million, Low affected_users, High resolution_time_hours, Low risk_score"
866,Australia,2017,Phishing,Healthcare,39.3,290846,Unknown,Weak Passwords,Firewall,3,39.3039303930393,29.09521975521065,4.166666666666666,29.21,Low,1,Normal,-0.0457,
867,India,2023,DDoS,Banking,23.83,557428,Insider,Unpatched Software,VPN,38,23.832383238323832,55.76315355104613,52.77777777777778,39.2,Medium,1,Normal,-0.1085,
868,Japan,2015,DDoS,Banking,59.13,182440,Insider,Zero-day,Firewall,8,59.13591359135915,18.25066149144438,11.11111111111111,37.27,Medium,1,Normal,-0.054,
869,Australia,2021,DDoS,Government,30.24,292383,Insider,Social Engineering,Encryption,71,30.243024302430243,29.24897587619481,98.61111111111111,43.62,Medium,1,Normal,-0.0583,
870,France,2017,DDoS,Government,86.82,99728,Nation-state,Unpatched Software,VPN,44,86.82868286828682,9.976441401111405,61.11111111111112,58.63,Medium,1,Normal,-0.0654,
871,USA,2015,DDoS,IT,66.39,365006,Insider,Weak Passwords,VPN,47,66.39663966396641,36.513927583568,65.27777777777779,57.21,Medium,1,Normal,-0.1199,
872,Russia,2019,Ransomware,Telecommunications,61.11,605427,Nation-state,Zero-day,Encryption,33,61.11611161116112,60.5648061542463,45.83333333333333,57.89,Medium,1,Normal,-0.1168,
873,USA,2022,Malware,Retail,7.65,864358,Hacker Group,Unpatched Software,VPN,11,7.650765076507652,86.46736058661412,15.27777777777778,32.82,Low,1,Normal,-0.0351,
874,USA,2016,Ransomware,Retail,9.82,610968,Unknown,Unpatched Software,Antivirus,26,9.82098209820982,61.11910847459323,36.11111111111111,30.47,Low,1,Normal,-0.076,
875,China,2016,DDoS,IT,67.28,413150,Hacker Group,Social Engineering,Firewall,27,67.2867286728673,41.33008548120064,37.5,53.54,Medium,1,Normal,-0.1221,
876,USA,2017,Malware,Education,13.14,681956,Nation-state,Social Engineering,Antivirus,35,13.141314131413145,68.22050048267617,48.61111111111111,36.76,Medium,1,Normal,-0.0727,
877,Australia,2016,Man-in-the-Middle,IT,84.46,94162,Unknown,Weak Passwords,Firewall,15,84.46844684468446,9.419638167931296,20.833333333333336,49.23,Medium,1,Normal,-0.0611,
878,France,2023,Man-in-the-Middle,Retail,9.43,565002,Hacker Group,Unpatched Software,Firewall,72,9.43094309430943,56.5208301029876,100.0,41.67,Medium,1,Normal,-0.0408,
879,France,2017,Phishing,Retail,90.69,275185,Nation-state,Zero-day,Encryption,20,90.6990699069907,27.5285479199908,27.77777777777778,59.16,Medium,1,Normal,-0.08,
880,Russia,2021,DDoS,Retail,37.47,476758,Hacker Group,Unpatched Software,AI-based Detection,19,37.47374737473748,47.69320802092764,26.38888888888889,38.32,Medium,1,Normal,-0.0991,
881,USA,2024,SQL Injection,Banking,7.2,312607,Hacker Group,Weak Passwords,Antivirus,24,7.200720072007201,31.27211432172743,33.33333333333333,19.65,Low,1,Normal,-0.0552,
882,Russia,2017,Phishing,Banking,94.15,963192,Hacker Group,Weak Passwords,VPN,7,94.15941594159418,96.35436934481083,9.722222222222223,77.93,High,-1,Anomaly,0.0206,"High financial_loss_million, High affected_users, Low resolution_time_hours, High risk_score"
883,Australia,2015,Malware,Healthcare,42.15,680874,Unknown,Zero-day,Antivirus,8,42.15421542154216,68.11226097525596,11.11111111111111,43.73,Medium,1,Normal,-0.0793,
884,France,2018,DDoS,Government,15.71,904770,Hacker Group,Social Engineering,Antivirus,4,15.711571157115714,90.51003616319956,5.555555555555555,36.12,Medium,1,Normal,-0.0234,
885,USA,2022,SQL Injection,Government,98.46,429452,Hacker Group,Weak Passwords,Antivirus,6,98.46984698469848,42.96088072146333,8.333333333333332,63.79,Medium,1,Normal,-0.0087,
886,USA,2018,Ransomware,Healthcare,51.71,858128,Hacker Group,Social Engineering,Antivirus,35,51.71517151715172,85.84413310858463,48.61111111111111,61.33,Medium,1,Normal,-0.1023,
887,China,2021,Malware,Education,42.26,615849,Nation-state,Unpatched Software,Encryption,44,42.26422642264227,61.6073866961441,61.11111111111112,51.84,Medium,1,Normal,-0.1127,
888,UK,2019,Phishing,Education,99.45,467349,Nation-state,Zero-day,Firewall,44,99.45994599459948,46.75196446703047,61.11111111111112,75.98,High,1,Normal,-0.0432,
889,France,2021,SQL Injection,Retail,63.74,235418,Nation-state,Weak Passwords,Encryption,28,63.74637463746375,23.55039589450149,38.88888888888889,46.72,Medium,1,Normal,-0.1073,
890,Australia,2017,SQL Injection,IT,5.05,823606,Insider,Weak Passwords,Encryption,25,5.05050505050505,82.39067259549736,34.72222222222222,34.19,Medium,1,Normal,-0.0374,
891,China,2020,SQL Injection,IT,89.38,923489,Nation-state,Unpatched Software,Firewall,66,89.38893889388939,92.3826196561745,91.66666666666666,90.74,High,-1,Anomaly,0.0153,"High financial_loss_million, High affected_users, High resolution_time_hours, High risk_score"
892,USA,2024,Phishing,IT,58.57,630793,Hacker Group,Social Engineering,AI-based Detection,64,58.57585758575858,63.10233235130824,88.88888888888889,66.0,Medium,1,Normal,-0.0842,
893,France,2015,SQL Injection,Education,65.83,691903,Unknown,Zero-day,VPN,54,65.83658365836584,69.21556368074347,75.0,68.68,High,1,Normal,-0.1007,
894,UK,2019,Phishing,Government,79.79,133632,Hacker Group,Weak Passwords,Firewall,8,79.7979797979798,13.368079348962372,11.11111111111111,46.13,Medium,1,Normal,-0.0478,
895,Australia,2017,Phishing,Banking,90.5,42278,Insider,Weak Passwords,AI-based Detection,45,90.50905090509052,4.229343710454316,62.5,59.02,Medium,1,Normal,-0.031,
896,Germany,2016,Phishing,IT,2.1,176471,Unknown,Zero-day,VPN,9,2.1002100210021,17.653543543393337,12.5,8.85,Low,-1,Anomaly,0.0402,"Low financial_loss_million, Low affected_users, Low resolution_time_hours, Low risk_score"
897,India,2015,SQL Injection,Telecommunications,63.72,916516,Hacker Group,Social Engineering,Encryption,68,63.72637263726373,91.6850650487428,94.44444444444444,78.26,High,1,Normal,-0.0321,
898,Japan,2023,SQL Injection,Government,87.8,510002,Hacker Group,Social Engineering,Firewall,62,87.80878087808782,51.01882186998255,86.11111111111111,76.43,High,1,Normal,-0.0577,
899,UK,2015,Malware,IT,82.45,435994,Nation-state,Unpatched Software,Encryption,51,82.45824582458246,43.61531959165095,70.83333333333334,68.48,High,1,Normal,-0.1057,
900,India,2016,Ransomware,IT,66.19,537670,Hacker Group,Unpatched Software,Encryption,55,66.1966196619662,53.78663212072407,76.38888888888889,64.51,Medium,1,Normal,-0.1081,
901,Russia,2022,Malware,Banking,39.62,850339,Hacker Group,Social Engineering,Firewall,50,39.62396239623963,85.06494870627779,69.44444444444444,59.22,Medium,1,Normal,-0.0969,
902,Japan,2021,DDoS,Government,35.46,937562,Unknown,Zero-day,Firewall,10,35.46354635463547,93.7904335082305,13.88888888888889,48.65,Medium,1,Normal,-0.0627,
903,France,2020,Malware,Government,10.62,405267,Nation-state,Unpatched Software,AI-based Detection,5,10.62106210621062,40.54149764664102,6.944444444444445,18.86,Low,1,Normal,-0.0209,
904,China,2022,DDoS,Government,80.76,346279,Unknown,Zero-day,Encryption,59,80.76807680768077,34.64054379848645,81.94444444444444,67.17,High,1,Normal,-0.0813,
905,Brazil,2016,DDoS,Telecommunications,10.45,889928,Nation-state,Zero-day,Encryption,63,10.45104510451045,89.02529423239483,87.5,49.43,Medium,1,Normal,-0.032,
906,France,2018,SQL Injection,Healthcare,0.95,376206,Unknown,Unpatched Software,Antivirus,44,0.9500950095009502,37.63433653283448,61.11111111111112,23.99,Low,1,Normal,-0.027,
907,India,2018,Ransomware,IT,27.14,227433,Unknown,Unpatched Software,Antivirus,13,27.142714271427145,22.75160433558249,18.055555555555557,24.01,Low,1,Normal,-0.0679,
908,Germany,2023,Ransomware,Healthcare,54.79,393779,Nation-state,Weak Passwords,Encryption,39,54.7954795479548,39.39227818153626,54.16666666666666,50.05,Medium,1,Normal,-0.1242,
909,Russia,2022,Ransomware,IT,41.08,529025,Insider,Unpatched Software,AI-based Detection,42,41.08410841084108,52.921816463008994,58.333333333333336,48.09,Medium,1,Normal,-0.1257,
910,Brazil,2024,Man-in-the-Middle,Education,8.94,451311,Unknown,Weak Passwords,Encryption,14,8.94089408940894,45.14757886628619,19.444444444444446,21.9,Low,1,Normal,-0.0684,
911,India,2017,Ransomware,Education,98.11,677198,Unknown,Social Engineering,VPN,28,98.11981198119813,67.74452675226458,38.88888888888889,77.16,High,1,Normal,-0.0415,
912,Russia,2024,Man-in-the-Middle,Healthcare,9.4,480988,Nation-state,Unpatched Software,Encryption,59,9.400940094009403,48.11636247230239,81.94444444444444,35.52,Medium,1,Normal,-0.0579,
913,Australia,2015,Ransomware,Telecommunications,46.39,605536,Nation-state,Unpatched Software,VPN,61,46.3946394639464,60.57571013419898,84.72222222222221,58.31,Medium,1,Normal,-0.0955,
914,Brazil,2018,Ransomware,Banking,30.61,910960,Nation-state,Social Engineering,Antivirus,31,30.61306130613061,91.12926218069596,43.05555555555556,51.26,Medium,1,Normal,-0.088,
915,China,2018,Ransomware,Banking,43.98,386308,Nation-state,Weak Passwords,Antivirus,3,43.98439843984399,38.64490539046752,4.166666666666666,34.42,Medium,1,Normal,-0.0652,
916,Australia,2017,Man-in-the-Middle,Banking,54.38,100855,Unknown,Social Engineering,VPN,2,54.38543854385439,10.089182551631346,2.7777777777777777,30.78,Low,1,Normal,-0.019,
917,China,2023,Malware,Education,23.74,317922,Insider,Social Engineering,Antivirus,18,23.742374237423743,31.80380839006237,25.0,26.41,Low,1,Normal,-0.0863,
918,USA,2018,DDoS,IT,82.13,220618,Unknown,Weak Passwords,Firewall,59,82.13821382138214,22.069855497256498,81.94444444444444,64.08,Medium,1,Normal,-0.0739,
919,India,2015,Ransomware,Telecommunications,24.7,825941,Hacker Group,Unpatched Software,VPN,54,24.702470247024703,82.62425785411676,75.0,52.14,Medium,1,Normal,-0.0839,
920,China,2022,Malware,Education,60.9,331234,Unknown,Social Engineering,Antivirus,3,60.9060906090609,33.13549445547625,4.166666666666666,41.23,Medium,1,Normal,-0.0469,
921,China,2020,Man-in-the-Middle,Telecommunications,14.61,855055,Hacker Group,Unpatched Software,Antivirus,59,14.611461146114612,85.53672090312963,81.94444444444444,49.36,Medium,1,Normal,-0.057,
922,Japan,2022,DDoS,Telecommunications,34.31,305329,Unknown,Unpatched Software,Firewall,40,34.31343134313431,30.54404857773087,55.55555555555556,37.43,Medium,1,Normal,-0.1008,
923,Japan,2020,Phishing,Government,32.39,442923,Nation-state,Social Engineering,Encryption,57,32.39323932393239,44.30847259249626,79.16666666666666,45.32,Medium,1,Normal,-0.0928,
924,UK,2015,Ransomware,Banking,79.3,893277,Unknown,Social Engineering,Firewall,15,79.30793079307931,89.36031651552817,20.833333333333336,70.63,High,1,Normal,-0.0651,
925,China,2020,Malware,Healthcare,30.86,240532,Insider,Weak Passwords,Encryption,64,30.863086308630866,24.061982623657634,88.88888888888889,40.43,Medium,1,Normal,-0.0736,
926,USA,2016,DDoS,Healthcare,93.14,947960,Nation-state,Weak Passwords,Firewall,55,93.14931493149317,94.83061317380844,76.38888888888889,90.3,High,-1,Anomaly,0.0044,"High financial_loss_million, High affected_users, High resolution_time_hours, High risk_score"
927,Brazil,2018,Malware,Healthcare,52.87,437283,Insider,Zero-day,Antivirus,30,52.87528752875288,43.74426665732993,41.66666666666667,47.89,Medium,1,Normal,-0.113,
928,China,2019,Malware,Healthcare,29.61,761390,Insider,Weak Passwords,Antivirus,7,29.612961296129612,76.16680088232205,9.722222222222223,39.6,Medium,1,Normal,-0.0517,
929,France,2019,Phishing,Retail,25.75,998507,Insider,Weak Passwords,AI-based Detection,15,25.75257525752576,99.88715881296672,20.833333333333336,47.01,Medium,1,Normal,-0.04,
930,India,2017,DDoS,Retail,82.17,593329,Hacker Group,Unpatched Software,AI-based Detection,62,82.17821782178218,59.35456441601185,86.11111111111111,76.12,High,1,Normal,-0.0637,
931,UK,2019,Phishing,Banking,60.07,197590,Insider,Zero-day,Encryption,62,60.076007600760086,19.76621466835395,86.11111111111111,53.19,Medium,1,Normal,-0.0887,
932,Japan,2017,Ransomware,Banking,50.75,53111,Hacker Group,Social Engineering,Antivirus,15,50.75507550755077,5.313039259329655,20.833333333333336,31.14,Low,1,Normal,-0.0496,
933,Australia,2017,Phishing,Retail,14.88,69641,Hacker Group,Unpatched Software,Firewall,54,14.881488148814883,6.96664282463099,75.0,24.53,Low,1,Normal,-0.0337,
934,Germany,2022,DDoS,IT,73.98,953770,Insider,Weak Passwords,Firewall,54,73.987398739874,95.41182531624042,75.0,80.62,High,1,Normal,-0.0521,
935,Japan,2023,SQL Injection,Retail,42.33,643549,Nation-state,Weak Passwords,VPN,20,42.33423342334233,64.37839811531208,27.77777777777778,46.04,Medium,1,Normal,-0.1147,
936,Brazil,2022,Man-in-the-Middle,Education,77.98,899279,Insider,Zero-day,Firewall,39,77.98779877987799,89.960735668519,54.16666666666666,76.82,High,1,Normal,-0.0788,
937,India,2016,Ransomware,Education,8.55,857887,Unknown,Social Engineering,Firewall,44,8.550855085508552,85.82002430887273,61.11111111111112,42.24,Medium,1,Normal,-0.0581,
938,Russia,2016,Phishing,Government,30.57,503775,Unknown,Zero-day,VPN,71,30.57305730573058,50.395894501493046,98.61111111111111,50.13,Medium,1,Normal,-0.064,
939,Japan,2015,SQL Injection,IT,36.98,452892,Unknown,Weak Passwords,VPN,17,36.98369836983698,45.30573659385676,23.61111111111111,36.81,Medium,1,Normal,-0.1037,
940,Russia,2018,Ransomware,Healthcare,24.06,327566,Unknown,Unpatched Software,AI-based Detection,6,24.062406240624064,32.76856052459148,8.333333333333332,23.53,Low,1,Normal,-0.0444,
941,Australia,2018,Ransomware,Education,50.66,851204,Insider,Zero-day,Firewall,3,50.66506650665067,85.15148029030595,4.166666666666666,51.71,Medium,1,Normal,-0.0364,
942,UK,2017,Man-in-the-Middle,Government,79.27,923309,Hacker Group,Unpatched Software,Firewall,29,79.27792779277928,92.36461308377558,40.27777777777778,75.4,High,1,Normal,-0.0645,
943,Brazil,2023,Phishing,Banking,71.86,151590,Nation-state,Zero-day,Antivirus,30,71.86718671867187,15.164535055295184,41.66666666666667,48.82,Medium,1,Normal,-0.0998,
944,UK,2022,DDoS,Education,21.01,452432,Nation-state,Unpatched Software,Firewall,8,21.012101210121013,45.25971979772617,11.11111111111111,26.31,Low,1,Normal,-0.0639,
945,Japan,2015,Ransomware,Retail,95.38,769596,Nation-state,Weak Passwords,VPN,65,95.3895389538954,76.9877005106864,90.2777777777778,88.85,High,-1,Anomaly,0.0045,"High financial_loss_million, High affected_users, High resolution_time_hours, High risk_score"
946,Germany,2022,Phishing,Banking,14.79,407151,Unknown,Weak Passwords,Antivirus,37,14.79147914791479,40.72996643774977,51.388888888888886,29.89,Low,1,Normal,-0.0954,
947,Brazil,2023,DDoS,IT,45.97,312555,Nation-state,Social Engineering,AI-based Detection,67,45.97459745974597,31.26691242303441,93.05555555555556,50.98,Medium,1,Normal,-0.0607,
948,Brazil,2019,Man-in-the-Middle,Government,76.39,311908,Unknown,Weak Passwords,Encryption,68,76.3976397639764,31.2021887989116,94.44444444444444,66.45,High,1,Normal,-0.0629,
949,China,2018,Malware,Banking,68.55,59979,Insider,Zero-day,Firewall,41,68.55685568556856,6.000090032861995,56.94444444444444,47.47,Medium,1,Normal,-0.0791,
950,Japan,2019,Malware,IT,9.86,233545,Unknown,Zero-day,Antivirus,55,9.860986098609862,23.363027505039337,76.38888888888889,27.22,Low,1,Normal,-0.0474,
951,France,2020,Man-in-the-Middle,Retail,89.85,722081,Hacker Group,Zero-day,VPN,33,89.85898589858986,72.23446557993668,45.83333333333333,75.77,High,1,Normal,-0.0832,
952,Russia,2024,SQL Injection,Healthcare,76.99,873037,Nation-state,Unpatched Software,Antivirus,31,76.997699769977,87.33557748578231,43.05555555555556,73.31,High,1,Normal,-0.0805,
953,India,2022,Malware,IT,12.08,482213,Nation-state,Social Engineering,AI-based Detection,3,12.081208120812082,48.23890720112841,4.166666666666666,21.35,Low,1,Normal,-0.0298,
954,India,2020,Phishing,Education,39.72,512850,Hacker Group,Zero-day,Antivirus,15,39.72397239723973,51.30372585993888,20.833333333333336,39.42,Medium,1,Normal,-0.0868,
955,China,2023,Man-in-the-Middle,Telecommunications,37.73,849834,Hacker Group,Zero-day,AI-based Detection,56,37.73377337733773,85.01443026704747,77.77777777777779,59.93,Medium,1,Normal,-0.0843,
956,Brazil,2022,Malware,Retail,78.03,660707,Insider,Unpatched Software,Firewall,11,78.03780378037804,66.09482461098301,15.27777777777778,61.9,Medium,1,Normal,-0.089,
957,USA,2021,Ransomware,Education,6.77,697935,Unknown,Social Engineering,AI-based Detection,16,6.770677067706771,69.81898392913413,22.22222222222222,28.78,Low,1,Normal,-0.0556,
958,Russia,2019,Malware,IT,71.92,500655,Nation-state,Zero-day,AI-based Detection,8,71.92719271927194,50.08378057991166,11.11111111111111,53.21,Medium,1,Normal,-0.0766,
959,USA,2020,Ransomware,IT,95.79,239343,Nation-state,Zero-day,VPN,63,95.7995799579958,23.9430392093114,87.5,72.58,High,1,Normal,-0.0234,
960,China,2023,Phishing,Retail,90.04,143728,Unknown,Zero-day,AI-based Detection,57,90.04900490049006,14.378047987515444,79.16666666666666,65.17,Medium,1,Normal,-0.0454,
961,USA,2020,Phishing,Retail,99.64,464717,Insider,Weak Passwords,VPN,27,99.64996499649963,46.48866836395285,37.5,71.27,High,1,Normal,-0.0351,
962,Russia,2018,SQL Injection,Education,1.25,351063,Nation-state,Weak Passwords,Firewall,56,1.2501250125012502,35.11911847824456,77.77777777777779,26.72,Low,1,Normal,-0.0266,
963,Australia,2015,DDoS,Government,13.96,479025,Nation-state,Zero-day,Antivirus,54,13.961396139613964,47.91999079664077,75.0,36.36,Medium,1,Normal,-0.0801,
964,Germany,2021,DDoS,Banking,1.62,823004,Nation-state,Zero-day,Encryption,22,1.62016201620162,82.33045061447429,30.55555555555556,31.62,Low,1,Normal,-0.0213,
965,Russia,2021,DDoS,Education,18.47,394957,Hacker Group,Weak Passwords,Antivirus,27,18.47184718471847,39.5101211942359,37.5,28.59,Low,1,Normal,-0.0931,
966,France,2019,Phishing,Telecommunications,28.88,96640,Unknown,Social Engineering,Antivirus,60,28.882888288828884,9.667528647956503,83.33333333333334,34.01,Medium,1,Normal,-0.0623,
967,Russia,2024,DDoS,Education,19.5,325634,Insider,Weak Passwords,Firewall,5,19.501950195019504,32.57528998084301,6.944444444444445,20.91,Low,1,Normal,-0.0372,
968,France,2023,SQL Injection,Government,29.63,662667,Hacker Group,Zero-day,VPN,30,29.632963296329635,66.29089617710464,41.66666666666667,43.04,Medium,1,Normal,-0.0966,
969,USA,2024,Phishing,IT,57.24,107681,Unknown,Zero-day,VPN,18,57.24572457245725,10.772031791603936,25.0,36.85,Medium,1,Normal,-0.0771,
970,Russia,2017,Phishing,Banking,3.2,982243,Insider,Zero-day,Encryption,6,3.2003200320032,98.26016496021047,8.333333333333332,32.74,Low,-1,Anomaly,0.0161,"Low financial_loss_million, High affected_users, Low resolution_time_hours"
971,Japan,2022,SQL Injection,Government,79.19,950425,Unknown,Social Engineering,Antivirus,54,79.1979197919792,95.0772031791604,75.0,83.12,High,1,Normal,-0.0431,
972,Brazil,2017,Ransomware,Education,80.5,279808,Insider,Social Engineering,Antivirus,60,80.50805080508052,27.9910167211032,83.33333333333334,65.32,Medium,1,Normal,-0.0768,
973,India,2024,SQL Injection,Telecommunications,71.2,190099,Unknown,Zero-day,AI-based Detection,15,71.20712071207122,19.016841147018663,20.833333333333336,45.48,Medium,1,Normal,-0.0806,
974,Brazil,2019,Malware,Government,12.04,713035,Nation-state,Social Engineering,AI-based Detection,59,12.041204120412042,71.32953528037734,81.94444444444444,43.81,Medium,1,Normal,-0.0655,
975,Australia,2016,Malware,Retail,29.05,817347,Nation-state,Weak Passwords,Antivirus,68,29.052905290529058,81.76454405858138,94.44444444444444,57.94,Medium,1,Normal,-0.0653,
976,Germany,2023,Ransomware,Healthcare,28.18,707214,Unknown,Weak Passwords,AI-based Detection,11,28.182818281828183,70.74722273629875,15.27777777777778,38.37,Medium,1,Normal,-0.0703,
977,UK,2016,DDoS,Retail,39.26,668780,Hacker Group,Zero-day,Firewall,33,39.26392639263926,66.90241938307481,45.83333333333333,48.87,Medium,1,Normal,-0.1123,
978,Russia,2015,DDoS,Telecommunications,57.21,609196,Unknown,Social Engineering,VPN,4,57.21572157215722,60.94184377297714,5.555555555555555,48.0,Medium,1,Normal,-0.0638,
979,USA,2021,Man-in-the-Middle,Telecommunications,83.88,980367,Nation-state,Unpatched Software,Firewall,3,83.88838883888388,98.07249646120832,4.166666666666666,72.2,High,-1,Anomaly,0.0265,"High financial_loss_million, High affected_users, Low resolution_time_hours"
980,Russia,2022,Man-in-the-Middle,IT,84.1,919858,Nation-state,Unpatched Software,Encryption,47,84.10841084108411,92.01938707628284,65.27777777777779,82.72,High,1,Normal,-0.0522,
981,France,2017,DDoS,Healthcare,39.49,195459,Hacker Group,Weak Passwords,Encryption,14,39.4939493949395,19.553036858453336,19.444444444444446,29.5,Low,1,Normal,-0.0706,
982,Russia,2015,Man-in-the-Middle,Government,46.76,713342,Unknown,Weak Passwords,Encryption,36,46.764676467646765,71.36024648996883,50.0,54.79,Medium,1,Normal,-0.115,
983,UK,2019,DDoS,Banking,80.68,19007,Nation-state,Unpatched Software,VPN,29,80.6880688068807,1.9013940088132169,40.27777777777778,48.97,Medium,1,Normal,-0.0538,
984,China,2022,Ransomware,Government,86.56,963091,Insider,Zero-day,VPN,37,86.56865686568658,96.3442656569648,51.388888888888886,82.47,High,1,Normal,-0.0124,
985,UK,2017,Malware,Government,66.25,726887,Hacker Group,Social Engineering,Firewall,13,66.25662566256626,72.71524106298799,18.055555555555557,58.55,Medium,1,Normal,-0.0918,
986,Russia,2021,DDoS,IT,78.76,130413,Unknown,Social Engineering,Encryption,66,78.76787678767879,13.046061812561586,91.66666666666666,61.63,Medium,1,Normal,-0.0491,
987,Germany,2017,Malware,Banking,97.68,906914,Hacker Group,Zero-day,AI-based Detection,15,97.68976897689772,90.72451444777344,20.833333333333336,80.23,High,1,Normal,-0.025,
988,China,2020,Ransomware,IT,14.94,557218,Nation-state,Zero-day,Firewall,70,14.94149414941494,55.74214588324738,97.2222222222222,43.64,Medium,1,Normal,-0.0656,
989,Russia,2018,SQL Injection,Banking,59.29,380543,Unknown,Weak Passwords,VPN,26,59.2959295929593,38.06819489113526,36.11111111111111,48.29,Medium,1,Normal,-0.1178,
990,UK,2022,Malware,Retail,39.55,337363,Insider,Social Engineering,VPN,2,39.55395539553955,33.74861824565967,2.7777777777777777,30.46,Low,1,Normal,-0.0362,
991,China,2018,DDoS,IT,14.04,803086,Nation-state,Social Engineering,VPN,23,14.04140414041404,80.33792334201983,31.944444444444443,37.51,Medium,1,Normal,-0.0598,
992,China,2024,Man-in-the-Middle,IT,63.79,195858,Hacker Group,Zero-day,Encryption,1,63.7963796379638,19.592951427270958,1.3888888888888888,38.05,Medium,1,Normal,-0.0224,
993,India,2019,Malware,Banking,37.03,358371,Insider,Weak Passwords,AI-based Detection,30,37.03370337033704,35.850185317640936,41.66666666666667,37.61,Medium,1,Normal,-0.1089,
994,Australia,2019,Phishing,Retail,9.12,212267,Insider,Zero-day,Antivirus,14,9.12091209120912,21.23445057445968,19.444444444444446,14.82,Low,1,Normal,-0.0293,
995,France,2021,Man-in-the-Middle,Healthcare,52.04,757744,Nation-state,Zero-day,Antivirus,43,52.045204520452046,75.80206775473047,59.72222222222222,60.71,Medium,1,Normal,-0.1147,
996,Japan,2017,Ransomware,Retail,59.13,747705,Insider,Unpatched Software,VPN,47,59.13591359135915,74.79780119743707,65.27777777777779,65.06,Medium,1,Normal,-0.1003,
997,USA,2024,Phishing,Telecommunications,64.67,996651,Hacker Group,Weak Passwords,Encryption,69,64.67646764676468,99.70149104423116,95.83333333333334,81.42,High,-1,Anomaly,0.0045,"High affected_users, High resolution_time_hours, High risk_score"
998,UK,2015,Ransomware,Government,52.78,281905,Insider,Social Engineering,VPN,32,52.78527852785279,28.200793289550685,44.44444444444444,43.74,Medium,1,Normal,-0.1092,
999,Brazil,2019,Man-in-the-Middle,Healthcare,7.44,739981,Unknown,Social Engineering,Antivirus,54,7.440744074407442,74.0251191684965,75.0,40.93,Medium,1,Normal,-0.051,
1000,France,2016,SQL Injection,Telecommunications,47.19,554448,Hacker Group,Social Engineering,Antivirus,31,47.1947194719472,55.46504474133058,43.05555555555556,48.85,Medium,1,Normal,-0.1163,
1001,USA,2016,Ransomware,Healthcare,99.19,745103,Insider,Unpatched Software,Encryption,8,99.1999199919992,74.53750618975926,11.11111111111111,74.18,High,-1,Anomaly,0.0001,"High financial_loss_million, Low resolution_time_hours"
1002,India,2015,DDoS,Healthcare,10.94,600279,Insider,Unpatched Software,AI-based Detection,16,10.94109410941094,60.04981818363703,22.22222222222222,27.93,Low,1,Normal,-0.0675,
1003,Russia,2016,Man-in-the-Middle,IT,48.86,973654,Unknown,Unpatched Software,Encryption,23,48.86488648864887,97.40095134724174,31.944444444444443,60.04,Medium,1,Normal,-0.077,
1004,China,2016,DDoS,Telecommunications,80.48,78123,Hacker Group,Social Engineering,Antivirus,50,80.48804880488049,7.815152530673695,69.44444444444444,56.48,Medium,1,Normal,-0.0648,
1005,UK,2015,Man-in-the-Middle,Government,69.96,675955,Insider,Zero-day,Antivirus,60,69.96699669966996,67.62018136619866,83.33333333333334,71.94,High,1,Normal,-0.0853,
1006,China,2016,DDoS,IT,18.96,122866,Insider,Unpatched Software,VPN,46,18.96189618961896,12.291086246479964,63.888888888888886,25.95,Low,1,Normal,-0.0701,
1007,Russia,2018,Ransomware,Education,66.33,177570,Nation-state,Social Engineering,Encryption,72,66.33663366336634,17.76348367154011,100.0,58.5,Medium,1,Normal,-0.0528,
1008,France,2024,Man-in-the-Middle,Retail,60.4,774913,Unknown,Unpatched Software,Antivirus,43,60.40604060406041,77.519594652048,59.72222222222222,65.4,Medium,1,Normal,-0.1056,
1009,China,2024,Phishing,IT,24.92,852327,Unknown,Zero-day,VPN,44,24.922492249224927,85.26382129477258,61.11111111111112,50.26,Medium,1,Normal,-0.0873,
1010,Australia,2019,DDoS,IT,32.06,775033,Hacker Group,Zero-day,Antivirus,8,32.06320632063206,77.53159903364728,11.11111111111111,41.51,Medium,1,Normal,-0.0616,
1011,China,2022,Phishing,Telecommunications,71.77,823093,Insider,Zero-day,Firewall,36,71.77717771777178,82.33935386416042,50.0,70.59,High,1,Normal,-0.0961,
1012,France,2018,Phishing,Government,70.59,947445,Insider,Social Engineering,Encryption,59,70.5970597059706,94.77909436944483,81.94444444444444,80.12,High,1,Normal,-0.0565,
1013,Japan,2018,DDoS,IT,75.34,972713,Unknown,Unpatched Software,Encryption,71,75.34753475347536,97.3068169882007,98.61111111111111,86.59,High,-1,Anomaly,0.0172,"High affected_users, High resolution_time_hours, High risk_score"
1014,France,2023,Malware,Banking,9.99,116840,Unknown,Zero-day,Firewall,51,9.990999099909992,11.688266217169268,70.83333333333334,22.67,Low,1,Normal,-0.0332,
1015,USA,2021,Ransomware,Telecommunications,91.94,710953,Unknown,Zero-day,Firewall,9,91.94919491949194,71.12125925962977,12.5,69.81,High,1,Normal,-0.0464,
1016,Russia,2015,DDoS,IT,66.09,467190,Nation-state,Social Engineering,AI-based Detection,25,66.0966096609661,46.73605866141142,34.72222222222222,54.01,Medium,1,Normal,-0.1075,
1017,Germany,2024,Phishing,Healthcare,66.73,540773,Unknown,Unpatched Software,VPN,15,66.73667366736674,54.09704542157887,20.833333333333336,53.76,Medium,1,Normal,-0.0971,
1018,Australia,2018,SQL Injection,Banking,40.11,874040,Unknown,Social Engineering,Firewall,6,40.11401140114012,87.43591410864965,8.333333333333332,47.95,Medium,1,Normal,-0.0609,
1019,Australia,2022,SQL Injection,Healthcare,60.71,8498,Nation-state,Weak Passwords,VPN,17,60.71607160716072,0.8501102902559433,23.61111111111111,35.34,Medium,1,Normal,-0.0363,
1020,USA,2016,DDoS,IT,18.48,112881,Hacker Group,Social Engineering,VPN,32,18.48184818481848,11.29222166090623,44.44444444444444,21.52,Low,1,Normal,-0.0534,
1021,Japan,2018,DDoS,IT,9.9,942725,Insider,Zero-day,VPN,56,9.9009900990099,94.30692202653968,77.77777777777779,48.8,Medium,1,Normal,-0.0413,
1022,France,2024,Phishing,Education,52.03,168684,Nation-state,Unpatched Software,VPN,27,52.035203520352034,16.87455921411315,37.5,38.58,Medium,1,Normal,-0.0959,
1023,Japan,2018,DDoS,Telecommunications,25.06,559274,Hacker Group,Social Engineering,Firewall,27,25.06250625062506,55.94782095464844,37.5,36.82,Medium,1,Normal,-0.1004,
1024,UK,2016,Phishing,Retail,13.68,144856,Unknown,Unpatched Software,Antivirus,13,13.68136813681368,14.49088917454871,18.055555555555557,14.8,Low,1,Normal,-0.02,
1025,Japan,2015,Malware,Banking,2.63,418914,Nation-state,Unpatched Software,Firewall,53,2.63026302630263,41.90669594401957,73.61111111111111,28.61,Low,1,Normal,-0.0495,
1026,Brazil,2024,Phishing,Retail,88.47,842945,Hacker Group,Weak Passwords,Firewall,67,88.47884788478848,84.32527872673525,93.05555555555556,88.15,High,1,Normal,-0.0045,
1027,UK,2022,DDoS,Government,50.04,841198,Unknown,Zero-day,VPN,41,50.045004500450055,84.15051493795235,56.94444444444444,61.66,Medium,1,Normal,-0.105,
1028,Germany,2024,Phishing,Government,19.52,50054,Insider,Unpatched Software,Antivirus,24,19.521952195219523,5.007227638087902,33.33333333333333,17.93,Low,1,Normal,-0.0321,
1029,Brazil,2020,DDoS,Telecommunications,4.52,52302,Unknown,Social Engineering,VPN,58,4.520452045204521,5.232109720047817,80.55555555555556,19.94,Low,-1,Anomaly,0.0014,"Low financial_loss_million, Low affected_users, High resolution_time_hours, Low risk_score"
1030,India,2015,Man-in-the-Middle,Banking,97.28,694308,Nation-state,Weak Passwords,VPN,66,97.2897289728973,69.45615149529579,91.66666666666666,87.82,High,-1,Anomaly,0.0029,"High financial_loss_million, High resolution_time_hours, High risk_score"
1031,China,2019,Malware,Telecommunications,62.67,520232,Nation-state,Weak Passwords,Encryption,53,62.67626762676268,52.04219540132148,73.61111111111111,61.67,Medium,1,Normal,-0.1148,
1032,Germany,2018,SQL Injection,Retail,46.34,575379,Unknown,Zero-day,AI-based Detection,35,46.34463446344635,57.55890900178565,48.61111111111111,50.16,Medium,1,Normal,-0.121,
1033,Russia,2023,Man-in-the-Middle,IT,26.45,850714,Hacker Group,Unpatched Software,Encryption,6,26.452645264526453,85.10246239877556,8.333333333333332,40.42,Medium,1,Normal,-0.0378,
1034,Germany,2023,SQL Injection,Healthcare,14.12,403325,Hacker Group,Weak Passwords,AI-based Detection,35,14.12141214121412,40.347226737759286,48.61111111111111,28.89,Low,1,Normal,-0.0839,
1035,Brazil,2022,Phishing,Education,80.99,345577,Insider,Unpatched Software,Encryption,4,80.998099809981,34.57031816613064,5.555555555555555,51.98,Medium,1,Normal,-0.0416,
1036,Australia,2017,Man-in-the-Middle,IT,30.51,428352,Hacker Group,Unpatched Software,Firewall,41,30.51305130513052,42.850840556803234,56.94444444444444,39.5,Medium,1,Normal,-0.1124,
1037,Brazil,2023,Phishing,Banking,69.45,852592,Nation-state,Zero-day,AI-based Detection,12,69.45694569456946,85.29033097080433,16.666666666666664,63.65,Medium,1,Normal,-0.0752,
1038,USA,2019,SQL Injection,Education,78.12,36804,Unknown,Weak Passwords,VPN,30,78.12781278127814,3.6817438365003214,41.66666666666667,48.5,Medium,1,Normal,-0.0636,
1039,Brazil,2020,Phishing,Telecommunications,92.63,725707,Hacker Group,Weak Passwords,AI-based Detection,9,92.63926392639264,72.5971979772617,12.5,70.6,High,1,Normal,-0.0436,
1040,Australia,2017,Man-in-the-Middle,Telecommunications,35.27,765929,Nation-state,Weak Passwords,Firewall,16,35.27352735273528,76.62086661631496,22.22222222222222,45.07,Medium,1,Normal,-0.0906,
1041,Russia,2017,Man-in-the-Middle,Retail,17.22,242574,Nation-state,Social Engineering,Encryption,59,17.22172217221722,24.266257183872117,81.94444444444444,32.28,Low,1,Normal,-0.0663,
1042,USA,2021,SQL Injection,Education,45.52,838652,Unknown,Social Engineering,Encryption,20,45.524552455245534,83.89582197502088,27.77777777777778,53.49,Medium,1,Normal,-0.1027,
1043,Japan,2018,DDoS,Telecommunications,99.04,389405,Nation-state,Weak Passwords,Antivirus,53,99.04990499049906,38.95471847224237,73.61111111111111,75.93,High,1,Normal,-0.0308,
1044,Russia,2022,Phishing,Telecommunications,56.44,359577,Unknown,Zero-day,Encryption,38,56.44564456445645,35.97082935271374,52.77777777777778,49.57,Medium,1,Normal,-0.1272,
1045,India,2022,Man-in-the-Middle,Telecommunications,73.24,943689,Insider,Zero-day,Firewall,32,73.24732473247325,94.40335722538728,44.44444444444444,73.83,High,1,Normal,-0.0621,
1046,Brazil,2024,SQL Injection,Education,14.69,783795,Insider,Weak Passwords,AI-based Detection,43,14.691469146914692,78.40811896342164,59.72222222222222,42.81,Medium,1,Normal,-0.0797,
1047,Germany,2017,DDoS,Healthcare,72.05,263506,Insider,Zero-day,Encryption,49,72.05720572057206,26.360221480840508,68.05555555555556,57.55,Medium,1,Normal,-0.1105,
1048,Australia,2020,DDoS,Telecommunications,20.59,457184,Insider,Social Engineering,VPN,11,20.59205920592059,45.7350933090578,15.27777777777778,27.07,Low,1,Normal,-0.0719,
1049,India,2019,SQL Injection,Banking,68.44,186842,Nation-state,Zero-day,VPN,40,68.44684468446845,18.691022223111435,55.55555555555556,50.94,Medium,1,Normal,-0.1118,
1050,UK,2018,DDoS,Banking,8.81,198929,Nation-state,Weak Passwords,AI-based Detection,41,8.810881088108811,19.90016355969929,56.94444444444444,21.76,Low,1,Normal,-0.049,
1051,Japan,2018,SQL Injection,Retail,51.58,65700,Hacker Group,Zero-day,Encryption,28,51.58515851585158,6.572398925607848,38.88888888888889,35.54,Medium,1,Normal,-0.0766,
1052,Brazil,2021,Phishing,Telecommunications,83.79,90156,Hacker Group,Unpatched Software,Antivirus,65,83.7983798379838,9.018891895541872,90.2777777777778,62.66,Medium,1,Normal,-0.0366,
1053,Australia,2015,DDoS,Telecommunications,14.55,470471,Nation-state,Unpatched Software,VPN,53,14.551455145514552,47.064278461638494,73.61111111111111,36.12,Medium,1,Normal,-0.0846,
1054,China,2021,Malware,Retail,20.52,33426,Unknown,Social Engineering,Antivirus,16,20.52205220522052,3.343820494480485,22.22222222222222,15.71,Low,1,Normal,-0.0181,
1055,Russia,2024,Malware,Education,83.29,143037,Insider,Unpatched Software,Firewall,47,83.29832983298331,14.308922756806233,65.27777777777779,59.0,Medium,1,Normal,-0.0824,
1056,Germany,2022,Ransomware,Telecommunications,79.77,151930,Unknown,Zero-day,Encryption,4,79.77797779777977,15.198547469826488,5.555555555555555,45.56,Medium,1,Normal,-0.0304,
1057,China,2018,Malware,Education,97.2,499651,Nation-state,Zero-day,Encryption,50,97.20972097209722,49.98334392053099,69.44444444444444,77.49,High,1,Normal,-0.0467,
1058,Brazil,2017,DDoS,Education,41.63,249211,Insider,Zero-day,AI-based Detection,59,41.63416341634164,24.930199522825838,81.94444444444444,44.69,Medium,1,Normal,-0.0802,
1059,Germany,2024,SQL Injection,IT,1.01,470074,Insider,Weak Passwords,Encryption,9,1.0101010101010102,47.024563965847534,12.5,17.11,Low,-1,Anomaly,0.0115,"Low financial_loss_million, Low resolution_time_hours, Low risk_score"
1060,Japan,2015,Phishing,Banking,87.5,429920,Nation-state,Zero-day,Encryption,37,87.50875087508751,43.00769780970054,51.388888888888886,66.93,High,1,Normal,-0.1008,
1061,Australia,2019,SQL Injection,Healthcare,0.75,269314,Unknown,Social Engineering,VPN,64,0.7500750075007502,26.94123355024584,88.88888888888889,26.24,Low,1,Normal,-0.0058,
1062,UK,2019,Man-in-the-Middle,Healthcare,37.16,696199,Nation-state,Weak Passwords,Encryption,42,37.163716371637165,69.64532054199782,58.333333333333336,51.14,Medium,1,Normal,-0.1077,
1063,Russia,2020,Phishing,Banking,98.38,355505,Nation-state,Unpatched Software,AI-based Detection,35,98.3898389838984,35.56348067044471,48.61111111111111,69.59,High,1,Normal,-0.0504,
1064,Australia,2023,DDoS,IT,55.94,890234,Nation-state,Unpatched Software,VPN,53,55.94559455945595,89.055905405473,73.61111111111111,69.41,High,1,Normal,-0.0825,
1065,Brazil,2019,Ransomware,Telecommunications,23.63,581616,Insider,Social Engineering,Encryption,1,23.632363236323634,58.18283673540843,1.3888888888888888,29.55,Low,1,Normal,-0.0172,
1066,China,2021,SQL Injection,IT,39.44,155768,Nation-state,Social Engineering,AI-based Detection,19,39.44394439443945,15.58248760797691,26.38888888888889,29.67,Low,1,Normal,-0.0785,
1067,Australia,2024,Malware,Telecommunications,83.69,824298,Nation-state,Unpatched Software,Firewall,4,83.6983698369837,82.45989786271988,5.555555555555555,67.7,High,1,Normal,-0.024,
1068,UK,2018,Malware,Government,28.88,212533,Insider,Unpatched Software,Antivirus,71,28.882888288828884,21.26106028700476,98.61111111111111,40.54,Medium,1,Normal,-0.0523,
1069,Brazil,2019,Ransomware,Banking,10.1,47737,Hacker Group,Social Engineering,Encryption,69,10.1010101010101,4.775443036708399,95.83333333333334,25.65,Low,-1,Anomaly,0.0231,"Low financial_loss_million, Low affected_users, High resolution_time_hours"
1070,Brazil,2018,Man-in-the-Middle,IT,47.01,940513,Unknown,Unpatched Software,Encryption,10,47.01470147014702,94.08564125905956,13.88888888888889,54.51,Medium,1,Normal,-0.0582,
1071,Russia,2021,Man-in-the-Middle,Banking,18.66,292992,Insider,Zero-day,Encryption,15,18.661866186618663,29.30989811281118,20.833333333333336,22.29,Low,1,Normal,-0.079,
1072,Germany,2024,Malware,Telecommunications,79.72,639779,Nation-state,Zero-day,Antivirus,6,79.72797279727973,64.00126046006793,8.333333333333332,60.73,Medium,1,Normal,-0.0622,
1073,Australia,2019,DDoS,Banking,29.85,949862,Hacker Group,Weak Passwords,Firewall,25,29.852985298529852,95.02088262215707,34.72222222222222,50.38,Medium,1,Normal,-0.0695,
1074,USA,2021,Phishing,Healthcare,0.92,260396,Hacker Group,Zero-day,Antivirus,16,0.9200920092009202,26.0491079243924,22.22222222222222,12.72,Low,-1,Anomaly,0.0143,"Low financial_loss_million, Low resolution_time_hours, Low risk_score"
1075,Australia,2024,Phishing,IT,92.48,215376,Nation-state,Social Engineering,Firewall,18,92.4892489248925,21.54546409439445,25.0,57.71,Medium,1,Normal,-0.0597,
1076,France,2016,DDoS,Telecommunications,20.09,689397,Insider,Social Engineering,AI-based Detection,68,20.092009200920096,68.96487217834509,94.44444444444444,49.62,Medium,1,Normal,-0.0639,
1077,Brazil,2016,SQL Injection,Education,16.24,238092,Nation-state,Zero-day,AI-based Detection,32,16.24162416241624,23.817893531138864,44.44444444444444,24.16,Low,1,Normal,-0.0684,
1078,India,2019,Phishing,Banking,18.42,289539,Nation-state,Unpatched Software,Antivirus,27,18.421842184218423,28.964472032291788,37.5,25.4,Low,1,Normal,-0.08,
1079,Russia,2020,DDoS,Healthcare,49.02,382327,Insider,Zero-day,VPN,30,49.02490249024903,38.246660030911286,41.66666666666667,44.32,Medium,1,Normal,-0.1101,
1080,Australia,2018,Phishing,Government,12.43,605810,Unknown,Zero-day,Firewall,41,12.43124312431243,60.60312013885069,56.94444444444444,35.79,Medium,1,Normal,-0.0799,
1081,Australia,2019,DDoS,Banking,1.27,588345,Insider,Unpatched Software,Firewall,49,1.27012701270127,58.85598243358826,68.05555555555556,31.9,Low,1,Normal,-0.0335,
1082,UK,2019,Phishing,Government,21.58,831367,Insider,Social Engineering,Antivirus,55,21.582158215821583,83.16705597543104,76.38888888888889,51.02,Medium,1,Normal,-0.0796,
1083,Brazil,2019,Man-in-the-Middle,Banking,14.64,880671,Hacker Group,Social Engineering,Firewall,66,14.641464146414645,88.09925622852342,91.66666666666666,52.08,Medium,1,Normal,-0.0387,
1084,France,2023,DDoS,Retail,92.32,418211,Insider,Unpatched Software,Encryption,39,92.32923292329232,41.83637027515043,54.16666666666666,69.55,High,1,Normal,-0.0935,
1085,France,2022,Man-in-the-Middle,Retail,31.4,264380,Insider,Zero-day,VPN,37,31.403140314031404,26.447653393488626,51.388888888888886,33.91,Medium,1,Normal,-0.0926,
1086,Brazil,2017,Phishing,Banking,9.25,437974,Hacker Group,Zero-day,Encryption,20,9.250925092509252,43.813391888039135,27.77777777777778,23.33,Low,1,Normal,-0.0733,
1087,India,2021,Phishing,IT,37.1,713949,Hacker Group,Unpatched Software,Antivirus,71,37.10371037103711,71.42096865355855,98.61111111111111,59.7,Medium,1,Normal,-0.0475,
1088,USA,2022,SQL Injection,IT,8.5,523164,Hacker Group,Weak Passwords,AI-based Detection,30,8.500850085008501,52.33550245839732,41.66666666666667,28.28,Low,1,Normal,-0.0685,
1089,UK,2015,DDoS,Telecommunications,85.23,193852,Insider,Zero-day,VPN,54,85.23852385238526,19.39227818153626,75.0,63.44,Medium,1,Normal,-0.0757,
1090,UK,2024,DDoS,Retail,14.09,655640,Nation-state,Zero-day,Firewall,61,14.091409140914092,65.58793959795325,84.72222222222221,43.67,Medium,1,Normal,-0.0678,
1091,France,2021,Phishing,IT,76.02,573328,Insider,Zero-day,AI-based Detection,10,76.02760276027603,57.35373411295123,13.88888888888889,58.0,Medium,1,Normal,-0.0836,
1092,UK,2019,Malware,Government,46.27,798717,Hacker Group,Social Engineering,Encryption,10,46.27462746274628,79.90086381529258,13.88888888888889,49.89,Medium,1,Normal,-0.0803,
1093,Brazil,2019,DDoS,Telecommunications,59.86,899413,Nation-state,Weak Passwords,Encryption,11,59.86598659865987,89.97414056130488,15.27777777777778,59.98,Medium,1,Normal,-0.0748,
1094,France,2017,SQL Injection,Healthcare,18.75,436009,Nation-state,Social Engineering,AI-based Detection,44,18.751875187518756,43.616820139350864,61.11111111111112,34.68,Medium,1,Normal,-0.1003,
1095,UK,2020,SQL Injection,Retail,56.3,142291,Nation-state,Weak Passwords,VPN,29,56.30563056305631,14.23429551786402,40.27777777777778,40.48,Medium,1,Normal,-0.0909,
1096,Germany,2019,Man-in-the-Middle,Government,64.8,276197,Unknown,Zero-day,Firewall,2,64.8064806480648,27.62978487147809,2.7777777777777777,41.25,Medium,1,Normal,-0.037,
1097,Russia,2020,Ransomware,IT,33.61,807918,Hacker Group,Social Engineering,Antivirus,37,33.613361336133615,80.82129977441767,51.388888888888886,51.33,Medium,1,Normal,-0.1084,
1098,France,2021,Man-in-the-Middle,Telecommunications,90.99,483484,Hacker Group,Unpatched Software,VPN,2,90.999099909991,48.36605360956749,2.7777777777777777,60.56,Medium,1,Normal,-0.0229,
1099,Russia,2015,Ransomware,IT,41.79,7290,Insider,Weak Passwords,AI-based Detection,32,41.7941794179418,0.7292661821564872,44.44444444444444,30.0,Low,1,Normal,-0.0449,
1100,India,2022,DDoS,IT,38.69,333967,Insider,Zero-day,Firewall,26,38.69386938693869,33.40889424639993,36.11111111111111,36.59,Medium,1,Normal,-0.1045,
1101,China,2020,Man-in-the-Middle,Education,84.4,840118,Hacker Group,Zero-day,Encryption,58,84.40844084408442,84.0424755035588,80.55555555555556,83.53,High,1,Normal,-0.0536,
1102,USA,2024,Malware,Healthcare,69.46,187312,Nation-state,Zero-day,VPN,58,69.46694669466946,18.73803938437529,80.55555555555556,56.47,Medium,1,Normal,-0.0882,
1103,Brazil,2024,DDoS,IT,34.46,470727,Unknown,Weak Passwords,Firewall,8,34.46344634463447,47.0898878090503,11.11111111111111,33.58,Medium,1,Normal,-0.0754,
1104,India,2023,Malware,Education,95.97,629490,Hacker Group,Zero-day,VPN,38,95.97959795979598,62.97198477444267,52.77777777777778,77.44,High,1,Normal,-0.0643,
1105,France,2021,SQL Injection,Government,98.76,904598,Hacker Group,Social Engineering,AI-based Detection,11,98.76987698769878,90.49282988290727,15.27777777777778,79.59,High,1,Normal,-0.0068,
1106,USA,2017,Ransomware,Education,12.59,820632,Unknown,Social Engineering,AI-based Detection,65,12.59125912591259,82.09316400486178,90.2777777777778,48.98,Medium,1,Normal,-0.0554,
1107,Japan,2019,DDoS,Retail,78.78,214152,Insider,Weak Passwords,Firewall,7,78.7878787878788,21.42301940208176,9.722222222222223,47.77,Medium,1,Normal,-0.0488,
1108,Australia,2024,DDoS,Banking,21.11,18766,Insider,Weak Passwords,Firewall,43,21.112111211121118,1.877285209101322,59.72222222222222,23.06,Low,1,Normal,-0.038,
1109,France,2020,Malware,Banking,50.19,760230,Nation-state,Zero-day,VPN,56,50.1950195019502,76.05075852686231,77.77777777777779,63.47,Medium,1,Normal,-0.0927,
1110,India,2021,Ransomware,Healthcare,76.83,603402,Insider,Zero-day,AI-based Detection,57,76.83768376837683,60.36223221475838,79.16666666666666,72.36,High,1,Normal,-0.0854,
1111,France,2020,Man-in-the-Middle,Healthcare,17.49,693907,Hacker Group,Zero-day,AI-based Detection,54,17.49174917491749,69.41603685345152,75.0,44.57,Medium,1,Normal,-0.0863,
1112,Brazil,2017,SQL Injection,Banking,66.78,698892,Unknown,Zero-day,AI-based Detection,24,66.7866786678668,69.91471887238842,33.33333333333333,61.03,Medium,1,Normal,-0.1002,
1113,UK,2015,Phishing,IT,24.17,64082,Unknown,Social Engineering,Antivirus,16,24.172417241724176,6.410539847044171,22.22222222222222,18.45,Low,1,Normal,-0.0358,
1114,USA,2022,Ransomware,IT,38.84,687052,Nation-state,Unpatched Software,Encryption,34,38.84388438843885,68.73028655459242,47.22222222222222,49.49,Medium,1,Normal,-0.1124,
1115,Russia,2018,Phishing,Government,14.98,417488,Hacker Group,Weak Passwords,Encryption,23,14.981498149814984,41.764043876014746,31.944444444444443,26.41,Low,1,Normal,-0.0799,
1116,Germany,2020,Ransomware,Telecommunications,15.14,970038,Nation-state,Zero-day,Firewall,47,15.141514151415144,97.03921931505,65.27777777777779,49.74,Medium,1,Normal,-0.0451,
1117,Japan,2016,SQL Injection,Government,10.4,240441,Unknown,Zero-day,Antivirus,17,10.401040104010402,24.052879300944845,23.61111111111111,17.14,Low,1,Normal,-0.0452,
1118,India,2020,Man-in-the-Middle,Banking,59.67,747418,Insider,Unpatched Software,VPN,20,59.67596759675968,74.76909071811211,27.77777777777778,57.82,Medium,1,Normal,-0.1077,
1119,Japan,2019,Malware,Retail,36.66,977185,Insider,Social Engineering,Antivirus,71,36.66366636663666,97.75418027580066,98.61111111111111,67.38,High,1,Normal,-0.0084,
1120,India,2019,Malware,Retail,58.98,267401,Unknown,Zero-day,Firewall,20,58.98589858985899,26.749863700250597,27.77777777777778,43.07,Medium,1,Normal,-0.1045,
1121,Germany,2022,Ransomware,Retail,19.47,496271,Hacker Group,Unpatched Software,AI-based Detection,20,19.471947194719476,49.6452205054845,27.77777777777778,30.19,Low,1,Normal,-0.0954,
1122,France,2015,Phishing,Banking,64.62,104619,Insider,Unpatched Software,Antivirus,68,64.62646264626464,10.465719987795543,94.44444444444444,54.34,Medium,1,Normal,-0.0602,
1123,Russia,2024,Ransomware,Healthcare,98.25,877571,Insider,Weak Passwords,Antivirus,19,98.25982598259829,87.78914303720859,26.38888888888889,80.74,High,1,Normal,-0.0221,
1124,Japan,2020,Ransomware,Healthcare,41.88,93314,Hacker Group,Unpatched Software,VPN,24,41.88418841884189,9.33480720462969,33.33333333333333,30.41,Low,1,Normal,-0.0786,
1125,Brazil,2020,DDoS,Government,13.22,790415,Hacker Group,Zero-day,Encryption,52,13.221322132213222,79.0703606816488,72.22222222222221,44.78,Medium,1,Normal,-0.0723,
1126,Germany,2020,Ransomware,IT,54.65,107180,Nation-state,Zero-day,Antivirus,68,54.65546554655466,10.721913498426924,94.44444444444444,49.43,Medium,1,Normal,-0.0577,
1127,Japan,2018,Phishing,IT,72.01,401960,Nation-state,Unpatched Software,VPN,44,72.01720172017203,40.21067689706743,61.11111111111112,60.29,Medium,1,Normal,-0.1257,
1128,USA,2020,Ransomware,Telecommunications,93.89,602474,Unknown,Social Engineering,VPN,71,93.8993899389939,60.26939833039059,98.61111111111111,84.75,High,-1,Anomaly,0.0003,"High financial_loss_million, High resolution_time_hours, High risk_score"
1129,Australia,2024,Phishing,Education,18.64,701144,Hacker Group,Unpatched Software,Antivirus,41,18.641864186418644,70.14000110040165,56.94444444444444,41.75,Medium,1,Normal,-0.0879,
1130,UK,2024,Malware,Education,64.05,116714,Insider,Social Engineering,Encryption,37,64.05640564056405,11.675661616490018,51.388888888888886,45.81,Medium,1,Normal,-0.0886,
1131,France,2016,Man-in-the-Middle,IT,41.79,453408,Nation-state,Social Engineering,VPN,8,41.7941794179418,45.35735543473368,11.11111111111111,36.73,Medium,1,Normal,-0.0823,
1132,UK,2022,Phishing,Retail,13.37,40843,Unknown,Weak Passwords,Encryption,66,13.371337133713372,4.085791313829548,91.66666666666666,26.24,Low,-1,Anomaly,0.0093,"Low financial_loss_million, Low affected_users, High resolution_time_hours"
1133,Australia,2015,Man-in-the-Middle,Healthcare,1.62,336650,Hacker Group,Zero-day,VPN,35,1.62016201620162,33.67729221165725,48.61111111111111,20.64,Low,1,Normal,-0.0285,
1134,China,2017,Phishing,Healthcare,92.64,911233,Hacker Group,Weak Passwords,AI-based Detection,18,92.64926492649266,91.15657214883431,25.0,78.67,High,1,Normal,-0.0355,
1135,Brazil,2023,Ransomware,Telecommunications,32.18,812908,Hacker Group,Weak Passwords,Antivirus,12,32.183218321832186,81.32048197592121,16.666666666666664,43.82,Medium,1,Normal,-0.0835,
1136,China,2019,SQL Injection,Education,64.26,796878,Nation-state,Zero-day,Antivirus,26,64.26642664266427,79.71689666728355,36.11111111111111,63.27,Medium,1,Normal,-0.1045,
1137,Japan,2023,Man-in-the-Middle,Government,81.57,738014,Unknown,Social Engineering,Antivirus,24,81.57815781578157,73.82834734678157,33.33333333333333,69.6,High,1,Normal,-0.0868,
1138,USA,2021,DDoS,Education,87.32,315915,Nation-state,Social Engineering,Antivirus,52,87.32873287328732,31.603035107814357,72.22222222222221,67.59,High,1,Normal,-0.085,
1139,China,2022,Ransomware,Education,70.44,164734,Nation-state,Unpatched Software,Firewall,7,70.44704470447046,16.47941498647006,9.722222222222223,42.11,Medium,1,Normal,-0.0512,
1140,India,2024,Man-in-the-Middle,IT,1.75,617939,Unknown,Zero-day,Firewall,22,1.7501750175017503,61.81646300899828,30.55555555555556,25.53,Low,1,Normal,-0.0295,
1141,Germany,2021,Phishing,Healthcare,96.81,374164,Hacker Group,Weak Passwords,Antivirus,53,96.81968196819682,37.43006197262,73.61111111111111,74.36,High,1,Normal,-0.0517,
1142,USA,2020,Phishing,Banking,74.51,332766,Hacker Group,Weak Passwords,Antivirus,53,74.51745174517453,33.28875039389377,73.61111111111111,61.97,Medium,1,Normal,-0.109,
1143,Brazil,2018,Phishing,Healthcare,2.52,414899,Unknown,Weak Passwords,Encryption,37,2.5202520252025207,41.5050493430102,51.388888888888886,23.99,Low,1,Normal,-0.0391,
1144,Brazil,2017,DDoS,Retail,81.63,140371,Hacker Group,Zero-day,Encryption,13,81.63816381638163,14.04222541227548,18.055555555555557,48.64,Medium,1,Normal,-0.057,
1145,Australia,2019,Ransomware,Education,43.53,729109,Insider,Weak Passwords,VPN,22,43.53435343534354,72.93752219560139,30.55555555555556,49.76,Medium,1,Normal,-0.1108,
1146,UK,2020,DDoS,Education,84.28,776200,Unknown,Weak Passwords,Encryption,49,84.28842884288429,77.64834164470031,68.05555555555556,79.05,High,1,Normal,-0.0833,
1147,Russia,2019,Phishing,Healthcare,17.6,839921,Unknown,Zero-day,Antivirus,5,17.601760176017603,84.0227683104333,6.944444444444445,35.4,Medium,1,Normal,-0.036,
1148,France,2019,Malware,Education,31.35,312314,Unknown,Social Engineering,AI-based Detection,35,31.353135313531357,31.242803623322512,48.61111111111111,34.77,Medium,1,Normal,-0.0958,
1149,Australia,2024,Man-in-the-Middle,Healthcare,65.72,299613,Hacker Group,Zero-day,Firewall,20,65.72657265726572,29.972239867551657,27.77777777777778,47.41,Medium,1,Normal,-0.1084,
1150,India,2016,Phishing,Banking,43.81,250482,Insider,Weak Passwords,VPN,20,43.81438143814382,25.057345931264912,27.77777777777778,34.98,Medium,1,Normal,-0.1006,
1151,Brazil,2021,DDoS,Banking,84.41,230110,Unknown,Social Engineering,Antivirus,51,84.41844184418443,23.019402081759843,70.83333333333334,63.28,Medium,1,Normal,-0.0934,
1152,Australia,2015,SQL Injection,Retail,55.78,852650,Nation-state,Social Engineering,AI-based Detection,50,55.785578557855786,85.29613308857734,69.44444444444444,67.37,High,1,Normal,-0.093,
1153,Germany,2024,DDoS,Telecommunications,67.47,337890,Unknown,Weak Passwords,Antivirus,35,67.47674767476748,33.80133748818319,48.61111111111111,53.6,Medium,1,Normal,-0.1207,
1154,Japan,2016,Malware,Education,8.08,557108,Nation-state,Zero-day,Firewall,17,8.080808080808081,55.73114186678138,23.61111111111111,25.48,Low,1,Normal,-0.0699,
1155,Australia,2022,DDoS,Telecommunications,46.2,299968,Insider,Zero-day,Antivirus,46,46.20462046204621,30.00775282978287,63.888888888888886,44.88,Medium,1,Normal,-0.1079,
1156,China,2022,Phishing,Telecommunications,72.06,459296,Nation-state,Weak Passwords,AI-based Detection,13,72.06720672067208,45.9463704252052,18.055555555555557,53.43,Medium,1,Normal,-0.0912,
1157,India,2019,Ransomware,Telecommunications,90.48,46972,Nation-state,Social Engineering,VPN,23,90.4890489048905,4.698915104012965,31.944444444444443,53.04,Medium,1,Normal,-0.0378,
1158,UK,2022,Malware,Healthcare,21.26,602041,Hacker Group,Unpatched Software,AI-based Detection,25,21.262126212621265,60.22608252011984,34.72222222222222,35.64,Medium,1,Normal,-0.0811,
1159,Japan,2016,Phishing,Banking,82.93,36797,Insider,Unpatched Software,VPN,2,82.93829382938294,3.681043580907031,2.7777777777777777,43.13,Medium,-1,Anomaly,0.0037,"High financial_loss_million, Low affected_users, Low resolution_time_hours"
1160,China,2021,SQL Injection,Healthcare,23.15,730762,Insider,Social Engineering,VPN,19,23.15231523152315,73.10288255213153,26.38888888888889,38.78,Medium,1,Normal,-0.0739,
1161,Russia,2016,Malware,Government,66.19,91194,Hacker Group,Unpatched Software,Encryption,72,66.1966196619662,9.122729796375676,100.0,55.84,Medium,1,Normal,-0.0387,
1162,India,2015,SQL Injection,Banking,95.81,42883,Unknown,Zero-day,Encryption,37,95.81958195819584,4.289865801017371,51.388888888888886,59.47,Medium,1,Normal,-0.0137,
1163,UK,2024,SQL Injection,Retail,48.33,422592,Nation-state,Unpatched Software,VPN,37,48.33483348334833,42.27463024003762,51.388888888888886,47.13,Medium,1,Normal,-0.1206,
1164,India,2015,Man-in-the-Middle,Healthcare,29.54,837320,Unknown,Social Engineering,VPN,14,29.542954295429546,83.76257333926883,19.444444444444446,43.79,Medium,1,Normal,-0.0813,
1165,USA,2020,Phishing,Banking,44.08,708034,Unknown,Zero-day,AI-based Detection,39,44.084408440844086,70.82925267722719,54.16666666666666,54.12,Medium,1,Normal,-0.1182,
1166,Japan,2024,Phishing,IT,91.71,47841,Hacker Group,Weak Passwords,Antivirus,23,91.71917191719172,4.7858468340944444,31.944444444444443,53.68,Medium,1,Normal,-0.0359,
1167,Japan,2015,SQL Injection,Banking,73.94,274703,Nation-state,Social Engineering,Encryption,6,73.94739473947395,27.48033032056701,8.333333333333332,46.88,Medium,1,Normal,-0.0578,
1168,Australia,2021,Malware,Healthcare,10.35,776819,Insider,Unpatched Software,VPN,64,10.351035103510352,77.71026424644995,88.88888888888889,46.27,Medium,1,Normal,-0.0505,
1169,Germany,2019,Man-in-the-Middle,IT,89.6,544648,Unknown,Weak Passwords,Antivirus,47,89.60896089608961,54.48468691072242,65.27777777777779,74.21,High,1,Normal,-0.0824,
1170,China,2024,Man-in-the-Middle,Government,11.99,735203,Insider,Zero-day,VPN,66,11.991199119911991,73.54714470781836,91.66666666666666,46.39,Medium,1,Normal,-0.0548,
1171,India,2018,SQL Injection,Education,77.02,424342,Unknown,Social Engineering,Antivirus,57,77.02770277027703,42.4496941383605,79.16666666666666,67.08,High,1,Normal,-0.0931,
1172,Russia,2018,Malware,Retail,78.82,155353,Unknown,Weak Passwords,VPN,67,78.82788278827883,15.540972454946056,93.05555555555556,62.69,Medium,1,Normal,-0.0478,
1173,Germany,2020,DDoS,Banking,64.64,735855,Insider,Unpatched Software,Firewall,23,64.64646464646465,73.61236851450779,31.944444444444443,60.8,Medium,1,Normal,-0.0996,
1174,France,2016,Man-in-the-Middle,IT,11.91,765453,Unknown,Social Engineering,Antivirus,39,11.911191119111912,76.57324923597113,54.16666666666666,39.76,Medium,1,Normal,-0.0667,
1175,Japan,2024,SQL Injection,Education,82.52,788243,Insider,Social Engineering,VPN,38,82.52825282528254,78.85308137470176,52.77777777777778,75.48,High,1,Normal,-0.0953,
1176,Germany,2017,Phishing,Banking,69.85,253058,Hacker Group,Social Engineering,Encryption,44,69.85698569856986,25.315039989596205,61.11111111111112,54.75,Medium,1,Normal,-0.12,
1177,Australia,2022,Phishing,Healthcare,80.11,537530,Nation-state,Zero-day,Encryption,14,80.11801180118012,53.77262700885823,19.444444444444446,60.08,Medium,1,Normal,-0.0921,
1178,China,2023,SQL Injection,Banking,2.46,95779,Nation-state,Zero-day,VPN,43,2.46024602460246,9.581397209981644,59.72222222222222,16.05,Low,1,Normal,-0.0096,
1179,France,2024,Phishing,Healthcare,59.79,906160,Unknown,Zero-day,VPN,48,59.7959795979598,90.6490869167246,66.66666666666666,70.43,High,1,Normal,-0.0919,
1180,Russia,2019,Ransomware,Education,11.06,490910,Insider,Zero-day,AI-based Detection,58,11.061106110611062,49.1089247575365,80.55555555555556,36.37,Medium,1,Normal,-0.0618,
1181,UK,2020,SQL Injection,Banking,73.69,522097,Hacker Group,Weak Passwords,VPN,63,73.6973697369737,52.22876349867703,87.5,70.02,High,1,Normal,-0.0775,
1182,Germany,2016,Man-in-the-Middle,Retail,53.57,218143,Nation-state,Unpatched Software,Encryption,27,53.575357535753575,21.82226512677127,37.5,40.83,Medium,1,Normal,-0.0983,
1183,Germany,2018,Malware,IT,30.2,667023,Unknown,Zero-day,Antivirus,26,30.203020302030204,66.72665522915864,36.11111111111111,42.34,Medium,1,Normal,-0.0945,
1184,Australia,2023,Malware,Education,67.23,362308,Unknown,Social Engineering,AI-based Detection,5,67.23672367236725,36.24402907061077,6.944444444444445,45.88,Medium,1,Normal,-0.0609,
1185,Russia,2023,DDoS,IT,86.81,717258,Insider,Unpatched Software,Firewall,16,86.81868186818681,71.7519894761588,22.22222222222222,69.38,High,1,Normal,-0.0711,
1186,Brazil,2018,Man-in-the-Middle,Retail,76.39,984,Insider,Unpatched Software,Firewall,56,76.3976397639764,0.0984359291141266,77.77777777777779,53.78,Medium,1,Normal,-0.0275,
1187,Russia,2023,DDoS,Telecommunications,96.61,956064,Insider,Weak Passwords,Antivirus,45,96.61966196619662,95.6413090778134,62.5,89.5,High,-1,Anomaly,0.0183,"High financial_loss_million, High affected_users, High risk_score"
1188,Australia,2024,Malware,Retail,64.3,891367,Nation-state,Social Engineering,Firewall,21,64.3064306430643,89.16924677507289,29.166666666666668,64.74,Medium,1,Normal,-0.0915,
1189,China,2019,Man-in-the-Middle,IT,79.33,842637,Nation-state,Unpatched Software,AI-based Detection,55,79.33793379337935,84.29446748063043,76.38888888888889,80.24,High,1,Normal,-0.0734,
1190,USA,2015,DDoS,IT,45.91,772018,Hacker Group,Weak Passwords,Encryption,46,45.91459145914592,77.22998894596527,63.888888888888886,58.9,Medium,1,Normal,-0.1148,
1191,Australia,2022,Malware,IT,41.67,945897,Insider,Weak Passwords,Firewall,66,41.67416741674168,94.62423784681408,91.66666666666666,67.56,High,1,Normal,-0.0358,
1192,Germany,2018,SQL Injection,Banking,81.33,508544,Insider,Unpatched Software,VPN,45,81.33813381338135,50.87296863355124,62.5,68.43,High,1,Normal,-0.1088,
1193,Australia,2021,Ransomware,Healthcare,91.8,125309,Unknown,Social Engineering,Antivirus,13,91.8091809180918,12.535475448538715,18.055555555555557,53.28,Medium,1,Normal,-0.0382,
1194,UK,2024,Man-in-the-Middle,IT,3.69,529410,Insider,Zero-day,Firewall,59,3.690369036903691,52.96033052064003,81.94444444444444,34.12,Medium,1,Normal,-0.0389,
1195,Australia,2018,Phishing,Education,24.25,665381,Insider,Unpatched Software,AI-based Detection,61,24.252425242524254,66.5623952742751,84.72222222222221,49.04,Medium,1,Normal,-0.0861,
1196,Japan,2019,Man-in-the-Middle,Telecommunications,89.5,163110,Nation-state,Zero-day,Encryption,35,89.50895089508951,16.316955688826422,48.61111111111111,59.37,Medium,1,Normal,-0.0655,
1197,Russia,2019,Ransomware,IT,60.24,354784,Hacker Group,Social Engineering,AI-based Detection,65,60.246024602460245,35.49135434433568,90.2777777777778,58.83,Medium,1,Normal,-0.0897,
1198,Germany,2022,Ransomware,Education,7.65,643306,Hacker Group,Zero-day,Encryption,50,7.650765076507652,64.35408924257354,69.44444444444444,37.02,Medium,1,Normal,-0.0657,
1199,Australia,2016,Malware,Telecommunications,44.93,23249,Insider,Social Engineering,Firewall,1,44.93449344934493,2.325748898347897,1.3888888888888888,23.44,Low,-1,Anomaly,0.0213,"Low affected_users, Low resolution_time_hours, Low risk_score"
1200,USA,2015,SQL Injection,Retail,26.98,763017,Insider,Social Engineering,Firewall,24,26.982698269826983,76.32956028950566,33.33333333333333,43.06,Medium,1,Normal,-0.0916,
1201,Russia,2015,Ransomware,Retail,84.08,71334,Unknown,Unpatched Software,AI-based Detection,26,84.08840884088409,7.136004641694218,36.11111111111111,51.41,Medium,1,Normal,-0.0722,
1202,Australia,2019,SQL Injection,Government,99.2,605470,Nation-state,Unpatched Software,Encryption,18,99.20992099209924,60.56910772431938,25.0,72.78,High,1,Normal,-0.0236,
1203,India,2023,SQL Injection,Government,40.63,356387,Nation-state,Zero-day,Antivirus,11,40.63406340634064,35.65171287519945,15.27777777777778,34.07,Medium,1,Normal,-0.0801,
1204,China,2023,Malware,IT,11.89,260907,Insider,Weak Passwords,AI-based Detection,31,11.891189118911893,26.100226582702685,43.05555555555556,22.39,Low,1,Normal,-0.0679,
1205,Japan,2019,Man-in-the-Middle,IT,73.71,560693,Hacker Group,Weak Passwords,Firewall,1,73.71737173717372,56.089772767059976,1.3888888888888888,53.96,Medium,1,Normal,-0.037,
1206,Brazil,2015,Phishing,IT,16.44,82841,Insider,Social Engineering,Encryption,36,16.441644164416445,8.287124800552203,50.0,20.71,Low,1,Normal,-0.0419,
1207,Russia,2021,Malware,Government,51.05,262500,Nation-state,Social Engineering,AI-based Detection,27,51.05510551055106,26.25958474843318,37.5,40.91,Medium,1,Normal,-0.1046,
1208,UK,2023,Malware,IT,49.13,116201,Nation-state,Zero-day,Firewall,14,49.13491349134914,11.624342885153082,19.444444444444446,31.94,Low,1,Normal,-0.0701,
1209,China,2016,Phishing,IT,17.06,44473,Unknown,Weak Passwords,VPN,67,17.06170617061706,4.44892385720788,93.05555555555556,28.48,Low,-1,Anomaly,0.0095,"Low financial_loss_million, Low affected_users, High resolution_time_hours"
1210,France,2017,Ransomware,IT,93.15,372975,Hacker Group,Weak Passwords,Firewall,64,93.15931593159316,37.31111855827377,88.88888888888889,75.55,High,1,Normal,-0.0411,
1211,France,2018,DDoS,Government,66.4,613192,Insider,Weak Passwords,VPN,50,66.40664066406642,61.34158968023329,69.44444444444444,65.49,Medium,1,Normal,-0.1084,
1212,India,2017,SQL Injection,Government,20.21,421023,Insider,Unpatched Software,Encryption,72,20.212021202120216,42.117672950626975,100.0,42.74,Medium,1,Normal,-0.0538,
1213,India,2015,Ransomware,Healthcare,1.48,818172,Unknown,Social Engineering,VPN,30,1.4801480148014805,81.84707418207647,41.66666666666667,33.63,Medium,1,Normal,-0.0282,
1214,Russia,2018,Ransomware,Education,22.77,828880,Hacker Group,Unpatched Software,Antivirus,69,22.77227722772277,82.91826516678587,95.83333333333334,55.43,Medium,1,Normal,-0.0583,
1215,Germany,2017,Man-in-the-Middle,Government,56.15,487668,Hacker Group,Unpatched Software,AI-based Detection,72,56.15561556155616,48.78460638132919,100.0,62.71,Medium,1,Normal,-0.0536,
1216,France,2020,Ransomware,Telecommunications,10.52,253094,Hacker Group,Unpatched Software,VPN,19,10.52105210521052,25.31864130407599,26.38888888888889,18.13,Low,1,Normal,-0.0513,
1217,China,2015,SQL Injection,Telecommunications,34.84,712886,Hacker Group,Weak Passwords,Antivirus,7,34.84348434843485,71.31462983989157,9.722222222222223,40.76,Medium,1,Normal,-0.0622,
1218,China,2019,Phishing,IT,5.05,65176,Unknown,Weak Passwords,Encryption,49,5.05050505050505,6.519979792624307,68.05555555555556,18.09,Low,1,Normal,-0.0076,
1219,Germany,2020,SQL Injection,IT,54.59,248356,Nation-state,Weak Passwords,AI-based Detection,25,54.59545954595461,24.84466830393093,34.72222222222222,41.7,Medium,1,Normal,-0.1064,
1220,China,2020,DDoS,Education,52.36,499615,Hacker Group,Unpatched Software,Antivirus,19,52.36523652365237,49.97974260605121,26.38888888888889,46.45,Medium,1,Normal,-0.1016,
1221,Russia,2016,Man-in-the-Middle,Telecommunications,10.2,446917,Unknown,Unpatched Software,Firewall,1,10.2010201020102,44.70801842672575,1.3888888888888888,18.79,Low,-1,Anomaly,0.0012,"Low financial_loss_million, Low resolution_time_hours, Low risk_score"
1222,USA,2023,SQL Injection,Education,77.96,164892,Insider,Weak Passwords,Firewall,63,77.96779677967797,16.495220755575783,87.5,61.43,Medium,1,Normal,-0.0608,
1223,UK,2022,SQL Injection,IT,61.97,627852,Nation-state,Unpatched Software,VPN,23,61.976197619761976,62.80812496561244,31.944444444444443,56.22,Medium,1,Normal,-0.1112,
1224,UK,2016,DDoS,Banking,61.15,219846,Insider,Social Engineering,AI-based Detection,13,61.15611561156116,21.992627308967773,18.055555555555557,40.79,Medium,1,Normal,-0.076,
1225,Australia,2024,Malware,Education,83.04,862049,Insider,Unpatched Software,Antivirus,43,83.04830483048306,86.23637627734124,59.72222222222222,79.34,High,1,Normal,-0.0788,
1226,USA,2015,Man-in-the-Middle,Education,37.18,270984,Nation-state,Zero-day,Encryption,28,37.18371837183719,27.10829452750254,38.88888888888889,34.5,Medium,1,Normal,-0.1003,
1227,India,2022,Malware,Government,27.09,979810,Insider,Weak Passwords,VPN,34,27.09270927092709,98.016776123285,47.22222222222222,52.4,Medium,1,Normal,-0.0628,
1228,Germany,2015,SQL Injection,Government,0.72,944106,Insider,Unpatched Software,VPN,2,0.7200720072007201,94.44507245144476,2.7777777777777777,29.25,Low,-1,Anomaly,0.0468,"Low financial_loss_million, High affected_users, Low resolution_time_hours"
1229,Russia,2023,Phishing,Banking,9.24,612761,Nation-state,Unpatched Software,Encryption,71,9.24092409240924,61.2984739429892,98.61111111111111,42.73,Medium,1,Normal,-0.0413,
1230,Australia,2018,Malware,Telecommunications,8.69,813960,Hacker Group,Weak Passwords,VPN,6,8.690869086908691,81.4257203879416,8.333333333333332,30.44,Low,1,Normal,-0.0202,
1231,Germany,2021,DDoS,Healthcare,32.07,510895,Unknown,Weak Passwords,Antivirus,6,32.07320732073208,51.10815447638388,8.333333333333332,33.04,Medium,1,Normal,-0.063,
1232,India,2023,Malware,Healthcare,71.94,652957,Insider,Weak Passwords,Encryption,65,71.94719471947195,65.31954163269593,90.2777777777778,73.63,High,1,Normal,-0.0758,
1233,Japan,2022,Ransomware,IT,84.09,991854,Unknown,Unpatched Software,VPN,11,84.0984098409841,99.22161588979978,15.27777777777778,74.87,High,1,Normal,-0.0029,
1234,India,2018,Ransomware,Retail,56.06,382041,Unknown,Weak Passwords,Encryption,4,56.06560656065607,38.21804958809965,5.555555555555555,40.61,Medium,1,Normal,-0.0631,
1235,USA,2015,Man-in-the-Middle,Government,47.76,428556,Unknown,Weak Passwords,Antivirus,15,47.76477647764776,42.87124800552202,20.833333333333336,40.91,Medium,1,Normal,-0.0972,
1236,UK,2019,SQL Injection,Banking,79.34,455556,Insider,Social Engineering,Firewall,1,79.34793479347935,45.57223386536086,1.3888888888888888,53.62,Medium,1,Normal,-0.0278,
1237,Australia,2022,Ransomware,Healthcare,17.58,18399,Unknown,Zero-day,Firewall,14,17.58175817581758,1.8405718087101792,19.444444444444446,13.23,Low,-1,Anomaly,0.0065,"Low financial_loss_million, Low affected_users, Low resolution_time_hours, Low risk_score"
1238,Germany,2016,Man-in-the-Middle,Government,97.79,984519,Nation-state,Unpatched Software,Firewall,57,97.79977997799782,98.48784806454356,79.16666666666666,94.28,High,-1,Anomaly,0.0395,"High financial_loss_million, High affected_users, High resolution_time_hours, High risk_score"
1239,Brazil,2021,DDoS,Retail,75.1,740795,Hacker Group,Unpatched Software,Firewall,12,75.1075107510751,74.10654889034498,16.666666666666664,63.12,Medium,1,Normal,-0.0805,
1240,UK,2019,SQL Injection,Telecommunications,39.58,483585,Unknown,Unpatched Software,Encryption,13,39.58395839583959,48.37615729741356,18.055555555555557,37.92,Medium,1,Normal,-0.0933,
1241,Brazil,2021,Ransomware,Healthcare,78.08,989151,Unknown,Social Engineering,AI-based Detection,2,78.08780878087809,98.95121719427593,2.7777777777777777,69.28,High,-1,Anomaly,0.0277,"High financial_loss_million, High affected_users, Low resolution_time_hours"
1242,Germany,2016,SQL Injection,Government,63.89,946613,Insider,Social Engineering,AI-based Detection,21,63.8963896389639,94.69586399035649,29.166666666666668,66.19,High,1,Normal,-0.0753,
1243,Australia,2021,Ransomware,Banking,24.33,77845,Insider,Social Engineering,AI-based Detection,26,24.33243324332433,7.787342379968688,36.11111111111111,21.72,Low,1,Normal,-0.0603,
1244,India,2020,Ransomware,IT,70.91,403494,Hacker Group,Social Engineering,Firewall,3,70.91709170917092,40.36413290851161,4.166666666666666,48.4,Medium,1,Normal,-0.0486,
1245,Germany,2018,Man-in-the-Middle,Banking,23.32,524693,Unknown,Unpatched Software,VPN,63,23.322332233223324,52.48845828727485,87.5,44.91,Medium,1,Normal,-0.078,
1246,UK,2016,Phishing,Education,9.84,628589,Unknown,Unpatched Software,Encryption,8,9.84098409840984,62.88185187593472,11.11111111111111,26.01,Low,1,Normal,-0.0436,
1247,Australia,2018,Man-in-the-Middle,Healthcare,34.29,943349,Nation-state,Zero-day,Antivirus,5,34.293429342934296,94.36934481085596,6.944444444444445,46.85,Medium,1,Normal,-0.0426,
1248,Brazil,2018,DDoS,Retail,1.58,100633,Insider,Zero-day,Encryption,53,1.5801580158015804,10.06697444567267,73.61111111111111,18.53,Low,1,Normal,-0.0108,
1249,France,2017,Phishing,Government,59.64,551515,Unknown,Zero-day,AI-based Detection,37,59.64596459645964,55.17163764774142,51.388888888888886,56.65,Medium,1,Normal,-0.1228,
1250,Germany,2023,Man-in-the-Middle,Banking,80.97,289046,Nation-state,Zero-day,Encryption,41,80.97809780978098,28.915154031221395,56.94444444444444,60.55,Medium,1,Normal,-0.1033,
1251,Australia,2021,Malware,Retail,22.48,70067,Insider,Weak Passwords,VPN,22,22.482248224822484,7.009258379308447,30.55555555555556,19.46,Low,1,Normal,-0.0434,
1252,France,2022,Phishing,Banking,69.99,366596,Insider,Weak Passwords,AI-based Detection,65,69.99699969996999,36.67298563975851,90.2777777777778,64.06,Medium,1,Normal,-0.0869,
1253,Japan,2021,SQL Injection,IT,51.24,452476,Nation-state,Zero-day,VPN,41,51.24512451245125,45.264121404312576,56.94444444444444,50.59,Medium,1,Normal,-0.1269,
1254,Japan,2020,SQL Injection,Banking,70.14,575065,Insider,Weak Passwords,Encryption,61,70.14701470147016,57.527497536600855,84.72222222222221,69.28,High,1,Normal,-0.0939,
1255,Japan,2024,Man-in-the-Middle,Education,68.35,474131,Insider,Unpatched Software,Firewall,41,68.35683568356835,47.43041210041665,56.94444444444444,59.8,Medium,1,Normal,-0.1308,
1256,USA,2016,Phishing,Education,86.3,702702,Hacker Group,Zero-day,Encryption,14,86.30863086308631,70.29585798816568,19.444444444444446,68.13,High,1,Normal,-0.0674,
1257,Australia,2023,DDoS,Government,97.18,692900,Unknown,Social Engineering,Encryption,72,97.1897189718972,69.31530008453085,100.0,89.39,High,-1,Anomaly,0.0368,"High financial_loss_million, High resolution_time_hours, High risk_score"
1258,Brazil,2021,SQL Injection,IT,92.4,654303,Hacker Group,Unpatched Software,AI-based Detection,15,92.40924092409242,65.45419077963457,20.833333333333336,70.01,High,1,Normal,-0.0699,
1259,Russia,2022,Ransomware,Banking,50.11,851222,Insider,Weak Passwords,Encryption,16,50.11501150115012,85.15328094754585,22.22222222222222,55.05,Medium,1,Normal,-0.0946,
1260,Australia,2016,Man-in-the-Middle,Government,35.59,729762,Insider,Social Engineering,VPN,6,35.5935593559356,73.00284603880417,8.333333333333332,41.36,Medium,1,Normal,-0.0656,
1261,USA,2022,DDoS,Healthcare,56.89,388698,Nation-state,Social Engineering,VPN,35,56.8956895689569,38.88399265731992,48.61111111111111,49.84,Medium,1,Normal,-0.1218,
1262,Australia,2019,SQL Injection,Telecommunications,86.79,293647,Nation-state,Social Engineering,AI-based Detection,37,86.7986798679868,29.3754220290406,51.388888888888886,62.49,Medium,1,Normal,-0.0856,
1263,China,2021,Phishing,Government,84.49,884734,Hacker Group,Weak Passwords,Encryption,6,84.4984498449845,88.5057045821725,8.333333333333332,70.47,High,1,Normal,-0.0215,
1264,UK,2023,DDoS,IT,52.75,638329,Hacker Group,Social Engineering,Firewall,11,52.75527552755276,63.85620751574324,15.27777777777778,48.59,Medium,1,Normal,-0.0985,
1265,India,2019,DDoS,Government,63.63,47191,Insider,Unpatched Software,VPN,28,63.63636363636365,4.720823100431658,38.88888888888889,41.01,Medium,1,Normal,-0.0732,
1266,Brazil,2023,Phishing,Retail,42.69,309021,Unknown,Unpatched Software,Encryption,2,42.6942694269427,30.9133833849355,2.7777777777777777,31.18,Low,1,Normal,-0.0427,
1267,Germany,2018,DDoS,Telecommunications,15.14,834902,Nation-state,Weak Passwords,Firewall,63,15.141514151415144,83.52068505004327,87.5,50.13,Medium,1,Normal,-0.0473,
1268,France,2016,DDoS,Banking,25.81,132286,Insider,Unpatched Software,Antivirus,66,25.81258125812581,13.233430202023738,91.66666666666666,35.21,Medium,1,Normal,-0.0436,
1269,France,2023,SQL Injection,Banking,46.58,659062,Unknown,Unpatched Software,Antivirus,42,46.58465846584659,65.93026454655948,58.333333333333336,54.74,Medium,1,Normal,-0.1138,
1270,France,2020,Malware,Telecommunications,93.88,69492,Hacker Group,Social Engineering,Encryption,29,93.88938893889387,6.951737384145212,40.27777777777778,57.09,Medium,1,Normal,-0.0423,
1271,Russia,2017,Phishing,IT,53.07,388154,Nation-state,Zero-day,AI-based Detection,29,53.07530753075308,38.82957279406983,40.27777777777778,46.24,Medium,1,Normal,-0.1131,
1272,Brazil,2024,DDoS,Government,24.23,889448,Hacker Group,Zero-day,VPN,20,24.232423242324234,88.97727670599768,27.77777777777778,44.36,Medium,1,Normal,-0.0809,
1273,UK,2022,Phishing,Retail,49.08,445458,Hacker Group,Unpatched Software,Antivirus,36,49.08490849084909,44.56206515378113,50.0,47.91,Medium,1,Normal,-0.1215,
1274,UK,2019,Phishing,Banking,84.5,828382,Hacker Group,Weak Passwords,AI-based Detection,4,84.50845084508451,82.86844698314884,5.555555555555555,68.23,High,1,Normal,-0.023,
1275,Russia,2024,SQL Injection,Education,99.31,362492,Insider,Weak Passwords,AI-based Detection,63,99.31993199319932,36.262435789063005,87.5,78.04,High,1,Normal,-0.0156,
1276,Japan,2021,Man-in-the-Middle,Healthcare,55.4,68886,Hacker Group,Weak Passwords,AI-based Detection,41,55.40554055405541,6.89111525706883,56.94444444444444,41.16,Medium,1,Normal,-0.0841,
1277,Japan,2017,DDoS,Education,7.84,165722,Unknown,Unpatched Software,Encryption,23,7.84078407840784,16.5782510616375,31.944444444444443,15.28,Low,1,Normal,-0.0291,
1278,India,2020,SQL Injection,Government,99.72,604113,Insider,Weak Passwords,Encryption,7,99.72997299729973,60.43335817573414,9.722222222222223,69.94,High,-1,Anomaly,0.0004,"High financial_loss_million, Low resolution_time_hours"
1279,France,2019,Man-in-the-Middle,Healthcare,39.48,450466,Unknown,Unpatched Software,VPN,52,39.48394839483949,45.06304801252457,72.22222222222221,47.71,Medium,1,Normal,-0.1051,
1280,Australia,2019,Phishing,Banking,1.13,507976,Hacker Group,Zero-day,AI-based Detection,70,1.1301130113011302,50.8161478939813,97.2222222222222,35.25,Medium,1,Normal,-0.012,
1281,India,2018,DDoS,Banking,43.45,180980,Hacker Group,Unpatched Software,AI-based Detection,15,43.45434543454346,18.104608181986425,20.833333333333336,31.33,Low,1,Normal,-0.0735,
1282,France,2020,Ransomware,Healthcare,37.36,745273,Insider,Zero-day,Firewall,67,37.363736373637366,74.55451239702492,93.05555555555556,59.66,Medium,1,Normal,-0.0583,
1283,Germany,2023,SQL Injection,Telecommunications,94.14,536737,Unknown,Unpatched Software,Encryption,44,94.14941494149416,53.693298053789626,61.11111111111112,75.4,High,1,Normal,-0.0737,
1284,Germany,2020,SQL Injection,Banking,65.24,202102,Insider,Unpatched Software,Antivirus,54,65.24652465246524,20.217579416487016,75.0,53.69,Medium,1,Normal,-0.0951,
1285,Brazil,2021,DDoS,Education,80.79,134998,Unknown,Zero-day,AI-based Detection,42,80.7980798079808,13.50472922616755,58.333333333333336,56.12,Medium,1,Normal,-0.087,
1286,India,2015,Ransomware,Banking,81.81,41635,Nation-state,Unpatched Software,Encryption,37,81.81818181818183,4.16502023238482,51.388888888888886,52.44,Medium,1,Normal,-0.064,
1287,Japan,2022,Phishing,Telecommunications,35.54,604908,Unknown,Zero-day,Antivirus,25,35.543554355435546,60.5128872038294,34.72222222222222,42.87,Medium,1,Normal,-0.0983,
1288,France,2020,Man-in-the-Middle,IT,88.42,688016,Nation-state,Zero-day,Antivirus,26,88.42884288428844,68.82672175344,36.11111111111111,72.08,High,1,Normal,-0.09,
1289,Brazil,2020,Ransomware,IT,56.59,679131,Hacker Group,Weak Passwords,AI-based Detection,55,56.5956595659566,67.93789733252638,76.38888888888889,63.96,Medium,1,Normal,-0.0908,
1290,India,2015,DDoS,Retail,39.28,585934,Insider,Unpatched Software,Antivirus,13,39.283928392839286,58.61479439995598,18.055555555555557,40.84,Medium,1,Normal,-0.0862,
1291,USA,2023,Man-in-the-Middle,IT,88.81,762605,Nation-state,Unpatched Software,Encryption,53,88.81888188818883,76.2883452460148,73.61111111111111,82.02,High,1,Normal,-0.0608,
1292,UK,2021,Malware,Healthcare,58.9,984973,Unknown,Zero-day,Encryption,30,58.905890589058906,98.5332646415942,41.66666666666667,67.35,High,1,Normal,-0.0606,
1293,Russia,2020,Phishing,Education,9.52,889970,Nation-state,Unpatched Software,VPN,20,9.52095209520952,89.02949576595456,27.77777777777778,37.02,Medium,1,Normal,-0.0514,
1294,USA,2020,Phishing,Healthcare,39.92,376443,Insider,Zero-day,Antivirus,20,39.92399239923993,37.65804518649307,27.77777777777778,36.81,Medium,1,Normal,-0.1078,
1295,UK,2023,Phishing,Retail,28.54,699386,Nation-state,Weak Passwords,Encryption,20,28.542854285428543,69.96413690997214,27.77777777777778,40.82,Medium,1,Normal,-0.0876,
1296,Russia,2020,Man-in-the-Middle,Retail,74.11,158758,Nation-state,Zero-day,Antivirus,72,74.11741174117412,15.881596782825731,100.0,61.82,Medium,1,Normal,-0.045,
1297,China,2021,Man-in-the-Middle,Banking,85.26,812101,Insider,Social Engineering,VPN,52,85.26852685268528,81.23975250966603,72.22222222222221,81.45,High,1,Normal,-0.0664,
1298,UK,2020,Phishing,Telecommunications,43.72,402744,Insider,Zero-day,AI-based Detection,65,43.72437243724372,40.289105523516085,90.2777777777778,52.0,Medium,1,Normal,-0.0873,
1299,Japan,2015,Malware,Healthcare,77.01,182338,Unknown,Social Engineering,Firewall,72,77.01770177017703,18.240457767084987,100.0,63.98,Medium,1,Normal,-0.0341,
1300,Germany,2017,Man-in-the-Middle,Banking,88.03,587213,Unknown,Weak Passwords,AI-based Detection,32,88.03880388038804,58.74274110050168,44.44444444444444,70.53,High,1,Normal,-0.0933,
1301,France,2024,DDoS,Government,86.65,419571,Nation-state,Zero-day,AI-based Detection,72,86.65866586658667,41.972419933275646,100.0,75.92,High,1,Normal,-0.0065,
1302,Germany,2017,SQL Injection,IT,33.79,772541,Nation-state,Unpatched Software,Antivirus,46,33.79337933793379,77.28230804243549,63.888888888888886,52.86,Medium,1,Normal,-0.1037,
1303,Germany,2020,SQL Injection,Retail,76.04,759384,Nation-state,Unpatched Software,AI-based Detection,22,76.04760476047606,75.96612763658736,30.55555555555556,66.92,High,1,Normal,-0.088,
1304,China,2015,Ransomware,Government,57.59,887037,Insider,Unpatched Software,VPN,39,57.59575957595761,88.73608867236541,54.16666666666666,66.25,High,1,Normal,-0.0977,
1305,China,2016,Ransomware,IT,37.22,788555,Insider,Unpatched Software,Encryption,43,37.22372237223722,78.88429276685991,59.72222222222222,54.22,Medium,1,Normal,-0.1092,
1306,India,2020,Man-in-the-Middle,Telecommunications,57.89,438137,Unknown,Unpatched Software,VPN,18,57.8957895789579,43.82969783971149,25.0,47.1,Medium,1,Normal,-0.0984,
1307,Australia,2024,Ransomware,Government,3.37,414907,Hacker Group,Zero-day,Firewall,42,3.3703370337033705,41.50584963511682,58.333333333333336,25.8,Low,1,Normal,-0.0591,
1308,Australia,2021,Ransomware,Telecommunications,88.2,576302,Hacker Group,Zero-day,AI-based Detection,2,88.20882088208822,57.65124270358682,2.7777777777777777,61.96,Medium,1,Normal,-0.0222,
1309,USA,2020,DDoS,IT,96.08,156275,Insider,Social Engineering,Encryption,24,96.08960896089609,15.633206120233886,33.33333333333333,59.4,Medium,1,Normal,-0.0491,
1310,Japan,2024,DDoS,Government,84.36,234154,Nation-state,Unpatched Software,VPN,42,84.36843684368436,23.423949741655704,58.333333333333336,60.88,Medium,1,Normal,-0.1034,
1311,Brazil,2022,Phishing,IT,92.58,176386,Hacker Group,Unpatched Software,VPN,63,92.5892589258926,17.64504043976051,87.5,69.09,High,1,Normal,-0.0189,
1312,Japan,2015,Malware,Healthcare,27.92,775042,Unknown,Zero-day,Encryption,12,27.922792279227927,77.53249936226723,16.666666666666664,40.55,Medium,1,Normal,-0.065,
1313,Germany,2016,Phishing,Telecommunications,46.28,992092,Hacker Group,Unpatched Software,Encryption,3,46.284628462846285,99.24542457997168,4.166666666666666,53.75,Medium,1,Normal,-0.0187,
1314,France,2016,Ransomware,Education,25.55,883536,Hacker Group,Unpatched Software,AI-based Detection,66,25.552555255525554,88.38586083920632,91.66666666666666,57.63,Medium,1,Normal,-0.0542,
1315,France,2017,Phishing,Banking,15.14,276541,Hacker Group,Social Engineering,AI-based Detection,16,15.141514151415144,27.664197432062704,22.22222222222222,20.31,Low,1,Normal,-0.0654,
1316,India,2024,Phishing,Telecommunications,50.64,513620,Unknown,Unpatched Software,Antivirus,65,50.645064506450645,51.38075397520095,90.2777777777778,58.79,Medium,1,Normal,-0.087,
1317,Germany,2022,Phishing,Banking,31.73,397919,Nation-state,Social Engineering,Encryption,22,31.733173317331737,39.806429346711546,30.55555555555556,33.92,Medium,1,Normal,-0.101,
1318,Russia,2021,Phishing,Telecommunications,73.93,32743,Hacker Group,Zero-day,VPN,18,73.93739373937395,3.2754955558778955,25.0,42.95,Medium,1,Normal,-0.0568,
1319,Germany,2020,Phishing,Government,40.62,318648,Insider,Zero-day,Encryption,1,40.62406240624063,31.87643489873804,1.3888888888888888,30.15,Low,1,Normal,-0.0308,
1320,USA,2022,Ransomware,Education,14.5,353297,Insider,Weak Passwords,VPN,58,14.501450145014502,35.34260004901789,80.55555555555556,33.96,Medium,1,Normal,-0.0701,
1321,Russia,2017,Malware,IT,20.85,484009,Insider,Weak Passwords,Firewall,41,20.85208520852085,48.41857277906436,56.94444444444444,36.34,Medium,1,Normal,-0.1086,
1322,Russia,2024,Malware,Government,49.51,872411,Hacker Group,Zero-day,Firewall,5,49.51495149514952,87.27295462843938,6.944444444444445,52.33,Medium,1,Normal,-0.0507,
1323,Germany,2023,Man-in-the-Middle,Education,26.14,876348,Unknown,Social Engineering,Encryption,1,26.142614261426147,87.66679838140922,1.3888888888888888,39.65,Medium,-1,Anomaly,0.0009,"High affected_users, Low resolution_time_hours"
1324,China,2021,SQL Injection,Government,13.76,11310,Hacker Group,Weak Passwords,Antivirus,71,13.761376137613762,1.1314129657324925,98.61111111111111,26.94,Low,-1,Anomaly,0.0222,"Low financial_loss_million, Low affected_users, High resolution_time_hours"
1325,UK,2018,SQL Injection,Retail,72.21,597358,Nation-state,Zero-day,VPN,30,72.21722172217223,59.7576115282078,41.66666666666667,62.37,Medium,1,Normal,-0.116,
1326,India,2022,SQL Injection,Healthcare,91.91,180456,Unknown,Unpatched Software,VPN,8,91.91919191919192,18.052189049002887,11.11111111111111,53.6,Medium,1,Normal,-0.031,
1327,Russia,2021,DDoS,Retail,79.06,368255,Nation-state,Social Engineering,Encryption,17,79.06790679067907,36.838946215368615,23.61111111111111,55.31,Medium,1,Normal,-0.0937,
1328,India,2022,Malware,Education,7.17,268414,Insider,Unpatched Software,Encryption,9,7.170717071707171,26.85120068825121,12.5,14.14,Low,1,Normal,-0.008,
1329,China,2019,SQL Injection,Healthcare,79.28,891504,Insider,Zero-day,Firewall,63,79.28792879287928,89.18295177739876,87.5,83.9,High,1,Normal,-0.0387,
1330,Japan,2023,Phishing,Healthcare,48.25,3395,Nation-state,Weak Passwords,Antivirus,58,48.254825482548256,0.3396239627464024,80.55555555555556,40.34,Medium,1,Normal,-0.0308,
1331,China,2023,Ransomware,Education,45.88,164890,Unknown,Weak Passwords,AI-based Detection,20,45.88458845884589,16.49502068254913,27.77777777777778,33.45,Medium,1,Normal,-0.0839,
1332,India,2020,SQL Injection,Banking,89.8,895388,Insider,Social Engineering,AI-based Detection,54,89.80898089808981,89.57149359516224,75.0,86.78,High,1,Normal,-0.0332,
1333,India,2020,SQL Injection,Telecommunications,17.47,436517,Nation-state,Weak Passwords,Antivirus,61,17.47174717471747,43.667638688121166,84.72222222222221,38.78,Medium,1,Normal,-0.0818,
1334,India,2018,Phishing,IT,70.85,677164,Nation-state,Weak Passwords,Firewall,7,70.85708570857085,67.74112551081146,9.722222222222223,57.7,Medium,1,Normal,-0.0745,
1335,Russia,2024,Man-in-the-Middle,Banking,93.13,414192,Nation-state,Weak Passwords,Firewall,34,93.13931393139316,41.43432352808775,47.22222222222222,68.44,High,1,Normal,-0.0835,
1336,Russia,2021,Man-in-the-Middle,Retail,39.73,80069,Insider,Unpatched Software,VPN,8,39.73397339733973,8.009823585608746,11.11111111111111,24.49,Low,1,Normal,-0.0358,
1337,UK,2016,Phishing,IT,1.28,604185,Unknown,Zero-day,Firewall,57,1.2801280128012802,60.44056080469371,79.16666666666666,34.61,Medium,1,Normal,-0.0253,
1338,Brazil,2021,SQL Injection,IT,83.99,807733,Unknown,Weak Passwords,Encryption,18,83.99839983998399,80.8027930194521,25.0,71.24,High,1,Normal,-0.0804,
1339,France,2019,SQL Injection,Telecommunications,16.51,945154,Nation-state,Social Engineering,AI-based Detection,63,16.511651165116515,94.54991071741186,87.5,54.12,Medium,1,Normal,-0.0288,
1340,Germany,2023,Malware,Retail,62.43,918454,Unknown,Unpatched Software,Firewall,15,62.43624362436244,91.87893581157122,20.833333333333336,62.95,Medium,1,Normal,-0.0785,
1341,Australia,2017,Phishing,Retail,56.1,450205,Unknown,Zero-day,Firewall,32,56.10561056105611,45.03693848254613,44.44444444444444,50.45,Medium,1,Normal,-0.1191,
1342,Japan,2016,Malware,Telecommunications,87.52,476001,Hacker Group,Social Engineering,VPN,58,87.52875287528752,47.617480380338826,80.55555555555556,74.16,High,1,Normal,-0.0645,
1343,Russia,2018,Phishing,IT,65.88,503520,Hacker Group,Zero-day,Encryption,48,65.88658865886589,50.37038519059457,66.66666666666666,61.39,Medium,1,Normal,-0.1181,
1344,USA,2024,SQL Injection,Retail,86.29,457411,Nation-state,Zero-day,VPN,34,86.2986298629863,45.75780159758312,47.22222222222222,66.32,High,1,Normal,-0.1012,
1345,China,2018,Malware,Education,62.82,580609,Unknown,Weak Passwords,AI-based Detection,29,62.82628262826283,58.08209996648777,40.27777777777778,56.89,Medium,1,Normal,-0.1226,
1346,UK,2022,Phishing,Banking,18.45,848022,Hacker Group,Social Engineering,Antivirus,10,18.45184518451845,84.83316410489829,13.88888888888889,37.45,Medium,1,Normal,-0.0476,
1347,Brazil,2022,Phishing,Education,75.42,761590,Unknown,Unpatched Software,AI-based Detection,45,75.42754275427544,76.18680818498753,62.5,73.07,High,1,Normal,-0.0947,
1348,Brazil,2022,DDoS,Education,17.68,366968,Nation-state,Social Engineering,VPN,47,17.681768176817684,36.71019922271629,65.27777777777779,32.91,Low,1,Normal,-0.0944,
1349,Brazil,2021,Man-in-the-Middle,Education,27.95,625370,Insider,Social Engineering,Firewall,24,27.952795279527955,62.55983433953393,33.33333333333333,39.41,Medium,1,Normal,-0.0926,
1350,UK,2018,Ransomware,Healthcare,60.01,193378,Unknown,Unpatched Software,Encryption,32,60.01600160016002,19.344860874219087,44.44444444444444,44.7,Medium,1,Normal,-0.0947,
1351,Brazil,2024,DDoS,Healthcare,92.34,375691,Insider,Zero-day,Encryption,21,92.34923492349236,37.58281772847089,29.166666666666668,63.28,Medium,1,Normal,-0.0826,
1352,Australia,2017,SQL Injection,Banking,7.21,526324,Insider,Unpatched Software,VPN,39,7.210721072107211,52.65161784051179,54.16666666666666,30.23,Low,1,Normal,-0.0757,
1353,France,2020,Malware,Healthcare,76.42,50468,Hacker Group,Social Engineering,AI-based Detection,64,76.42764276427644,5.048642754605432,88.88888888888889,57.51,Medium,1,Normal,-0.045,
1354,India,2020,Phishing,IT,3.2,922656,Insider,Zero-day,AI-based Detection,17,3.2003200320032,92.29928924057282,23.61111111111111,34.01,Medium,1,Normal,-0.021,
1355,India,2018,Ransomware,Retail,62.59,498457,Insider,Weak Passwords,VPN,12,62.5962596259626,49.86390032361812,16.666666666666664,49.59,Medium,1,Normal,-0.0889,
1356,Brazil,2023,SQL Injection,Education,89.04,351850,Hacker Group,Social Engineering,Encryption,21,89.04890489048906,35.1978472142332,29.166666666666668,60.92,Medium,1,Normal,-0.0892,
1357,USA,2015,DDoS,Retail,76.95,391982,Unknown,Social Engineering,Firewall,46,76.95769576957696,39.21251256708699,63.888888888888886,63.02,Medium,1,Normal,-0.1185,
1358,Australia,2021,Malware,Telecommunications,51.66,247243,Nation-state,Zero-day,Antivirus,69,51.66516651665166,24.733327664597574,95.83333333333334,52.42,Medium,1,Normal,-0.0674,
1359,Japan,2020,Phishing,Banking,39.33,257190,Insider,Unpatched Software,Encryption,14,39.33393339333933,25.728390862664877,19.444444444444446,31.27,Low,1,Normal,-0.0825,
1360,Australia,2015,SQL Injection,Retail,89.77,804658,Nation-state,Unpatched Software,AI-based Detection,23,89.77897789778979,80.49518074097045,31.944444444444443,75.43,High,1,Normal,-0.0707,
1361,Russia,2024,Man-in-the-Middle,Education,75.95,758032,Insider,Social Engineering,Antivirus,30,75.95759575957597,75.83087827056876,41.66666666666667,69.06,High,1,Normal,-0.0959,
1362,France,2017,DDoS,Telecommunications,13.31,381948,Unknown,Weak Passwords,AI-based Detection,46,13.311331133113312,38.20874619236021,63.888888888888886,30.9,Low,1,Normal,-0.0855,
1363,Australia,2018,DDoS,Retail,40.0,152435,Unknown,Weak Passwords,Firewall,26,40.004000400040006,15.249065909056805,36.11111111111111,31.8,Low,1,Normal,-0.0825,
1364,Brazil,2020,Ransomware,Banking,99.9,429566,Nation-state,Zero-day,AI-based Detection,54,99.90999099909992,42.97228488398265,75.0,77.85,High,1,Normal,-0.0262,
1365,Germany,2022,Ransomware,Healthcare,61.99,496292,Nation-state,Zero-day,AI-based Detection,21,61.996199619962,49.64732127226438,29.166666666666668,51.73,Medium,1,Normal,-0.1083,
1366,Germany,2023,Man-in-the-Middle,Healthcare,75.8,943724,Insider,Unpatched Software,AI-based Detection,58,75.80758075807582,94.40685850335372,80.55555555555556,82.34,High,1,Normal,-0.0412,
1367,Japan,2022,Man-in-the-Middle,Government,39.87,243600,Unknown,Weak Passwords,AI-based Detection,40,39.87398739873987,24.36889464654599,55.55555555555556,38.36,Medium,1,Normal,-0.1026,
1368,USA,2017,Phishing,IT,48.96,480386,Nation-state,Zero-day,Antivirus,18,48.96489648964896,48.05614049127932,25.0,43.9,Medium,1,Normal,-0.09,
1369,India,2020,Ransomware,Healthcare,70.67,564046,Insider,Social Engineering,Firewall,39,70.67706770677069,56.42519519624663,54.16666666666666,63.1,Medium,1,Normal,-0.128,
1370,Japan,2022,Malware,Retail,26.7,50007,Nation-state,Weak Passwords,Antivirus,19,26.7026702670267,5.002525921961516,26.38888888888889,20.13,Low,1,Normal,-0.0419,
1371,Australia,2023,Malware,Retail,99.72,307143,Hacker Group,Social Engineering,VPN,1,99.72997299729973,30.725514812906717,1.3888888888888888,59.36,Medium,-1,Anomaly,0.0269,"High financial_loss_million, Low resolution_time_hours"
1372,Russia,2023,DDoS,IT,22.71,356964,Insider,Unpatched Software,Firewall,27,22.71227122712272,35.709433943389335,37.5,29.57,Low,1,Normal,-0.0966,
1373,USA,2024,SQL Injection,Retail,94.83,891369,Hacker Group,Social Engineering,Antivirus,71,94.83948394839484,89.16944684809955,98.61111111111111,93.89,High,-1,Anomaly,0.0398,"High financial_loss_million, High affected_users, High resolution_time_hours, High risk_score"
1374,Japan,2020,DDoS,Retail,37.81,482700,Insider,Unpatched Software,VPN,55,37.81378137813782,48.28762498311884,76.38888888888889,48.67,Medium,1,Normal,-0.1018,
1375,China,2018,Phishing,Healthcare,42.93,596628,Hacker Group,Unpatched Software,Antivirus,60,42.93429342934294,59.68458487347882,83.33333333333334,56.04,Medium,1,Normal,-0.0908,
1376,Russia,2022,Ransomware,Telecommunications,89.33,776295,Unknown,Zero-day,VPN,40,89.33893389338934,77.65784511346642,55.55555555555556,79.08,High,1,Normal,-0.0799,
1377,USA,2016,Phishing,Banking,38.58,447486,Insider,Weak Passwords,Encryption,7,38.58385838583858,44.76493920280903,9.722222222222223,34.67,Medium,1,Normal,-0.0748,
1378,USA,2022,Man-in-the-Middle,Retail,75.51,298887,Nation-state,Zero-day,VPN,44,75.51755175517553,29.89961335887599,61.11111111111112,58.95,Medium,1,Normal,-0.1187,
1379,India,2015,Ransomware,Government,56.3,59582,Nation-state,Unpatched Software,VPN,56,56.30563056305631,5.960375537071031,77.77777777777779,45.5,Medium,1,Normal,-0.0617,
1380,Brazil,2024,Ransomware,Healthcare,6.67,553944,Hacker Group,Social Engineering,Encryption,64,6.67066706670667,55.4146263386136,88.88888888888889,37.74,Medium,1,Normal,-0.0413,
1381,Russia,2024,Ransomware,Banking,80.29,507258,Nation-state,Social Engineering,Antivirus,30,80.29802980298031,50.74432167741225,41.66666666666667,63.71,Medium,1,Normal,-0.1046,
1382,Russia,2024,DDoS,Government,94.6,82500,Hacker Group,Zero-day,AI-based Detection,28,94.6094609460946,8.25301234950757,38.88888888888889,57.56,Medium,1,Normal,-0.0397,
1383,Germany,2021,SQL Injection,Retail,27.54,383781,Nation-state,Zero-day,Antivirus,57,27.542754275427544,38.39211312128927,79.16666666666666,41.12,Medium,1,Normal,-0.0899,
1384,Australia,2020,Ransomware,Banking,97.48,647303,Insider,Zero-day,Antivirus,37,97.4897489748975,64.75393518634301,51.388888888888886,78.45,High,1,Normal,-0.0569,
1385,USA,2016,Phishing,IT,68.23,877998,Nation-state,Weak Passwords,Antivirus,23,68.23682368236824,87.83185862839936,31.944444444444443,66.86,High,1,Normal,-0.086,
1386,India,2015,SQL Injection,Government,56.84,631420,Nation-state,Unpatched Software,Firewall,68,56.84568456845685,63.16505524516448,94.44444444444444,66.26,High,1,Normal,-0.0652,
1387,France,2023,Ransomware,Telecommunications,84.79,263566,Hacker Group,Zero-day,AI-based Detection,64,84.79847984798481,26.36622367164015,88.88888888888889,68.09,High,1,Normal,-0.0595,
1388,UK,2021,Ransomware,Banking,4.22,65148,Nation-state,Weak Passwords,VPN,15,4.220422042204221,6.517178770251142,20.833333333333336,8.23,Low,-1,Anomaly,0.0273,"Low financial_loss_million, Low affected_users, Low resolution_time_hours, Low risk_score"
1389,Russia,2020,Ransomware,Telecommunications,58.73,345623,Unknown,Weak Passwords,AI-based Detection,67,58.73587358735873,34.57491984574369,93.05555555555556,58.35,Medium,1,Normal,-0.0725,
1390,China,2015,Ransomware,IT,60.43,962452,Nation-state,Unpatched Software,Encryption,34,60.43604360436044,96.2803423249486,47.22222222222222,68.55,High,1,Normal,-0.0602,
1391,Germany,2024,Phishing,IT,2.85,951767,Nation-state,Weak Passwords,AI-based Detection,10,2.8502850285028503,95.21145218004573,13.88888888888889,32.77,Low,1,Normal,-0.0016,
1392,UK,2016,SQL Injection,Education,43.55,712306,Hacker Group,Social Engineering,Firewall,29,43.55435543554355,71.2566086621617,40.27777777777778,51.21,Medium,1,Normal,-0.1233,
1393,UK,2016,Ransomware,Telecommunications,11.83,365116,Hacker Group,Social Engineering,Encryption,66,11.831183118311833,36.52493160003401,91.66666666666666,35.21,Medium,1,Normal,-0.0437,
1394,USA,2021,Man-in-the-Middle,Banking,64.96,485702,Unknown,Unpatched Software,Firewall,51,64.96649664966496,48.58793459612759,70.83333333333334,61.23,Medium,1,Normal,-0.1157,
1395,USA,2023,SQL Injection,IT,19.37,49480,Hacker Group,Social Engineering,Encryption,17,19.371937193719376,4.949806679437995,23.61111111111111,15.89,Low,1,Normal,-0.0207,
1396,Australia,2019,Phishing,Education,46.64,971148,Insider,Unpatched Software,Firewall,44,46.64466446644665,97.15025984484336,61.11111111111112,64.69,Medium,1,Normal,-0.0704,
1397,USA,2018,DDoS,Banking,31.54,513005,Unknown,Social Engineering,VPN,62,31.543154315431543,51.31923151950461,86.11111111111111,48.39,Medium,1,Normal,-0.0915,
1398,Germany,2019,Malware,Retail,6.47,360381,Unknown,Zero-day,VPN,62,6.470647064706471,36.05125870942894,86.11111111111111,31.27,Low,1,Normal,-0.0336,
1399,Brazil,2021,DDoS,Banking,96.23,649383,Unknown,Weak Passwords,Encryption,59,96.23962396239624,64.96201113406393,81.94444444444444,84.0,High,1,Normal,-0.029,
1400,Germany,2022,SQL Injection,Banking,89.74,155736,Nation-state,Social Engineering,Encryption,63,89.74897489748976,15.579286439550437,87.5,67.05,High,1,Normal,-0.0339,
1401,USA,2023,Malware,Healthcare,54.29,443715,Unknown,Social Engineering,Antivirus,54,54.295429542954295,44.38770151105154,75.0,55.46,Medium,1,Normal,-0.1089,
1402,Australia,2022,DDoS,Telecommunications,4.81,683733,Nation-state,Zero-day,VPN,65,4.81048104810481,68.39826536685891,90.2777777777778,40.98,Medium,1,Normal,-0.0342,
1403,Brazil,2019,DDoS,Healthcare,42.16,400214,Unknown,Zero-day,Firewall,58,42.164216421642166,40.03601314479785,80.55555555555556,49.2,Medium,1,Normal,-0.0939,
1404,Brazil,2024,Ransomware,IT,74.06,813472,Hacker Group,Zero-day,VPN,17,74.06740674067407,81.37690256943785,23.61111111111111,66.17,High,1,Normal,-0.0818,
1405,France,2021,Ransomware,Banking,27.1,199832,Nation-state,Weak Passwords,Antivirus,54,27.102710271027103,19.9904965312339,75.0,34.55,Medium,1,Normal,-0.0864,
1406,India,2017,Malware,IT,22.04,210495,Insider,Weak Passwords,Firewall,18,22.042204220422043,21.057185872843583,25.0,22.34,Low,1,Normal,-0.0766,
1407,China,2023,Man-in-the-Middle,Education,49.53,923445,Hacker Group,Unpatched Software,VPN,42,49.53495349534954,92.3782180495881,58.333333333333336,64.15,Medium,1,Normal,-0.0927,
1408,Japan,2019,Man-in-the-Middle,Education,1.72,407485,Insider,Unpatched Software,AI-based Detection,22,1.7201720172017203,40.76337863320112,30.55555555555556,19.2,Low,1,Normal,-0.0265,
1409,Russia,2020,Man-in-the-Middle,Government,97.39,517452,Unknown,Zero-day,Firewall,9,97.3997399739974,51.76409389427141,12.5,66.73,High,1,Normal,-0.0362,
1410,Germany,2017,Ransomware,Retail,68.73,509742,Nation-state,Zero-day,Antivirus,43,68.73687368736874,50.99281237651743,59.72222222222222,61.61,Medium,1,Normal,-0.1296,
1411,USA,2019,Malware,Healthcare,57.85,412236,Nation-state,Weak Passwords,Antivirus,36,57.85578557855786,41.23865210801942,50.0,51.3,Medium,1,Normal,-0.1289,
1412,Germany,2017,Malware,Healthcare,6.58,592988,Hacker Group,Unpatched Software,VPN,43,6.580658065806581,59.32045196496721,59.72222222222222,33.03,Medium,1,Normal,-0.0705,
1413,USA,2019,Ransomware,Banking,47.25,451510,Hacker Group,Zero-day,VPN,45,47.25472547254726,45.16748613243834,62.5,49.68,Medium,1,Normal,-0.1227,
1414,India,2021,Ransomware,Education,20.26,144065,Insider,Unpatched Software,Firewall,62,20.262026202620262,14.411760292506765,86.11111111111111,31.68,Low,1,Normal,-0.0478,
1415,India,2024,DDoS,Telecommunications,85.02,700440,Hacker Group,Weak Passwords,VPN,23,85.02850285028502,70.06957539501919,31.944444444444443,69.92,High,1,Normal,-0.0898,
1416,France,2024,Phishing,IT,64.54,255689,Unknown,Zero-day,Antivirus,54,64.54645464546456,25.5782360561605,75.0,54.95,Medium,1,Normal,-0.1073,
1417,Japan,2017,Malware,Retail,74.01,750473,Unknown,Zero-day,Antivirus,41,74.01740174017402,75.07470226632721,56.94444444444444,70.92,High,1,Normal,-0.1022,
1418,UK,2015,Malware,Government,68.8,284512,Nation-state,Social Engineering,Antivirus,23,68.8068806880688,28.461588479795125,31.944444444444443,49.33,Medium,1,Normal,-0.1036,
1419,Japan,2021,Malware,Education,76.8,607544,Nation-state,Weak Passwords,Encryption,56,76.8076807680768,60.77658345296033,77.77777777777779,72.19,High,1,Normal,-0.0884,
1420,UK,2016,Ransomware,Banking,92.39,61764,Hacker Group,Social Engineering,Encryption,38,92.3992399239924,6.178655209151341,52.77777777777778,58.61,Medium,1,Normal,-0.0365,
1421,USA,2023,DDoS,Telecommunications,11.73,489053,Nation-state,Zero-day,Antivirus,29,11.731173117311734,48.923156952287584,40.27777777777778,28.6,Low,1,Normal,-0.0841,
1422,China,2020,SQL Injection,Telecommunications,29.31,8884,Nation-state,Weak Passwords,Firewall,23,29.312931293129317,0.8887243844003061,31.944444444444443,21.31,Low,1,Normal,-0.0276,
1423,Germany,2017,Ransomware,Retail,91.67,80135,Hacker Group,Social Engineering,AI-based Detection,35,91.67916791679168,8.016425995488353,48.61111111111111,57.97,Medium,1,Normal,-0.0448,
1424,USA,2022,Phishing,Retail,47.66,20064,Insider,Social Engineering,Encryption,61,47.664766476647664,2.007132603400241,84.72222222222221,41.38,Medium,1,Normal,-0.0356,
1425,India,2022,SQL Injection,Telecommunications,95.74,849940,Insider,Weak Passwords,AI-based Detection,61,95.74957495749577,85.02503413746018,84.72222222222221,90.33,High,-1,Anomaly,0.0027,"High financial_loss_million, High affected_users, High resolution_time_hours, High risk_score"
1426,Japan,2021,Ransomware,Government,79.25,437649,Hacker Group,Weak Passwords,Firewall,10,79.25792579257927,43.78088002120774,13.88888888888889,55.54,Medium,1,Normal,-0.0774,
1427,Australia,2020,SQL Injection,Telecommunications,43.69,269137,Unknown,Unpatched Software,AI-based Detection,18,43.69436943694369,26.92352708738689,25.0,34.92,Medium,1,Normal,-0.0941,
1428,UK,2018,Malware,Telecommunications,23.27,233460,Insider,Unpatched Software,Antivirus,11,23.27232723272327,23.35452440140651,15.27777777777778,21.7,Low,1,Normal,-0.0589,
1429,UK,2015,SQL Injection,Banking,6.96,474585,Nation-state,Unpatched Software,Firewall,34,6.9606960696069615,47.47582867746728,47.22222222222222,27.17,Low,1,Normal,-0.0701,
1430,Russia,2024,SQL Injection,Government,41.65,674211,Hacker Group,Weak Passwords,Firewall,54,41.65416541654166,67.44571768695575,75.0,56.06,Medium,1,Normal,-0.0988,
1431,Brazil,2020,Phishing,Healthcare,18.79,267178,Nation-state,Social Engineering,Firewall,56,18.79187918791879,26.727555557778587,77.77777777777779,32.97,Low,1,Normal,-0.0785,
1432,Russia,2022,DDoS,Healthcare,58.93,104121,Hacker Group,Zero-day,Firewall,15,58.93589358935893,10.415901804158516,20.833333333333336,36.76,Medium,1,Normal,-0.07,
1433,UK,2020,Ransomware,IT,83.29,217598,Hacker Group,Unpatched Software,Encryption,24,83.29832983298331,21.767745227007858,33.33333333333333,54.85,Medium,1,Normal,-0.0998,
1434,China,2024,Ransomware,Government,65.96,44082,Nation-state,Social Engineering,VPN,48,65.96659665966597,4.409809580496881,66.66666666666666,47.64,Medium,1,Normal,-0.0694,
1435,India,2018,Phishing,Banking,71.58,31733,Hacker Group,Unpatched Software,Encryption,49,71.5871587158716,3.174458677417257,68.05555555555556,50.36,Medium,1,Normal,-0.0728,
1436,Australia,2022,Man-in-the-Middle,Banking,34.16,346224,Nation-state,Zero-day,Encryption,64,34.16341634163416,34.63504179025344,88.88888888888889,45.25,Medium,1,Normal,-0.0742,
1437,Australia,2015,DDoS,IT,61.01,419127,Unknown,Social Engineering,Firewall,26,61.01610161016102,41.92800372135829,36.11111111111111,50.31,Medium,1,Normal,-0.1251,
1438,USA,2024,Man-in-the-Middle,Education,53.59,810539,Unknown,Weak Passwords,Antivirus,22,53.595359535953605,81.0834954758487,30.55555555555556,57.23,Medium,1,Normal,-0.1148,
1439,USA,2020,DDoS,Retail,11.79,692784,Hacker Group,Unpatched Software,Firewall,2,11.79117911791179,69.30369584898489,2.7777777777777777,27.24,Low,1,Normal,-0.0061,
1440,USA,2020,SQL Injection,Retail,16.98,315050,Unknown,Unpatched Software,Encryption,8,16.981698169816983,31.51650352378618,11.11111111111111,20.17,Low,1,Normal,-0.0473,
1441,India,2016,SQL Injection,IT,29.24,786464,Unknown,Weak Passwords,Encryption,38,29.242924292429244,78.67511641749239,52.77777777777778,48.78,Medium,1,Normal,-0.102,
1442,UK,2023,Man-in-the-Middle,IT,20.35,140061,Hacker Group,Weak Passwords,AI-based Detection,42,20.352035203520355,14.011214093143998,58.333333333333336,26.05,Low,1,Normal,-0.0773,
1443,Brazil,2021,SQL Injection,IT,34.32,673923,Hacker Group,Unpatched Software,Encryption,3,34.32343234323433,67.41690717111746,4.166666666666666,38.22,Medium,1,Normal,-0.0465,
1444,Japan,2017,SQL Injection,Government,35.88,221051,Insider,Zero-day,Encryption,18,35.88358835883589,22.11317130752725,25.0,29.58,Low,1,Normal,-0.0794,
1445,Russia,2017,SQL Injection,Banking,33.84,442940,Nation-state,Unpatched Software,AI-based Detection,7,33.84338433843384,44.310173213222825,9.722222222222223,32.16,Low,1,Normal,-0.0689,
1446,Russia,2024,SQL Injection,Telecommunications,17.21,677688,Nation-state,Zero-day,Encryption,31,17.211721172117215,67.79354464379499,43.05555555555556,37.56,Medium,1,Normal,-0.0763,
1447,Russia,2017,Ransomware,Education,95.08,679860,Unknown,Social Engineering,Encryption,66,95.0895089508951,68.01082395074202,91.66666666666666,86.28,High,1,Normal,-0.0138,
1448,Germany,2016,Phishing,Retail,27.85,963983,Unknown,Zero-day,Encryption,45,27.85278527852785,96.4334982268528,62.5,55.36,Medium,1,Normal,-0.0714,
1449,UK,2020,DDoS,Retail,18.52,125100,Unknown,Weak Passwords,VPN,61,18.521852185218524,12.514567817253296,84.72222222222221,29.96,Low,1,Normal,-0.0469,
1450,China,2016,DDoS,Education,81.31,815317,Hacker Group,Social Engineering,Antivirus,72,81.31813181318132,81.56146993652683,100.0,85.13,High,-1,Anomaly,0.0009,"High financial_loss_million, High affected_users, High resolution_time_hours, High risk_score"
1451,China,2020,Man-in-the-Middle,Retail,34.82,500252,Nation-state,Zero-day,Antivirus,29,34.823482348234826,50.04346586504074,40.27777777777778,40.48,Medium,1,Normal,-0.1089,
1452,India,2018,DDoS,Education,55.3,512953,Unknown,Weak Passwords,Firewall,57,55.305530553055306,51.3140296208116,79.16666666666666,58.88,Medium,1,Normal,-0.1007,
1453,India,2023,Phishing,IT,88.71,337377,Hacker Group,Social Engineering,AI-based Detection,23,88.71887188718873,33.75001875684625,31.944444444444443,60.87,Medium,1,Normal,-0.0822,
1454,India,2024,DDoS,Retail,0.6,766733,Insider,Zero-day,AI-based Detection,55,0.6000600060006,76.70129597303016,76.38888888888889,38.59,Medium,1,Normal,-0.026,
1455,USA,2023,Malware,Retail,50.02,578310,Nation-state,Weak Passwords,Antivirus,15,50.025002500250025,57.85211602234816,20.833333333333336,46.53,Medium,1,Normal,-0.1023,
1456,France,2022,Man-in-the-Middle,Telecommunications,12.96,255574,Insider,Social Engineering,Firewall,69,12.96129612961296,25.56673185712785,95.83333333333334,33.32,Medium,1,Normal,-0.0336,
1457,China,2023,Phishing,IT,43.58,169152,Nation-state,Unpatched Software,Encryption,49,43.58435843584358,16.921376302350357,68.05555555555556,40.48,Medium,1,Normal,-0.0956,
1458,USA,2020,Man-in-the-Middle,IT,33.22,216472,Unknown,Zero-day,Encryption,55,33.223322332233224,21.655104113001244,76.38888888888889,38.39,Medium,1,Normal,-0.0879,
1459,Japan,2020,Phishing,Retail,38.96,370096,Nation-state,Weak Passwords,Encryption,23,38.96389638963897,37.02311343640429,31.944444444444443,36.98,Medium,1,Normal,-0.1036,
1460,India,2020,Phishing,Telecommunications,30.14,742555,Insider,Zero-day,Firewall,57,30.143014301430146,74.28261315380114,79.16666666666666,53.19,Medium,1,Normal,-0.081,
1461,Russia,2020,Man-in-the-Middle,IT,21.72,870019,Insider,Social Engineering,AI-based Detection,5,21.72217221722172,87.03366728856032,6.944444444444445,38.36,Medium,1,Normal,-0.0295,
1462,Australia,2022,Malware,IT,93.2,941679,Hacker Group,Social Engineering,Antivirus,43,93.20932093209322,94.20228383359928,59.72222222222222,86.81,High,1,Normal,-0.0135,
1463,France,2024,DDoS,Retail,88.17,738419,Unknown,Zero-day,Firewall,11,88.17881788178819,73.86886213467916,15.27777777777778,69.31,High,1,Normal,-0.0569,
1464,Brazil,2018,Phishing,Retail,42.46,4136,Nation-state,Zero-day,Encryption,23,42.46424642464247,0.4137510191219795,31.944444444444443,27.75,Low,1,Normal,-0.0349,
1465,India,2022,SQL Injection,Education,61.41,995847,Nation-state,Social Engineering,Encryption,1,61.41614161416141,99.62106168751596,1.3888888888888888,60.87,Medium,-1,Anomaly,0.0058,"High affected_users, Low resolution_time_hours"
1466,Japan,2022,Ransomware,Education,51.51,536995,Hacker Group,Weak Passwords,Encryption,3,51.51515151515152,53.71910747422809,4.166666666666666,42.71,Medium,1,Normal,-0.0506,
1467,Germany,2016,Malware,Telecommunications,77.7,57200,Hacker Group,Social Engineering,VPN,26,77.70777077707771,5.722088562325249,36.11111111111111,47.79,Medium,1,Normal,-0.0715,
1468,USA,2016,Phishing,Government,14.65,936566,Nation-state,Social Engineering,VPN,61,14.651465146514653,93.69079714095643,84.72222222222221,52.38,Medium,1,Normal,-0.0446,
1469,Japan,2019,DDoS,Healthcare,68.4,567370,Insider,Unpatched Software,VPN,9,68.40684068406841,56.75771656654679,12.5,53.73,Medium,1,Normal,-0.0851,
1470,India,2015,Malware,Banking,34.51,970056,Hacker Group,Unpatched Software,Firewall,30,34.51345134513451,97.04101997228987,41.66666666666667,54.7,Medium,1,Normal,-0.0766,
1471,Brazil,2020,Ransomware,IT,71.74,3432,Hacker Group,Unpatched Software,AI-based Detection,45,71.74717471747175,0.3433253137395149,62.5,48.48,Medium,1,Normal,-0.0562,
1472,Brazil,2015,Malware,Education,37.54,49473,Insider,Social Engineering,Firewall,51,37.54375437543754,4.949106423844704,70.83333333333334,34.42,Medium,1,Normal,-0.0591,
1473,France,2019,Man-in-the-Middle,IT,76.35,460984,Hacker Group,Zero-day,Firewall,55,76.35763576357635,46.11523205970179,76.38888888888889,67.29,High,1,Normal,-0.0985,
1474,UK,2024,Phishing,IT,71.2,228010,Nation-state,Social Engineering,Antivirus,59,71.20712071207122,22.809325403772377,81.94444444444444,58.84,Medium,1,Normal,-0.0957,
1475,Russia,2024,Ransomware,Government,48.88,172789,Hacker Group,Unpatched Software,VPN,10,48.88488848884889,17.285209101321982,13.88888888888889,32.41,Low,1,Normal,-0.0618,
1476,China,2020,Man-in-the-Middle,Retail,48.24,338732,Nation-state,Unpatched Software,Firewall,15,48.24482448244825,33.88556823240483,20.833333333333336,38.45,Medium,1,Normal,-0.0941,
1477,Germany,2017,Ransomware,Healthcare,32.0,175755,Insider,Weak Passwords,Firewall,30,32.00320032003201,17.581917399850948,41.66666666666667,29.61,Low,1,Normal,-0.0793,
1478,Brazil,2023,DDoS,Education,50.34,897521,Nation-state,Social Engineering,AI-based Detection,19,50.34503450345035,89.7848714780895,26.38888888888889,57.39,Medium,1,Normal,-0.1005,
1479,Russia,2016,Ransomware,Healthcare,5.18,719532,Insider,Unpatched Software,VPN,10,5.18051805180518,71.97947250746523,13.88888888888889,26.96,Low,1,Normal,-0.0285,
1480,Australia,2024,DDoS,Government,95.28,583925,Insider,Zero-day,Encryption,70,95.2895289528953,58.41382104468131,97.2222222222222,84.61,High,-1,Anomaly,0.0022,"High financial_loss_million, High resolution_time_hours, High risk_score"
1481,Russia,2016,Phishing,Retail,70.4,480522,Unknown,Zero-day,Antivirus,72,70.40704070407041,48.06974545709184,100.0,69.62,High,1,Normal,-0.0309,
1482,Brazil,2015,SQL Injection,IT,47.2,16957,Unknown,Zero-day,Firewall,49,47.204720472047214,1.6963191564921196,68.05555555555556,37.72,Medium,1,Normal,-0.0632,
1483,France,2016,Ransomware,IT,29.35,316228,Unknown,Unpatched Software,VPN,7,29.35293529352936,31.63434653648582,9.722222222222223,26.11,Low,1,Normal,-0.0538,
1484,Australia,2018,SQL Injection,Banking,20.28,363414,Insider,Unpatched Software,Antivirus,59,20.282028202820285,36.354669454350834,81.94444444444444,37.44,Medium,1,Normal,-0.0773,
1485,UK,2015,Man-in-the-Middle,Telecommunications,71.9,733671,Insider,Zero-day,VPN,20,71.9071907190719,73.39388876940083,27.77777777777778,63.53,Medium,1,Normal,-0.0941,
1486,France,2019,SQL Injection,Telecommunications,27.91,399457,Nation-state,Weak Passwords,Firewall,48,27.912791279127912,39.96028550420904,66.66666666666666,39.28,Medium,1,Normal,-0.1054,
1487,China,2017,DDoS,Government,57.34,171772,Nation-state,Social Engineering,Firewall,8,57.34573457345735,17.18347196726805,11.11111111111111,36.05,Medium,1,Normal,-0.0556,
1488,USA,2015,Phishing,Government,82.4,197305,Insider,Unpatched Software,AI-based Detection,34,82.40824082408241,19.73770426205565,47.22222222222222,56.57,Medium,1,Normal,-0.0937,
1489,Russia,2023,Ransomware,Healthcare,15.08,677971,Insider,Social Engineering,VPN,51,15.081508150815084,67.82185497706664,70.83333333333334,42.05,Medium,1,Normal,-0.0725,
1490,India,2021,Man-in-the-Middle,Banking,55.12,942454,Hacker Group,Social Engineering,VPN,66,55.12551255125513,94.27981213142796,91.66666666666666,74.18,High,1,Normal,-0.0256,
1491,Russia,2022,Ransomware,Government,38.84,211205,Insider,Unpatched Software,Antivirus,54,38.84388438843885,21.12821179730602,75.0,40.76,Medium,1,Normal,-0.0846,
1492,Japan,2024,Malware,Telecommunications,42.79,483399,Insider,Zero-day,Antivirus,50,42.7942794279428,48.35755050593467,69.44444444444444,49.79,Medium,1,Normal,-0.1084,
1493,China,2016,DDoS,Telecommunications,97.83,699791,Nation-state,Weak Passwords,Encryption,2,97.83978397839785,70.00465169786972,2.7777777777777777,70.48,High,-1,Anomaly,0.0164,"High financial_loss_million, Low resolution_time_hours"
1494,Germany,2019,Phishing,Education,10.04,679314,Nation-state,Unpatched Software,Antivirus,39,10.04100410041004,67.95620401446529,54.16666666666666,36.24,Medium,1,Normal,-0.0732,
1495,Brazil,2020,SQL Injection,Retail,96.97,466897,Insider,Unpatched Software,VPN,58,96.979697969797,46.70674796300649,80.55555555555556,78.61,High,1,Normal,-0.0347,
1496,Brazil,2024,SQL Injection,Healthcare,41.05,175957,Hacker Group,Zero-day,Antivirus,69,41.054105410541055,17.602124775543075,95.83333333333334,44.97,Medium,1,Normal,-0.0493,
1497,India,2019,Ransomware,Government,10.37,912202,Nation-state,Weak Passwords,VPN,15,10.371037103710371,91.25350753024854,20.833333333333336,36.73,Medium,1,Normal,-0.0399,
1498,Russia,2019,DDoS,Education,33.73,985398,Nation-state,Social Engineering,Antivirus,54,33.73337333733373,98.57578015975832,75.0,61.44,Medium,1,Normal,-0.0558,
1499,China,2023,SQL Injection,Education,4.18,715127,Nation-state,Weak Passwords,Antivirus,60,4.180418041804181,71.53881166625818,83.33333333333334,40.22,Medium,1,Normal,-0.0448,
1500,USA,2021,Malware,Retail,72.24,472835,Hacker Group,Unpatched Software,Encryption,57,72.24722472247225,47.30076477914439,79.16666666666666,66.15,High,1,Normal,-0.0984,
1501,Australia,2016,DDoS,Healthcare,98.25,412019,Unknown,Weak Passwords,Antivirus,34,98.25982598259829,41.216944184627394,47.22222222222222,70.94,High,1,Normal,-0.0495,
1502,India,2021,SQL Injection,Retail,85.69,172469,Insider,Weak Passwords,Antivirus,16,85.6985698569857,17.253197417057226,22.22222222222222,52.47,Medium,1,Normal,-0.072,
1503,UK,2015,Phishing,Banking,39.12,893284,Unknown,Unpatched Software,AI-based Detection,21,39.12391239123912,89.36101677112146,29.166666666666668,52.2,Medium,1,Normal,-0.1043,
1504,India,2021,Malware,Telecommunications,82.66,586,Hacker Group,Zero-day,VPN,23,82.66826682668267,0.0586213968098355,31.944444444444443,47.74,Medium,1,Normal,-0.035,
1505,Japan,2017,Phishing,IT,49.12,845169,Nation-state,Social Engineering,VPN,1,49.12491249124912,84.54775993237533,1.3888888888888888,50.2,Medium,1,Normal,-0.0272,
1506,Germany,2018,Ransomware,Government,89.36,184748,Unknown,Unpatched Software,Firewall,4,89.36893689368938,18.481545764203936,5.555555555555555,51.34,Medium,1,Normal,-0.0134,
1507,Japan,2021,Malware,Healthcare,77.84,783976,Nation-state,Weak Passwords,Firewall,62,77.84778477847786,78.42622557233389,86.11111111111111,79.67,High,1,Normal,-0.0687,
1508,France,2015,Phishing,IT,49.84,282583,Unknown,Weak Passwords,VPN,15,49.844984498449854,28.26861804558664,20.833333333333336,37.57,Medium,1,Normal,-0.0942,
1509,Germany,2020,SQL Injection,Healthcare,96.31,591828,Unknown,Unpatched Software,Encryption,16,96.31963196319631,59.20440960950747,22.22222222222222,70.37,High,1,Normal,-0.0539,
1510,India,2018,SQL Injection,Government,18.44,27344,Nation-state,Zero-day,VPN,1,18.441844184418443,2.7353984204234547,1.3888888888888888,10.32,Low,-1,Anomaly,0.0639,"Low financial_loss_million, Low affected_users, Low resolution_time_hours, Low risk_score"
1511,Australia,2024,Ransomware,Healthcare,18.16,200307,Unknown,Social Engineering,Antivirus,59,18.161816181618164,20.0380138750644,81.94444444444444,31.48,Low,1,Normal,-0.066,
1512,China,2018,Man-in-the-Middle,IT,68.28,528411,Insider,Zero-day,AI-based Detection,10,68.28682868286829,52.860394043826,13.88888888888889,52.78,Medium,1,Normal,-0.0835,
1513,France,2015,Phishing,Banking,95.72,551812,Insider,Weak Passwords,Encryption,69,95.72957295729574,55.20134849219966,95.83333333333334,83.59,High,-1,Anomaly,0.0029,"High financial_loss_million, High resolution_time_hours, High risk_score"
1514,Brazil,2019,SQL Injection,Education,96.6,975019,Unknown,Unpatched Software,Firewall,38,96.6096609660966,97.5375011879336,52.77777777777778,88.12,High,-1,Anomaly,0.0241,"High financial_loss_million, High affected_users, High risk_score"
1515,China,2015,DDoS,Government,97.15,399851,Nation-state,Social Engineering,VPN,38,97.15971597159717,39.999699890460015,52.77777777777778,71.14,High,1,Normal,-0.0741,
1516,India,2024,Ransomware,Government,79.3,998833,Hacker Group,Social Engineering,Firewall,21,79.30793079307931,99.91977071631143,29.166666666666668,75.46,High,1,Normal,-0.0195,
1517,France,2017,Man-in-the-Middle,Education,76.35,517640,Hacker Group,Unpatched Software,Firewall,4,76.35763576357635,51.78290075877696,5.555555555555555,54.82,Medium,1,Normal,-0.0596,
1518,Russia,2023,DDoS,Banking,33.51,615332,Hacker Group,Social Engineering,AI-based Detection,65,33.513351335133514,61.55566781875385,90.2777777777778,53.28,Medium,1,Normal,-0.0723,
1519,France,2017,SQL Injection,Healthcare,96.08,592364,Insider,Weak Passwords,Antivirus,21,96.08960896089609,59.25802918065094,29.166666666666668,71.66,High,1,Normal,-0.0639,
1520,China,2020,Phishing,Education,33.69,943680,Insider,Zero-day,AI-based Detection,46,33.69336933693369,94.40245689676732,63.888888888888886,57.95,Medium,1,Normal,-0.0779,
1521,Brazil,2017,Man-in-the-Middle,Retail,17.99,506551,Unknown,Unpatched Software,Antivirus,53,17.99179917991799,50.673595862489805,73.61111111111111,38.92,Medium,1,Normal,-0.0927,
1522,Japan,2022,Ransomware,Government,86.84,122651,Insider,Weak Passwords,AI-based Detection,59,86.84868486848686,12.269578396114582,81.94444444444444,63.49,Medium,1,Normal,-0.0463,
1523,USA,2018,Man-in-the-Middle,Retail,97.62,459039,Nation-state,Weak Passwords,Firewall,68,97.62976297629764,45.92066104128007,94.44444444444444,81.48,High,-1,Anomaly,0.0134,"High financial_loss_million, High resolution_time_hours, High risk_score"
1524,Germany,2021,Ransomware,IT,25.85,176331,Insider,Weak Passwords,Antivirus,25,25.852585258525856,17.63953843152751,34.72222222222222,25.16,Low,1,Normal,-0.0769,
1525,USA,2018,Ransomware,Healthcare,27.37,543437,Unknown,Unpatched Software,Firewall,20,27.372737273727378,54.36354269308298,27.77777777777778,35.55,Medium,1,Normal,-0.0972,
1526,Germany,2022,SQL Injection,Telecommunications,29.02,859311,Insider,Zero-day,AI-based Detection,47,29.022902290229023,85.9624763038509,65.27777777777779,53.36,Medium,1,Normal,-0.089,
1527,USA,2018,DDoS,Retail,90.78,877041,Unknown,Unpatched Software,VPN,48,90.7890789078908,87.73612368514507,66.66666666666666,85.05,High,1,Normal,-0.0442,
1528,France,2022,Ransomware,Healthcare,42.33,657939,Nation-state,Social Engineering,Antivirus,47,42.33423342334233,65.81792354209286,65.27777777777779,53.97,Medium,1,Normal,-0.1036,
1529,Japan,2019,DDoS,Banking,81.89,920270,Nation-state,Unpatched Software,Antivirus,20,81.8981898189819,92.06060211977372,27.77777777777778,74.12,High,1,Normal,-0.0626,
1530,USA,2015,Ransomware,Healthcare,43.81,905935,Unknown,Unpatched Software,VPN,60,43.81438143814382,90.62657870122597,83.33333333333334,65.76,Medium,1,Normal,-0.0661,
1531,Australia,2019,Malware,Telecommunications,93.71,217863,Insider,Unpatched Software,VPN,31,93.71937193719371,21.794254903039608,43.05555555555556,62.01,Medium,1,Normal,-0.0652,
1532,UK,2020,Man-in-the-Middle,Government,54.29,930468,Insider,Social Engineering,AI-based Detection,35,54.295429542954295,93.08077448268618,48.61111111111111,64.79,Medium,1,Normal,-0.0901,
1533,Japan,2022,Phishing,Healthcare,55.72,179545,Unknown,Zero-day,Encryption,15,55.72557255725573,17.96105578536166,20.833333333333336,37.42,Medium,1,Normal,-0.0772,
1534,India,2023,Ransomware,Retail,5.57,582097,Insider,Weak Passwords,Antivirus,40,5.570557055705571,58.230954298318885,55.55555555555556,31.37,Low,1,Normal,-0.0696,
1535,France,2023,SQL Injection,Banking,48.1,360752,Unknown,Zero-day,Antivirus,21,48.10481048104811,36.08837225587339,29.166666666666668,40.71,Medium,1,Normal,-0.107,
1536,India,2020,Phishing,Retail,25.79,907128,Insider,Unpatched Software,Antivirus,13,25.79257925792579,90.7459222616255,18.055555555555557,43.73,Medium,1,Normal,-0.0644,
1537,UK,2024,Man-in-the-Middle,Banking,14.84,817793,Hacker Group,Social Engineering,VPN,64,14.84148414841484,81.80916034352539,88.88888888888889,49.74,Medium,1,Normal,-0.058,
1538,China,2024,Malware,Healthcare,85.76,922209,Nation-state,Zero-day,Antivirus,27,85.76857685768577,92.25457291911547,37.5,78.06,High,1,Normal,-0.0523,
1539,USA,2019,DDoS,Retail,18.76,411707,Insider,Social Engineering,VPN,42,18.761876187618764,41.18573279246925,58.333333333333336,33.4,Medium,1,Normal,-0.1038,
1540,India,2020,Phishing,Healthcare,38.19,847958,Insider,Weak Passwords,Firewall,32,38.19381938193819,84.82676176804533,44.44444444444444,53.43,Medium,1,Normal,-0.1022,
1541,India,2015,Man-in-the-Middle,Banking,38.1,187807,Nation-state,Unpatched Software,VPN,37,38.10381038103811,18.787557458472342,51.388888888888886,34.97,Medium,1,Normal,-0.0899,
1542,China,2024,SQL Injection,Telecommunications,10.18,637350,Unknown,Weak Passwords,Antivirus,52,10.181018101810182,63.75827176919575,72.22222222222221,38.66,Medium,1,Normal,-0.0659,
1543,China,2024,SQL Injection,IT,36.27,237068,Hacker Group,Zero-day,Encryption,65,36.27362736273628,23.715456141491646,90.2777777777778,43.31,Medium,1,Normal,-0.0748,
1544,Australia,2022,Ransomware,Government,92.07,819812,Nation-state,Unpatched Software,Encryption,63,92.07920792079209,82.01113406393333,87.5,88.14,High,1,Normal,-0.0169,
1545,Brazil,2023,SQL Injection,Healthcare,72.9,434510,Hacker Group,Social Engineering,Firewall,72,72.90729072907291,43.46686540587314,100.0,69.49,High,1,Normal,-0.0355,
1546,USA,2019,DDoS,Telecommunications,57.52,513601,Nation-state,Unpatched Software,VPN,14,57.52575257525753,51.37885328144773,19.444444444444446,48.07,Medium,1,Normal,-0.0852,
1547,Japan,2015,Malware,Healthcare,5.79,821803,Unknown,Social Engineering,Firewall,40,5.790579057905791,82.21030676196813,55.55555555555556,38.67,Medium,1,Normal,-0.0585,
1548,Russia,2020,Man-in-the-Middle,IT,14.68,12585,Unknown,Zero-day,Antivirus,30,14.681468146814684,1.258959520224882,41.66666666666667,16.05,Low,1,Normal,-0.0057,
1549,Russia,2020,Man-in-the-Middle,Telecommunications,10.12,405253,Hacker Group,Unpatched Software,Antivirus,52,10.121012101210122,40.54009713545444,72.22222222222221,31.67,Low,1,Normal,-0.0747,
1550,Japan,2017,DDoS,IT,86.89,703035,Unknown,Unpatched Software,Firewall,15,86.8986898689869,70.3291701471037,20.833333333333336,68.71,High,1,Normal,-0.0685,
1551,Australia,2022,Phishing,Government,9.84,580402,Nation-state,Social Engineering,VPN,70,9.84098409840984,58.06139240822901,97.2222222222222,41.78,Medium,1,Normal,-0.0451,
1552,France,2017,Man-in-the-Middle,Education,49.94,640572,Hacker Group,Social Engineering,Firewall,51,49.94499449944995,64.08058941513653,70.83333333333334,58.36,Medium,1,Normal,-0.1072,
1553,Japan,2023,Phishing,Banking,75.13,85528,Hacker Group,Social Engineering,VPN,55,75.13751375137514,8.55592291186283,76.38888888888889,55.41,Medium,1,Normal,-0.0787,
1554,UK,2024,Malware,Healthcare,33.21,79940,Unknown,Zero-day,Firewall,64,33.21332133213322,7.996918875389516,88.88888888888889,36.78,Medium,1,Normal,-0.0433,
1555,China,2023,SQL Injection,Telecommunications,54.41,215401,Hacker Group,Social Engineering,VPN,50,54.41544154415442,21.54796500722764,69.44444444444444,47.56,Medium,1,Normal,-0.096,
1556,France,2018,Malware,IT,59.56,450313,Nation-state,Zero-day,AI-based Detection,26,59.56595659565957,45.04774242598548,36.11111111111111,50.52,Medium,1,Normal,-0.1194,
1557,Australia,2016,Malware,Retail,45.71,461668,Nation-state,Unpatched Software,Firewall,10,45.71457145714572,46.18365703481771,13.88888888888889,39.49,Medium,1,Normal,-0.0816,
1558,France,2021,Man-in-the-Middle,Banking,4.94,71156,Insider,Social Engineering,Encryption,34,4.940494049404942,7.118198142321948,47.22222222222222,14.05,Low,1,Normal,-0.0051,
1559,India,2017,Ransomware,Government,89.47,201732,Unknown,Zero-day,Antivirus,39,89.47894789478948,20.18056590655589,54.16666666666666,61.63,Medium,1,Normal,-0.0656,
1560,Russia,2018,Man-in-the-Middle,Government,45.91,322132,Nation-state,Weak Passwords,Encryption,44,45.91459145914592,32.224962111170576,61.11111111111112,44.85,Medium,1,Normal,-0.1084,
1561,Japan,2021,Phishing,Banking,82.85,854309,Insider,Zero-day,Antivirus,16,82.85828582858285,85.46209366418744,22.22222222222222,71.51,High,1,Normal,-0.0795,
1562,USA,2016,Phishing,Retail,89.85,998085,Insider,Zero-day,VPN,7,89.85898589858986,99.8449434043426,9.722222222222223,76.83,High,-1,Anomaly,0.0266,"High financial_loss_million, High affected_users, Low resolution_time_hours, High risk_score"
1563,France,2018,Malware,IT,10.81,479628,Insider,Weak Passwords,VPN,13,10.811081108110812,47.980312814177175,18.055555555555557,23.41,Low,1,Normal,-0.0678,
1564,Russia,2022,Malware,Healthcare,34.32,554162,Insider,Weak Passwords,Encryption,33,34.32343234323433,55.43643429851896,45.83333333333333,42.96,Medium,1,Normal,-0.108,
1565,USA,2022,Phishing,Government,92.54,653402,Hacker Group,Social Engineering,Firewall,5,92.54925492549256,65.36405788112661,6.944444444444445,67.27,High,1,Normal,-0.0255,
1566,UK,2016,Man-in-the-Middle,Government,62.9,119785,Hacker Group,Unpatched Software,Encryption,14,62.90629062906291,11.982873748918356,19.444444444444446,38.94,Medium,1,Normal,-0.0707,
1567,Germany,2018,DDoS,Banking,48.76,754656,Hacker Group,Unpatched Software,VPN,35,48.76487648764877,75.49315500157557,48.61111111111111,56.75,Medium,1,Normal,-0.1152,
1568,USA,2016,Malware,Retail,41.11,848855,Unknown,Unpatched Software,VPN,37,41.11411141114111,84.91649452049998,51.388888888888886,56.31,Medium,1,Normal,-0.1018,
1569,China,2021,SQL Injection,Healthcare,57.2,328454,Nation-state,Zero-day,VPN,10,57.2057205720572,32.857392948426174,13.88888888888889,41.24,Medium,1,Normal,-0.0728,
1570,Russia,2018,DDoS,Education,13.13,510702,Hacker Group,Weak Passwords,Firewall,15,13.131313131313131,51.0888474293117,20.833333333333336,26.06,Low,1,Normal,-0.0729,
1571,Australia,2015,Man-in-the-Middle,Education,20.96,248083,Hacker Group,Social Engineering,Encryption,70,20.962096209620963,24.81735833579256,97.2222222222222,37.37,Medium,1,Normal,-0.0483,
1572,Brazil,2023,DDoS,Government,42.75,746425,Unknown,Zero-day,VPN,24,42.75427542754275,74.66975446037803,33.33333333333333,50.44,Medium,1,Normal,-0.1121,
1573,Japan,2018,Ransomware,Education,82.89,336607,Unknown,Zero-day,AI-based Detection,17,82.89828982898291,33.67299064158418,23.61111111111111,56.27,Medium,1,Normal,-0.098,
1574,Brazil,2021,Ransomware,Government,21.21,570810,Insider,Social Engineering,Firewall,72,21.21212121212121,57.10184217239293,100.0,47.74,Medium,1,Normal,-0.0586,
1575,France,2020,Malware,Banking,12.25,162930,Insider,Unpatched Software,Firewall,13,12.251225122512253,16.298949116427497,18.055555555555557,14.63,Low,1,Normal,-0.0253,
1576,Japan,2015,SQL Injection,Education,61.87,244406,Nation-state,Social Engineering,VPN,43,61.87618761876188,24.449524076287847,59.72222222222222,50.22,Medium,1,Normal,-0.1201,
1577,Japan,2016,DDoS,Education,71.12,604557,Nation-state,Social Engineering,Encryption,20,71.12711271127114,60.47777438765149,27.77777777777778,59.26,Medium,1,Normal,-0.1089,
1578,Germany,2024,Man-in-the-Middle,Education,26.58,313397,Hacker Group,Social Engineering,AI-based Detection,36,26.58265826582658,31.351143167256048,50.0,32.7,Low,1,Normal,-0.0951,
1579,Australia,2023,Malware,Retail,5.24,696902,Nation-state,Unpatched Software,Encryption,21,5.240524052405241,69.71564621086696,29.166666666666668,29.37,Low,1,Normal,-0.0478,
1580,UK,2024,Phishing,Banking,30.39,156576,Hacker Group,Unpatched Software,VPN,72,30.3930393039304,15.663317110745425,100.0,39.9,Medium,1,Normal,-0.0402,
1581,UK,2020,Phishing,Healthcare,66.55,843310,Hacker Group,Zero-day,Antivirus,71,66.55665566556655,84.36179205409975,98.61111111111111,78.31,High,1,Normal,-0.034,
1582,China,2016,DDoS,Telecommunications,83.02,281862,Insider,Social Engineering,AI-based Detection,4,83.02830283028302,28.196491719477606,5.555555555555555,51.08,Medium,1,Normal,-0.0387,
1583,India,2024,Ransomware,IT,88.23,526308,Insider,Unpatched Software,Antivirus,23,88.23882388238825,52.65001725629856,31.944444444444443,66.3,High,1,Normal,-0.0885,
1584,Russia,2018,DDoS,IT,5.18,826924,Insider,Social Engineering,VPN,35,5.18051805180518,82.72259374671755,48.61111111111111,37.13,Medium,1,Normal,-0.0575,
1585,China,2024,DDoS,IT,13.77,928751,Insider,Social Engineering,Encryption,26,13.771377137713772,92.9090117893031,36.11111111111111,41.98,Medium,1,Normal,-0.0518,
1586,China,2021,Ransomware,Education,21.9,304804,Hacker Group,Weak Passwords,AI-based Detection,53,21.902190219021904,30.491529408234,73.61111111111111,34.82,Medium,1,Normal,-0.0921,
1587,Brazil,2024,Man-in-the-Middle,Education,34.42,960625,Nation-state,Weak Passwords,Firewall,48,34.42344234423443,96.0975756150995,66.66666666666666,59.37,Medium,1,Normal,-0.0761,
1588,France,2019,Ransomware,Government,57.9,264088,Unknown,Weak Passwords,AI-based Detection,28,57.9057905790579,26.41844273159703,38.88888888888889,44.66,Medium,1,Normal,-0.1079,
1589,Australia,2022,Phishing,Healthcare,61.97,633750,Insider,Unpatched Software,Antivirus,45,61.976197619761976,63.39814032121724,62.5,62.51,Medium,1,Normal,-0.1158,
1590,China,2021,Ransomware,Healthcare,56.11,255531,Unknown,Social Engineering,Firewall,17,56.11561156115612,25.562430287054777,23.61111111111111,40.45,Medium,1,Normal,-0.0904,
1591,Australia,2018,Ransomware,Banking,50.64,874035,Insider,Unpatched Software,Antivirus,38,50.645064506450645,87.43541392608302,52.77777777777778,62.11,Medium,1,Normal,-0.1003,
1592,USA,2017,DDoS,Healthcare,64.99,632431,Insider,Zero-day,VPN,55,64.99649964996499,63.266192160138445,76.38888888888889,66.76,High,1,Normal,-0.0985,
1593,Brazil,2018,Ransomware,Education,69.04,939146,Nation-state,Zero-day,Firewall,56,69.04690469046906,93.94889134534104,77.77777777777779,78.26,High,1,Normal,-0.065,
1594,India,2022,Man-in-the-Middle,Retail,13.82,633855,Hacker Group,Social Engineering,Antivirus,37,13.821382138213822,63.40864415511662,51.388888888888886,36.21,Medium,1,Normal,-0.0796,
1595,Australia,2016,Malware,Government,22.48,686176,Nation-state,Zero-day,Firewall,62,22.482248224822484,68.64265456891766,86.11111111111111,49.06,Medium,1,Normal,-0.0807,
1596,China,2022,Malware,Retail,11.31,561807,Unknown,Zero-day,Antivirus,17,11.311131113111312,56.20121344290666,23.61111111111111,27.24,Low,1,Normal,-0.0793,
1597,India,2023,SQL Injection,Government,60.53,15768,Unknown,Zero-day,VPN,66,60.53605360536054,1.5773757421458832,91.66666666666666,49.07,Medium,1,Normal,-0.0294,
1598,Germany,2019,Malware,Healthcare,98.45,32423,Hacker Group,Weak Passwords,Antivirus,45,98.45984598459847,3.243483871613139,62.5,62.7,Medium,-1,Anomaly,0.0092,"High financial_loss_million, Low affected_users"
1599,China,2021,SQL Injection,IT,97.06,329378,Nation-state,Weak Passwords,VPN,61,97.06970697069708,32.949826686740664,84.72222222222221,75.36,High,1,Normal,-0.0381,
1600,India,2020,Phishing,Healthcare,64.7,541451,Hacker Group,Weak Passwords,Encryption,17,64.70647064706472,54.16487017761483,23.61111111111111,53.32,Medium,1,Normal,-0.1009,
1601,China,2020,Man-in-the-Middle,Education,1.05,255393,Unknown,Unpatched Software,Encryption,71,1.05010501050105,25.5486252482156,98.61111111111111,27.91,Low,-1,Anomaly,0.005,"Low financial_loss_million, High resolution_time_hours"
1602,Japan,2017,Phishing,Government,89.97,141115,Hacker Group,Zero-day,AI-based Detection,9,89.97899789978999,14.116652578191038,12.5,51.72,Medium,1,Normal,-0.0301,
1603,India,2015,Man-in-the-Middle,Telecommunications,48.58,358210,Nation-state,Zero-day,AI-based Detection,11,48.584858485848585,35.83407943899523,15.27777777777778,38.1,Medium,1,Normal,-0.0887,
1604,Japan,2023,Man-in-the-Middle,Education,16.42,60322,Insider,Zero-day,VPN,22,16.421642164216426,6.034402556933281,30.55555555555556,16.13,Low,1,Normal,-0.0146,
1605,China,2019,Ransomware,Government,15.42,555153,Unknown,Zero-day,Encryption,11,15.421542154215423,55.53557048322638,15.27777777777778,27.43,Low,1,Normal,-0.069,
1606,India,2018,SQL Injection,Healthcare,47.15,98266,Insider,Social Engineering,Firewall,18,47.15471547154716,9.830188018626798,25.0,31.53,Low,1,Normal,-0.0694,
1607,Russia,2019,Man-in-the-Middle,IT,52.8,633511,Insider,Zero-day,VPN,58,52.8052805280528,63.374231594532006,80.55555555555556,61.53,Medium,1,Normal,-0.0926,
1608,UK,2015,Man-in-the-Middle,Banking,64.88,976213,Unknown,Social Engineering,Firewall,28,64.88648864886488,97.65694478484647,38.88888888888889,69.52,High,1,Normal,-0.0577,
1609,Brazil,2016,DDoS,Telecommunications,94.1,838739,Unknown,Social Engineering,VPN,21,94.10941094109413,83.90452515168036,29.166666666666668,78.06,High,1,Normal,-0.0584,
1610,China,2023,Ransomware,IT,23.18,367503,Nation-state,Weak Passwords,Encryption,17,23.18231823182318,36.76371875734643,23.61111111111111,27.34,Low,1,Normal,-0.0898,
1611,China,2018,Ransomware,Education,17.44,598614,Insider,Social Engineering,VPN,59,17.441744174417444,59.883257388946966,81.94444444444444,43.07,Medium,1,Normal,-0.0689,
1612,France,2022,Phishing,Retail,22.72,629571,Hacker Group,Unpatched Software,VPN,41,22.722272227222724,62.98008773202218,56.94444444444444,41.64,Medium,1,Normal,-0.0937,
1613,Japan,2021,Man-in-the-Middle,Education,69.99,834355,Nation-state,Unpatched Software,AI-based Detection,71,69.99699969996999,83.4659650772532,98.61111111111111,79.76,High,1,Normal,-0.0304,
1614,USA,2020,Man-in-the-Middle,IT,87.88,731495,Nation-state,Unpatched Software,Antivirus,3,87.8887888788879,73.17620931640049,4.166666666666666,66.73,High,1,Normal,-0.0158,
1615,UK,2020,SQL Injection,Retail,69.91,354637,Insider,Social Engineering,VPN,63,69.91699169916991,35.47664897687656,87.5,63.1,Medium,1,Normal,-0.0938,
1616,USA,2020,Ransomware,Banking,27.45,60428,Nation-state,Weak Passwords,Antivirus,27,27.45274527452745,6.045006427345982,37.5,23.04,Low,1,Normal,-0.054,
1617,China,2024,DDoS,Retail,13.17,95351,Nation-state,Unpatched Software,Antivirus,11,13.171317131713172,9.538581582277532,15.27777777777778,12.5,Low,1,Normal,-0.003,
1618,Brazil,2020,Phishing,Retail,50.99,826159,Insider,Weak Passwords,VPN,3,50.99509950995101,82.64606581402212,4.166666666666666,51.12,Medium,1,Normal,-0.0388,
1619,France,2020,SQL Injection,Healthcare,66.92,234301,Insider,Zero-day,AI-based Detection,32,66.92669266926693,23.43865510911483,44.44444444444444,49.38,Medium,1,Normal,-0.1133,
1620,UK,2020,Phishing,Healthcare,39.47,551014,Nation-state,Social Engineering,Firewall,71,39.47394739473948,55.12151935456442,98.61111111111111,56.0,Medium,1,Normal,-0.0646,
1621,Brazil,2017,SQL Injection,Telecommunications,4.35,809757,Nation-state,Social Engineering,VPN,61,4.35043504350435,81.00526692242669,84.72222222222221,43.42,Medium,1,Normal,-0.0537,
1622,UK,2017,Malware,Healthcare,24.06,612319,Unknown,Social Engineering,Antivirus,47,24.062406240624064,61.2542578040985,65.27777777777779,43.46,Medium,1,Normal,-0.0917,
1623,UK,2015,Phishing,Telecommunications,21.8,312051,Nation-state,Unpatched Software,VPN,41,21.802180218021803,31.216494020317416,56.94444444444444,31.65,Low,1,Normal,-0.0932,
1624,USA,2018,Phishing,Banking,89.74,279786,Insider,Zero-day,VPN,46,89.74897489748976,27.98881591781,63.888888888888886,66.05,High,1,Normal,-0.0828,
1625,Australia,2016,Phishing,Government,72.34,847817,Hacker Group,Social Engineering,Firewall,13,72.34723472347235,84.81265661966619,18.055555555555557,65.23,Medium,1,Normal,-0.0777,
1626,Australia,2016,Man-in-the-Middle,Education,37.48,382682,Nation-state,Zero-day,Firewall,12,37.48374837483748,38.2821729931425,16.666666666666664,33.56,Medium,1,Normal,-0.088,
1627,USA,2021,Phishing,IT,38.2,159917,Insider,Zero-day,Antivirus,47,38.20382038203821,15.997539101772146,65.27777777777779,36.96,Medium,1,Normal,-0.0923,
1628,France,2023,Man-in-the-Middle,Government,85.85,841548,Unknown,Zero-day,Firewall,68,85.85858585858585,84.18552771761692,94.44444444444444,87.07,High,1,Normal,-0.0079,
1629,Japan,2017,DDoS,Healthcare,5.5,751586,Nation-state,Social Engineering,AI-based Detection,24,5.500550055005501,75.18604290566057,33.33333333333333,31.97,Low,1,Normal,-0.036,
1630,Germany,2024,Man-in-the-Middle,Banking,53.51,680154,Nation-state,Zero-day,Firewall,2,53.51535153515352,68.04023468566027,2.7777777777777777,47.73,Medium,1,Normal,-0.048,
1631,France,2023,Phishing,Education,37.38,978508,Insider,Weak Passwords,Firewall,42,37.38373837383739,97.88652858293275,58.333333333333336,59.72,Medium,1,Normal,-0.0713,
1632,Germany,2020,Man-in-the-Middle,IT,84.55,392247,Unknown,Zero-day,Antivirus,7,84.55845584558456,39.23902224311874,9.722222222222223,56.0,Medium,1,Normal,-0.067,
1633,Russia,2023,SQL Injection,Retail,34.87,446911,Unknown,Weak Passwords,Firewall,25,34.87348734873487,44.70741820764579,34.72222222222222,37.79,Medium,1,Normal,-0.111,
1634,Australia,2023,Ransomware,IT,17.26,777799,Insider,Weak Passwords,Firewall,2,17.261726172617266,77.80830002951078,2.7777777777777777,32.53,Low,1,Normal,-0.0129,
1635,Australia,2016,Ransomware,Healthcare,82.99,799581,Nation-state,Zero-day,AI-based Detection,50,82.998299829983,79.98729536280742,69.44444444444444,79.38,High,1,Normal,-0.0856,
1636,Germany,2015,Man-in-the-Middle,Retail,85.34,819676,Hacker Group,Zero-day,Antivirus,59,85.34853485348536,81.99752909812081,81.94444444444444,83.66,High,1,Normal,-0.0514,
1637,Japan,2023,SQL Injection,Telecommunications,31.46,192430,Nation-state,Unpatched Software,AI-based Detection,49,31.46314631463147,19.25002625958475,68.05555555555556,35.12,Medium,1,Normal,-0.0929,
1638,UK,2016,DDoS,Telecommunications,74.5,735,Hacker Group,Unpatched Software,Firewall,69,74.50745074507451,0.0735268372956128,95.83333333333334,56.44,Medium,1,Normal,-0.0078,
1639,USA,2023,Ransomware,Healthcare,12.79,654947,Insider,Social Engineering,Encryption,23,12.79127912791279,65.51861429421739,31.944444444444443,32.44,Low,1,Normal,-0.0708,
1640,USA,2018,DDoS,Banking,10.01,327826,Hacker Group,Social Engineering,AI-based Detection,35,10.011001100110011,32.79457001805659,48.61111111111111,24.57,Low,1,Normal,-0.0612,
1641,France,2016,Man-in-the-Middle,Healthcare,23.99,106126,Unknown,Weak Passwords,Antivirus,19,23.99239923992399,10.616475013379883,26.38888888888889,20.46,Low,1,Normal,-0.0635,
1642,Russia,2022,Man-in-the-Middle,IT,34.57,46493,Insider,Unpatched Software,Encryption,62,34.573457345734575,4.650997614129157,86.11111111111111,35.9,Medium,1,Normal,-0.035,
1643,Japan,2021,Man-in-the-Middle,Education,15.78,733307,Nation-state,Social Engineering,Firewall,29,15.78157815781578,73.35747547854967,40.27777777777778,37.95,Medium,1,Normal,-0.0748,
1644,France,2015,Malware,Government,71.91,789673,Unknown,Weak Passwords,Antivirus,31,71.91719171917191,78.9961335887599,43.05555555555556,68.27,High,1,Normal,-0.1019,
1645,China,2017,Ransomware,Education,64.93,159061,Insider,Weak Passwords,Firewall,12,64.93649364936495,15.911907846363924,16.666666666666664,40.58,Medium,1,Normal,-0.0694,
1646,China,2020,Phishing,Education,6.35,80748,Hacker Group,Zero-day,Encryption,8,6.350635063506351,8.077748378158027,11.11111111111111,7.82,Low,-1,Anomaly,0.0329,"Low financial_loss_million, Low affected_users, Low resolution_time_hours, Low risk_score"
1647,UK,2020,Man-in-the-Middle,IT,85.85,697536,Unknown,Social Engineering,AI-based Detection,72,85.85858585858585,69.77906936031651,100.0,83.86,High,1,Normal,-0.005,
1648,Brazil,2019,SQL Injection,Healthcare,46.5,748146,Insider,Weak Passwords,AI-based Detection,13,46.50465046504651,74.84191729981443,18.055555555555557,49.32,Medium,1,Normal,-0.0977,
1649,Russia,2020,Man-in-the-Middle,Telecommunications,64.39,803579,Unknown,Weak Passwords,VPN,1,64.3964396439644,80.38724134309024,1.3888888888888888,56.59,Medium,1,Normal,-0.0415,
1650,France,2021,Phishing,Retail,13.47,537683,Insider,Unpatched Software,VPN,41,13.471347134713474,53.78793259539732,56.94444444444444,34.26,Medium,1,Normal,-0.0838,
1651,France,2020,DDoS,Retail,40.72,743271,Nation-state,Social Engineering,Firewall,10,40.724072407240726,74.35423929734353,13.88888888888889,45.45,Medium,1,Normal,-0.0855,
1652,Australia,2018,Malware,Telecommunications,36.01,215231,Unknown,Zero-day,AI-based Detection,49,36.013601360136015,21.530958799961983,68.05555555555556,38.08,Medium,1,Normal,-0.0932,
1653,UK,2022,Phishing,Banking,57.89,135941,Nation-state,Social Engineering,AI-based Detection,7,57.8957895789579,13.599063658235256,9.722222222222223,34.97,Medium,1,Normal,-0.0521,
1654,USA,2017,Phishing,IT,7.95,362478,Hacker Group,Zero-day,Encryption,67,7.950795079507951,36.26103527787642,93.05555555555556,33.46,Medium,1,Normal,-0.0207,
1655,Russia,2022,DDoS,Education,13.89,537149,Nation-state,Unpatched Software,VPN,54,13.891389138913892,53.73451309728051,75.0,38.07,Medium,1,Normal,-0.0809,
1656,China,2016,SQL Injection,Retail,96.28,162061,Insider,Zero-day,Firewall,32,96.2896289628963,16.212017386346016,44.44444444444444,61.9,Medium,1,Normal,-0.0425,
1657,China,2016,Ransomware,Banking,94.63,455702,Hacker Group,Weak Passwords,Antivirus,5,94.63946394639464,45.58683919630665,6.944444444444445,62.38,Medium,1,Normal,-0.0211,
1658,UK,2021,Ransomware,Telecommunications,13.26,448367,Nation-state,Social Engineering,AI-based Detection,7,13.261326132613265,44.85307137105043,9.722222222222223,22.03,Low,1,Normal,-0.0436,
1659,France,2019,Malware,Retail,21.92,603904,Nation-state,Unpatched Software,Firewall,38,21.922192219221927,60.41245054444872,52.77777777777778,39.64,Medium,1,Normal,-0.0963,
1660,France,2016,Malware,IT,81.81,331741,Hacker Group,Social Engineering,Antivirus,29,81.81818181818183,33.186212967733226,40.27777777777778,58.92,Medium,1,Normal,-0.111,
1661,Japan,2023,Ransomware,Education,58.79,983506,Hacker Group,Social Engineering,AI-based Detection,35,58.7958795879588,98.38651107654292,48.61111111111111,68.64,High,1,Normal,-0.0579,
1662,China,2015,Phishing,Retail,14.72,914743,Insider,Social Engineering,AI-based Detection,69,14.721472147214724,91.50770031061336,95.83333333333334,53.98,Medium,1,Normal,-0.0281,
1663,Germany,2022,Malware,Banking,59.7,258587,Insider,Social Engineering,VPN,7,59.70597059705971,25.8681418717832,9.722222222222223,39.56,Medium,1,Normal,-0.0658,
1664,Brazil,2020,Man-in-the-Middle,Retail,16.26,527964,Insider,Zero-day,Firewall,28,16.261626162616263,52.81567772236866,38.88888888888889,31.75,Low,1,Normal,-0.0899,
1665,Brazil,2015,Phishing,Banking,29.61,593384,Unknown,Zero-day,Firewall,65,29.612961296129612,59.36006642424485,90.2777777777778,50.67,Medium,1,Normal,-0.0792,
1666,UK,2023,Malware,IT,82.38,386972,Insider,Unpatched Software,AI-based Detection,56,82.38823882388239,38.71132963531689,77.77777777777779,68.36,High,1,Normal,-0.0981,
1667,China,2017,DDoS,Healthcare,96.49,644339,Insider,Unpatched Software,Antivirus,71,96.49964996499652,64.4574269608407,98.61111111111111,87.31,High,-1,Anomaly,0.0199,"High financial_loss_million, High resolution_time_hours, High risk_score"
1668,Brazil,2024,DDoS,Healthcare,76.39,782425,Insider,Weak Passwords,Encryption,13,76.3976397639764,78.27106894016316,18.055555555555557,65.29,Medium,1,Normal,-0.0784,
1669,Russia,2024,SQL Injection,Banking,79.98,84185,Nation-state,Weak Passwords,VPN,2,79.98799879988,8.42157387446418,2.7777777777777777,43.08,Medium,1,Normal,-0.0085,
1670,UK,2022,Malware,Healthcare,91.65,337120,Insider,Weak Passwords,Firewall,59,91.65916591659166,33.72430937292112,81.94444444444444,72.34,High,1,Normal,-0.0616,
1671,UK,2020,Phishing,Banking,3.84,241282,Hacker Group,Social Engineering,Encryption,55,3.840384038403841,24.13701000865316,76.38888888888889,24.44,Low,1,Normal,-0.041,
1672,China,2023,DDoS,Healthcare,97.15,734819,Unknown,Unpatched Software,AI-based Detection,50,97.15971597159717,73.50873068670064,69.44444444444444,84.52,High,1,Normal,-0.022,
1673,Australia,2024,DDoS,Healthcare,77.04,8517,Hacker Group,Weak Passwords,Encryption,4,77.04770477047705,0.8520109840091633,5.555555555555555,39.89,Medium,1,Normal,-0.0015,
1674,UK,2018,Man-in-the-Middle,Government,91.52,865257,Nation-state,Social Engineering,VPN,19,91.52915291529152,86.55729341209542,26.38888888888889,77.01,High,1,Normal,-0.0493,
1675,Germany,2023,SQL Injection,Education,37.4,662428,Insider,Weak Passwords,AI-based Detection,4,37.403740374037405,66.2669874504194,5.555555555555555,39.69,Medium,1,Normal,-0.064,
1676,China,2020,Malware,Healthcare,11.89,646567,Insider,Unpatched Software,VPN,15,11.891189118911893,64.68030831253408,20.833333333333336,29.52,Low,1,Normal,-0.0728,
1677,USA,2019,DDoS,Telecommunications,43.29,266748,Unknown,Unpatched Software,Antivirus,30,43.29432943294329,26.684539857047824,41.66666666666667,37.99,Medium,1,Normal,-0.1032,
1678,USA,2022,Ransomware,Retail,92.88,771367,Hacker Group,Social Engineering,Firewall,5,92.88928892889288,77.16486517578916,6.944444444444445,70.98,High,1,Normal,-0.0155,
1679,USA,2020,DDoS,Banking,99.81,948174,Unknown,Social Engineering,AI-based Detection,4,99.81998199819982,94.8520209876605,5.555555555555555,79.48,High,-1,Anomaly,0.0373,"High financial_loss_million, High affected_users, Low resolution_time_hours, High risk_score"
1680,Brazil,2017,DDoS,Healthcare,62.74,460264,Unknown,Social Engineering,Firewall,9,62.74627462746275,46.04320577010609,12.5,47.69,Medium,1,Normal,-0.0829,
1681,USA,2017,DDoS,Government,96.89,794147,Unknown,Unpatched Software,Antivirus,4,96.89968996899692,79.44369694938652,5.555555555555555,73.39,High,1,Normal,-0.0002,
1682,France,2015,SQL Injection,IT,43.86,72222,Unknown,Weak Passwords,Firewall,64,43.86438643864386,7.224837065528917,88.88888888888889,41.88,Medium,1,Normal,-0.0528,
1683,France,2020,DDoS,Telecommunications,66.27,995231,Nation-state,Weak Passwords,Firewall,53,66.27662766276627,99.55943919530628,73.61111111111111,77.73,High,1,Normal,-0.045,
1684,Japan,2021,Malware,Retail,90.8,841766,Nation-state,Social Engineering,AI-based Detection,16,90.8090809080908,84.2073356775223,22.22222222222222,75.11,High,1,Normal,-0.0582,
1685,Russia,2015,Man-in-the-Middle,IT,95.04,566542,Unknown,Weak Passwords,Firewall,58,95.04950495049506,56.67488633351173,80.55555555555556,80.64,High,1,Normal,-0.048,
1686,UK,2022,Malware,Healthcare,12.67,781284,Hacker Group,Weak Passwords,Firewall,11,12.67126712671267,78.15692727845664,15.27777777777778,32.84,Low,1,Normal,-0.0518,
1687,UK,2021,Phishing,IT,89.59,361270,Nation-state,Weak Passwords,VPN,31,89.59895989598961,36.14019116977697,43.05555555555556,64.25,Medium,1,Normal,-0.0895,
1688,India,2022,Malware,Telecommunications,97.03,404834,Hacker Group,Zero-day,VPN,62,97.03970397039706,40.49818183637027,86.11111111111111,77.89,High,1,Normal,-0.0387,
1689,China,2023,DDoS,Government,53.46,374484,Unknown,Unpatched Software,Antivirus,46,53.46534653465347,37.46207365688476,63.888888888888886,50.75,Medium,1,Normal,-0.1148,
1690,Australia,2020,SQL Injection,IT,21.02,681476,Unknown,Weak Passwords,VPN,6,21.02210221022102,68.17248295627904,8.333333333333332,32.63,Low,1,Normal,-0.0421,
1691,India,2019,SQL Injection,Retail,15.39,514826,Hacker Group,Unpatched Software,Firewall,72,15.391539153915392,51.50139801027375,100.0,43.15,Medium,1,Normal,-0.0545,
1692,Japan,2022,Malware,Education,97.32,742866,Nation-state,Social Engineering,Encryption,61,97.32973297329733,74.31372450944595,84.72222222222221,87.9,High,1,Normal,-0.007,
1693,UK,2016,Ransomware,Healthcare,61.66,639896,Hacker Group,Social Engineering,VPN,63,61.66616661666167,64.01296473212723,87.5,67.54,High,1,Normal,-0.0844,
1694,Australia,2022,SQL Injection,IT,15.29,42346,Hacker Group,Unpatched Software,VPN,33,15.291529152915292,4.236146193360576,45.83333333333333,18.08,Low,1,Normal,-0.0193,
1695,Japan,2019,Malware,Telecommunications,5.88,235399,Unknown,Social Engineering,Antivirus,21,5.8805880588058805,23.548495200748278,29.166666666666668,15.84,Low,1,Normal,-0.0337,
1696,USA,2015,Man-in-the-Middle,Retail,24.93,448426,Nation-state,Weak Passwords,VPN,36,24.93249324932493,44.85897352533675,50.0,35.92,Medium,1,Normal,-0.1122,
1697,France,2020,Ransomware,Retail,97.37,467137,Nation-state,Social Engineering,Encryption,14,97.3797379737974,46.730756726205065,19.444444444444446,66.6,High,1,Normal,-0.0477,
1698,Japan,2017,SQL Injection,Education,11.49,364107,Hacker Group,Social Engineering,AI-based Detection,28,11.491149114911492,36.4239947580867,38.88888888888889,24.45,Low,1,Normal,-0.0704,
1699,India,2022,Man-in-the-Middle,Government,4.05,357898,Hacker Group,Social Engineering,Firewall,27,4.05040504050405,35.80286804683709,37.5,20.27,Low,1,Normal,-0.0415,
1700,China,2016,DDoS,Banking,76.9,605118,Insider,Social Engineering,Firewall,30,76.90769076907692,60.53389487162815,41.66666666666667,64.95,Medium,1,Normal,-0.1105,
1701,Russia,2022,Man-in-the-Middle,Education,96.44,106169,Nation-state,Unpatched Software,Encryption,28,96.44964496449646,10.62077658345296,38.88888888888889,59.19,Medium,1,Normal,-0.0409,
1702,France,2016,Ransomware,Healthcare,34.29,157547,Insider,Unpatched Software,AI-based Detection,29,34.293429342934296,15.760452565186291,40.27777777777778,29.93,Low,1,Normal,-0.0838,
1703,Brazil,2022,SQL Injection,Healthcare,56.63,242677,Insider,Social Engineering,Encryption,21,56.63566356635664,24.276560944744837,29.166666666666668,41.43,Medium,1,Normal,-0.1043,
1704,China,2016,SQL Injection,Banking,63.67,385872,Insider,Zero-day,Firewall,50,63.676367636763686,38.60128947065679,69.44444444444444,57.31,Medium,1,Normal,-0.1146,
1705,Germany,2018,DDoS,Retail,80.85,148209,Insider,Weak Passwords,Antivirus,54,80.85808580858085,14.826311603735364,75.0,59.88,Medium,1,Normal,-0.0776,
1706,Japan,2022,DDoS,Healthcare,9.5,387457,Nation-state,Weak Passwords,VPN,61,9.500950095009502,38.759847344280665,84.72222222222221,33.32,Medium,1,Normal,-0.0546,
1707,Russia,2023,Malware,IT,47.22,404004,Nation-state,Social Engineering,Encryption,58,47.22472247224723,40.41515153030856,80.55555555555556,51.85,Medium,1,Normal,-0.0963,
1708,UK,2018,Ransomware,Retail,28.98,981029,Nation-state,Weak Passwords,Antivirus,42,28.982898289828984,98.13872063303106,58.333333333333336,55.6,Medium,1,Normal,-0.0696,
1709,France,2017,Malware,Telecommunications,96.63,389525,Unknown,Zero-day,Antivirus,32,96.63966396639664,38.96672285384165,44.44444444444444,68.9,High,1,Normal,-0.0719,
1710,India,2019,SQL Injection,IT,43.97,764974,Nation-state,Weak Passwords,VPN,18,43.97439743974397,76.52533174608732,25.0,49.94,Medium,1,Normal,-0.1006,
1711,India,2017,Man-in-the-Middle,Healthcare,91.4,621971,Nation-state,Weak Passwords,AI-based Detection,49,91.40914091409142,62.21981023073422,68.05555555555556,77.98,High,1,Normal,-0.0675,
1712,Brazil,2024,SQL Injection,IT,53.71,680584,Insider,Zero-day,AI-based Detection,5,53.71537153715372,68.08325038639104,6.944444444444445,48.67,Medium,1,Normal,-0.0649,
1713,China,2018,SQL Injection,Education,15.36,907858,Nation-state,Social Engineering,Encryption,47,15.361536153615363,90.81894891635449,65.27777777777779,47.98,Medium,1,Normal,-0.0609,
1714,Russia,2021,SQL Injection,Banking,80.68,983047,Hacker Group,Unpatched Software,Antivirus,19,80.6880688068807,98.34059431692567,26.38888888888889,75.12,High,1,Normal,-0.0217,
1715,France,2015,Malware,Government,17.3,610049,Hacker Group,Social Engineering,AI-based Detection,37,17.301730173017305,61.02717491884538,51.388888888888886,37.24,Medium,1,Normal,-0.0932,
1716,India,2021,SQL Injection,IT,52.16,100105,Unknown,Zero-day,Firewall,56,52.16521652165217,10.014155166635822,77.77777777777779,44.64,Medium,1,Normal,-0.0683,
1717,USA,2023,SQL Injection,Government,89.46,59398,Hacker Group,Zero-day,Antivirus,8,89.46894689468947,5.941968818618796,11.11111111111111,48.74,Medium,1,Normal,-0.0121,
1718,USA,2023,Malware,Banking,35.91,91974,Hacker Group,Zero-day,AI-based Detection,41,35.91359135913591,9.200758276771024,56.94444444444444,32.11,Low,1,Normal,-0.0789,
1719,Brazil,2019,Ransomware,Healthcare,9.32,785564,Insider,Unpatched Software,Antivirus,70,9.320932093209322,78.58508355549776,97.2222222222222,47.68,Medium,1,Normal,-0.0428,
1720,China,2023,Phishing,Banking,15.21,597516,Nation-state,Unpatched Software,Antivirus,15,15.211521152115212,59.77341729731352,20.833333333333336,29.7,Low,1,Normal,-0.0742,
1721,UK,2019,Ransomware,IT,17.98,799372,Hacker Group,Zero-day,AI-based Detection,14,17.981798179817986,79.966387731522,19.444444444444446,36.87,Medium,1,Normal,-0.0614,
1722,France,2018,SQL Injection,Banking,32.84,77096,Unknown,Weak Passwords,VPN,29,32.84328432843285,7.7124150314864925,40.27777777777778,26.79,Low,1,Normal,-0.0641,
1723,Brazil,2023,Man-in-the-Middle,Retail,59.18,610786,Nation-state,Social Engineering,AI-based Detection,31,59.18591859185919,61.10090182916764,43.05555555555556,56.53,Medium,1,Normal,-0.1128,
1724,Japan,2021,SQL Injection,Telecommunications,28.33,667271,Insider,Weak Passwords,Firewall,22,28.33283328332833,66.75146428446382,30.55555555555556,40.3,Medium,1,Normal,-0.0924,
1725,China,2023,Phishing,Banking,33.27,133315,Nation-state,Weak Passwords,AI-based Detection,25,33.273327332733274,13.336367774237598,34.72222222222222,27.58,Low,1,Normal,-0.0776,
1726,Brazil,2019,SQL Injection,Government,24.93,381105,Unknown,Weak Passwords,Encryption,3,24.93249324932493,38.12441541162524,4.166666666666666,24.74,Low,1,Normal,-0.0383,
1727,UK,2020,Ransomware,Banking,98.07,795120,Unknown,Social Engineering,Firewall,42,98.07980798079808,79.54103247685406,58.333333333333336,84.57,High,1,Normal,-0.022,
1728,Russia,2017,SQL Injection,Healthcare,67.13,198285,Nation-state,Unpatched Software,Encryption,56,67.13671367136713,19.835740045116463,77.77777777777779,55.07,Medium,1,Normal,-0.0937,
1729,India,2023,DDoS,Government,34.46,580270,Unknown,Unpatched Software,Firewall,35,34.46344634463447,58.04818758846979,48.61111111111111,44.37,Medium,1,Normal,-0.1129,
1730,UK,2018,Ransomware,Retail,45.67,277410,Hacker Group,Social Engineering,Firewall,42,45.67456745674568,27.751129162144185,58.333333333333336,42.83,Medium,1,Normal,-0.1093,
1731,Australia,2022,Man-in-the-Middle,Government,38.29,793946,Nation-state,Weak Passwords,Firewall,12,38.29382938293829,79.42358961020773,16.666666666666664,46.31,Medium,1,Normal,-0.0886,
1732,Australia,2019,Ransomware,Banking,15.21,126770,Insider,Weak Passwords,Encryption,67,15.211521152115212,12.681628794509995,93.05555555555556,30.02,Low,1,Normal,-0.0167,
1733,Australia,2016,Phishing,IT,55.18,66776,Unknown,Zero-day,Encryption,29,55.18551855185518,6.68003821394809,40.27777777777778,37.65,Medium,1,Normal,-0.0809,
1734,China,2018,DDoS,Telecommunications,83.5,434797,Insider,Social Engineering,Antivirus,21,83.5083508350835,43.49557588519809,29.166666666666668,60.64,Medium,1,Normal,-0.1074,
1735,France,2024,SQL Injection,Retail,3.07,901137,Nation-state,Zero-day,Antivirus,10,3.07030703070307,90.14660351028124,13.88888888888889,31.36,Low,1,Normal,-0.011,
1736,Australia,2020,Man-in-the-Middle,Banking,34.59,427407,Unknown,Unpatched Software,Encryption,47,34.5934593459346,42.75630605170888,65.27777777777779,43.18,Medium,1,Normal,-0.1145,
1737,USA,2021,Phishing,Banking,28.75,959107,Unknown,Zero-day,Antivirus,35,28.75287528752876,95.94572018786856,48.61111111111111,52.88,Medium,1,Normal,-0.0677,
1738,Russia,2017,Man-in-the-Middle,IT,55.23,12439,Nation-state,Weak Passwords,Firewall,20,55.23552355235524,1.2443541892790868,27.77777777777778,33.55,Medium,1,Normal,-0.0487,
1739,Germany,2021,Man-in-the-Middle,Banking,14.45,292854,Nation-state,Unpatched Software,AI-based Detection,14,14.451445144514452,29.296093073972003,19.444444444444446,19.9,Low,1,Normal,-0.0602,
1740,USA,2023,Malware,Banking,66.06,189116,Insider,Social Engineering,AI-based Detection,53,66.06660666066607,18.918505254417862,73.61111111111111,53.43,Medium,1,Normal,-0.0987,
1741,USA,2017,Phishing,Telecommunications,19.6,889404,Unknown,Weak Passwords,Firewall,60,19.601960196019604,88.97287509941128,83.33333333333334,53.16,Medium,1,Normal,-0.0623,
1742,USA,2017,Man-in-the-Middle,Retail,58.98,566242,Nation-state,Social Engineering,VPN,63,58.98589858985899,56.64487537951353,87.5,63.99,Medium,1,Normal,-0.0908,
1743,Brazil,2015,SQL Injection,IT,86.67,694491,Unknown,Unpatched Software,Firewall,65,86.67866786678668,69.4744581772347,90.2777777777778,82.24,High,1,Normal,-0.0474,
1744,Australia,2015,DDoS,Education,51.54,297721,Nation-state,Weak Passwords,Antivirus,29,51.54515451545155,29.78297078433628,40.27777777777778,42.76,Medium,1,Normal,-0.1055,
1745,China,2024,SQL Injection,Education,13.61,394335,Unknown,Zero-day,Encryption,43,13.611361136113612,39.44789848294627,59.72222222222222,30.58,Low,1,Normal,-0.0925,
1746,Japan,2016,Man-in-the-Middle,IT,57.14,590262,Insider,Unpatched Software,Antivirus,15,57.14571457145715,59.047752429636816,20.833333333333336,50.45,Medium,1,Normal,-0.0931,
1747,Germany,2015,DDoS,IT,91.79,846200,Unknown,Social Engineering,AI-based Detection,26,91.7991799179918,84.65089757761582,36.11111111111111,78.52,High,1,Normal,-0.0583,
1748,Japan,2017,Phishing,Telecommunications,89.85,44385,Hacker Group,Weak Passwords,AI-based Detection,18,89.85898589858986,4.440120644035073,25.0,51.26,Medium,1,Normal,-0.0344,
1749,UK,2021,Phishing,Banking,44.7,408446,Insider,Social Engineering,VPN,43,44.70447044704471,40.85951372250872,59.72222222222222,46.55,Medium,1,Normal,-0.1265,
1750,UK,2023,DDoS,Education,54.0,806965,Insider,Social Engineering,AI-based Detection,56,54.005400540054005,80.72596497721668,77.77777777777779,66.78,High,1,Normal,-0.0925,
1751,Russia,2018,Ransomware,Education,79.93,587346,Hacker Group,Social Engineering,Antivirus,39,79.93799379937995,58.75604595677423,54.16666666666666,68.43,High,1,Normal,-0.1159,
1752,Japan,2015,Phishing,Education,2.43,552342,Unknown,Zero-day,VPN,62,2.4302430243024307,55.25436784426315,86.11111111111111,35.01,Medium,1,Normal,-0.0285,
1753,France,2019,DDoS,Education,66.65,47104,Insider,Social Engineering,VPN,5,66.65666566656667,4.7121199237721765,6.944444444444445,36.13,Medium,1,Normal,-0.0278,
1754,USA,2016,DDoS,Retail,13.83,586557,Hacker Group,Social Engineering,AI-based Detection,37,13.831383138313832,58.67711714775893,51.388888888888886,34.8,Medium,1,Normal,-0.0813,
1755,Russia,2017,Malware,Government,2.65,500857,Hacker Group,Zero-day,VPN,35,2.6502650265026504,50.10398795560379,48.61111111111111,26.08,Low,1,Normal,-0.0486,
1756,USA,2022,Man-in-the-Middle,Banking,65.51,977913,Hacker Group,Weak Passwords,Antivirus,70,65.51655165516553,97.82700685750298,97.2222222222222,81.55,High,1,Normal,-0.0018,
1757,France,2021,Malware,Telecommunications,68.64,894858,Hacker Group,Social Engineering,Firewall,19,68.64686468646866,89.51847424309874,26.38888888888889,66.46,High,1,Normal,-0.0782,
1758,UK,2018,Man-in-the-Middle,IT,75.81,574089,Unknown,Unpatched Software,Firewall,32,75.81758175817582,57.42986189959335,44.44444444444444,64.03,Medium,1,Normal,-0.1105,
1759,USA,2015,DDoS,Healthcare,62.99,232622,Nation-state,Weak Passwords,Antivirus,33,62.996299629963005,23.27069380323818,45.83333333333333,47.65,Medium,1,Normal,-0.1071,
1760,India,2015,Malware,Retail,89.95,917351,Unknown,Zero-day,Encryption,43,89.95899589958997,91.76859553737114,59.72222222222222,84.45,High,1,Normal,-0.0415,
1761,Australia,2024,SQL Injection,IT,98.31,694333,Insider,Unpatched Software,VPN,48,98.31983198319833,69.45865240812896,66.66666666666666,83.33,High,1,Normal,-0.0193,
1762,India,2017,Ransomware,Government,38.87,968822,Nation-state,Weak Passwords,Antivirus,25,38.87388738873888,96.91757491484393,34.72222222222222,55.46,Medium,1,Normal,-0.0797,
1763,Brazil,2015,DDoS,Banking,18.87,976838,Unknown,Weak Passwords,Firewall,65,18.87188718871888,97.71946760567609,90.2777777777778,56.81,Medium,1,Normal,-0.0299,
1764,Australia,2019,DDoS,Education,54.63,22739,Insider,Unpatched Software,Firewall,44,54.63546354635464,2.274730276550941,61.11111111111112,40.22,Medium,1,Normal,-0.0693,
1765,UK,2015,Man-in-the-Middle,Retail,7.92,657442,Nation-state,Social Engineering,Firewall,29,7.920792079207921,65.76820539496916,40.27777777777778,31.75,Low,1,Normal,-0.0645,
1766,Brazil,2018,Phishing,Education,57.59,257681,Nation-state,Zero-day,Antivirus,40,57.59575957595761,25.77750879070861,55.55555555555556,47.64,Medium,1,Normal,-0.1154,
1767,Japan,2021,Man-in-the-Middle,Retail,9.97,536471,Hacker Group,Weak Passwords,Encryption,72,9.970997099709972,53.66668834124455,100.0,41.09,Medium,1,Normal,-0.0371,
1768,France,2015,Ransomware,IT,84.02,824619,Unknown,Social Engineering,Firewall,21,84.02840284028403,82.49200958349797,29.166666666666668,72.6,High,1,Normal,-0.0819,
1769,Russia,2016,SQL Injection,Government,77.94,538804,Hacker Group,Weak Passwords,VPN,43,77.94779477947796,53.9000735268373,59.72222222222222,67.09,High,1,Normal,-0.1188,
1770,Japan,2023,Phishing,Healthcare,49.32,463704,Hacker Group,Weak Passwords,Firewall,14,49.32493249324933,46.38733137595222,19.444444444444446,42.47,Medium,1,Normal,-0.0886,
1771,China,2021,Man-in-the-Middle,Telecommunications,66.61,596341,Insider,Weak Passwords,AI-based Detection,9,66.61666166616662,59.65587439415386,12.5,53.71,Medium,1,Normal,-0.0844,
1772,Brazil,2020,Malware,Retail,89.71,529588,Nation-state,Weak Passwords,AI-based Detection,65,89.71897189718972,52.97813702001231,90.2777777777778,78.81,High,1,Normal,-0.0475,
1773,Germany,2018,Man-in-the-Middle,Retail,43.28,22241,Hacker Group,Zero-day,Firewall,5,43.28432843284329,2.224912092913913,6.944444444444445,23.7,Low,-1,Anomaly,0.0006,"Low affected_users, Low resolution_time_hours, Low risk_score"
1774,Brazil,2020,Phishing,Banking,21.65,434936,Hacker Group,Zero-day,Encryption,24,21.65216521652165,43.5094809605506,33.33333333333333,30.55,Low,1,Normal,-0.0979,
1775,Japan,2019,Malware,IT,33.61,52191,Nation-state,Weak Passwords,Antivirus,72,33.613361336133615,5.22100566706848,100.0,38.37,Medium,1,Normal,-0.0055,
1776,Australia,2015,Malware,Banking,8.24,242247,Insider,Social Engineering,Antivirus,29,8.240824082408242,24.233545244014067,40.27777777777778,19.45,Low,1,Normal,-0.0492,
1777,Brazil,2020,Phishing,Banking,34.5,372427,Insider,Weak Passwords,VPN,72,34.5034503450345,37.25629854897037,100.0,48.43,Medium,1,Normal,-0.0552,
1778,Brazil,2021,Ransomware,Healthcare,67.25,796351,Nation-state,Weak Passwords,AI-based Detection,21,67.25672567256726,79.66417742476004,29.166666666666668,63.36,Medium,1,Normal,-0.0998,
1779,Japan,2020,SQL Injection,Telecommunications,38.29,505831,Hacker Group,Social Engineering,Encryption,40,38.29382938293829,50.601569572894114,55.55555555555556,45.44,Medium,1,Normal,-0.1119,
1780,Germany,2020,Malware,Government,32.59,743344,Insider,Zero-day,VPN,4,32.5932593259326,74.36154196281642,5.555555555555555,39.72,Medium,1,Normal,-0.0545,
1781,China,2017,Phishing,Healthcare,70.4,651809,Unknown,Unpatched Software,Firewall,17,70.40704070407041,65.20469971539612,23.61111111111111,59.49,Medium,1,Normal,-0.0925,
1782,Brazil,2023,SQL Injection,Telecommunications,31.54,839281,Insider,Weak Passwords,Encryption,25,31.543154315431543,83.9587449419038,34.72222222222222,47.9,Medium,1,Normal,-0.0939,
1783,Brazil,2018,SQL Injection,Retail,84.79,99876,Insider,Unpatched Software,Firewall,56,84.79847984798481,9.991246805083856,77.77777777777779,60.95,Medium,1,Normal,-0.0627,
1784,UK,2016,SQL Injection,Telecommunications,98.39,836521,Insider,Weak Passwords,Firewall,19,98.3998399839984,83.68264416512027,26.38888888888889,79.58,High,1,Normal,-0.0294,
1785,Japan,2022,SQL Injection,Retail,43.73,392831,Nation-state,Weak Passwords,AI-based Detection,71,43.73437343734373,39.29744356690192,98.61111111111111,53.38,Medium,1,Normal,-0.0603,
1786,China,2015,Ransomware,Government,86.88,99312,Unknown,Zero-day,AI-based Detection,60,86.88868886888689,9.934826211567222,83.33333333333334,63.09,Medium,1,Normal,-0.0413,
1787,Japan,2017,Malware,Education,26.24,945147,Insider,Zero-day,AI-based Detection,20,26.242624262426244,94.54921046181856,27.77777777777778,47.04,Medium,1,Normal,-0.0715,
1788,USA,2018,DDoS,IT,26.29,943039,Insider,Zero-day,Firewall,28,26.29262926292629,94.33833349172448,38.88888888888889,49.23,Medium,1,Normal,-0.0681,
1789,Brazil,2016,Malware,Retail,76.81,670642,Unknown,Unpatched Software,AI-based Detection,10,76.81768176817683,67.08868737089037,13.88888888888889,61.31,Medium,1,Normal,-0.0771,
1790,USA,2016,Malware,Banking,36.2,194553,Hacker Group,Social Engineering,AI-based Detection,48,36.20362036203621,19.462403777378743,66.66666666666666,37.27,Medium,1,Normal,-0.0966,
1791,China,2022,Ransomware,Education,49.56,257224,Hacker Group,Social Engineering,Firewall,46,49.56495649564957,25.731792104118,63.888888888888886,45.28,Medium,1,Normal,-0.1056,
1792,India,2019,DDoS,Banking,58.96,891815,Unknown,Weak Passwords,Antivirus,19,58.965896589658975,89.21406313304357,26.38888888888889,61.52,Medium,1,Normal,-0.0891,
1793,China,2020,Ransomware,Banking,98.05,168617,Hacker Group,Unpatched Software,VPN,16,98.05980598059806,16.86785676772022,22.22222222222222,58.53,Medium,1,Normal,-0.0219,
1794,UK,2016,Ransomware,Government,83.67,701152,Nation-state,Social Engineering,Firewall,53,83.67836783678368,70.14080139250827,73.61111111111111,77.6,High,1,Normal,-0.0813,
1795,USA,2023,SQL Injection,Banking,30.66,749609,Nation-state,Zero-day,AI-based Detection,28,30.663066306630665,74.98827071881237,38.88888888888889,45.61,Medium,1,Normal,-0.1,
1796,UK,2024,Man-in-the-Middle,Government,86.74,658712,Hacker Group,Unpatched Software,VPN,25,86.74867486748676,65.89525176689492,34.72222222222222,70.09,High,1,Normal,-0.0849,
1797,China,2022,DDoS,Retail,77.74,642501,Hacker Group,Zero-day,AI-based Detection,19,77.74777477747776,64.273559849345,26.38888888888889,63.43,Medium,1,Normal,-0.1009,
1798,Australia,2017,Malware,Banking,92.65,817255,Hacker Group,Weak Passwords,Antivirus,62,92.65926592659268,81.75534069935526,86.11111111111111,88.08,High,1,Normal,-0.0236,
1799,China,2021,Ransomware,Government,5.96,92237,Nation-state,Weak Passwords,AI-based Detection,47,5.960596059605961,9.22706787977612,65.27777777777779,18.8,Low,1,Normal,-0.0323,
1800,Australia,2023,Man-in-the-Middle,Telecommunications,66.91,156195,Nation-state,Unpatched Software,Firewall,58,66.91669166916692,15.625203199167697,80.55555555555556,54.26,Medium,1,Normal,-0.0832,
1801,India,2016,Man-in-the-Middle,IT,23.38,618125,Nation-state,Zero-day,VPN,16,23.382338233823383,61.83506980047717,22.22222222222222,34.69,Medium,1,Normal,-0.0809,
1802,Australia,2021,Man-in-the-Middle,Banking,82.04,828293,Insider,Weak Passwords,Antivirus,64,82.04820482048206,82.85954373346271,88.88888888888889,83.66,High,1,Normal,-0.0362,
1803,Brazil,2017,Malware,Telecommunications,6.09,436100,Unknown,Zero-day,Encryption,12,6.0906090609060906,43.62592346206365,16.666666666666664,19.47,Low,1,Normal,-0.0461,
1804,USA,2020,DDoS,Retail,14.12,787194,Unknown,Zero-day,VPN,51,14.12141214121412,78.74814307222137,70.83333333333334,44.85,Medium,1,Normal,-0.0639,
1805,France,2021,Phishing,Retail,31.52,380086,Nation-state,Social Engineering,Encryption,65,31.523152315231524,38.022478204544655,90.2777777777778,45.22,Medium,1,Normal,-0.0771,
1806,India,2024,Malware,Healthcare,13.74,330581,Unknown,Zero-day,AI-based Detection,54,13.741374137413745,33.07017061227348,75.0,31.79,Low,1,Normal,-0.0723,
1807,Australia,2017,SQL Injection,IT,99.99,672966,Hacker Group,Zero-day,Firewall,13,100.0,67.32117222786317,18.055555555555557,73.81,High,1,Normal,-0.0232,
1808,India,2022,Malware,Telecommunications,19.56,772330,Hacker Group,Unpatched Software,Encryption,20,19.56195619561956,77.26120033812342,27.77777777777778,38.51,Medium,1,Normal,-0.0685,
1809,Japan,2018,Man-in-the-Middle,Telecommunications,81.61,255844,Insider,Unpatched Software,Encryption,8,81.61816181618163,25.59374171572624,11.11111111111111,50.71,Medium,1,Normal,-0.0558,
1810,Germany,2017,Ransomware,Government,80.7,107009,Nation-state,Social Engineering,Encryption,67,80.70807080708072,10.704807254647946,93.05555555555556,62.18,Medium,1,Normal,-0.0372,
1811,Japan,2020,SQL Injection,Retail,10.41,872095,Nation-state,Unpatched Software,Firewall,44,10.411041104110412,87.24134309022793,61.11111111111112,43.6,Medium,1,Normal,-0.0618,
1812,France,2015,DDoS,Banking,85.36,50427,Hacker Group,Zero-day,Encryption,5,85.36853685368537,5.044541257559009,6.944444444444445,45.59,Medium,1,Normal,-0.0114,
1813,USA,2017,Phishing,Retail,15.24,599197,Unknown,Zero-day,AI-based Detection,8,15.24152415241524,59.94157867621682,11.11111111111111,27.83,Low,1,Normal,-0.0499,
1814,Brazil,2022,Malware,Telecommunications,40.08,459643,Nation-state,Weak Passwords,Antivirus,10,40.08400840084008,45.981083095329794,13.88888888888889,36.61,Medium,1,Normal,-0.0823,
1815,China,2021,DDoS,Telecommunications,10.2,950257,Nation-state,Weak Passwords,AI-based Detection,61,10.2010201020102,95.0603970449214,84.72222222222221,50.56,Medium,1,Normal,-0.0347,
1816,Australia,2022,Phishing,Healthcare,72.53,496317,Hacker Group,Weak Passwords,Antivirus,62,72.53725372537254,49.64982218509756,86.11111111111111,68.39,High,1,Normal,-0.0866,
1817,Brazil,2017,Man-in-the-Middle,Healthcare,96.36,596078,Hacker Group,Weak Passwords,Encryption,10,96.36963696369637,59.62956479114877,13.88888888888889,68.85,High,1,Normal,-0.0432,
1818,Brazil,2019,Ransomware,Banking,88.63,701522,Insider,Social Engineering,VPN,10,88.63886388638863,70.1778149024394,13.88888888888889,68.15,High,1,Normal,-0.0547,
1819,India,2015,Man-in-the-Middle,Healthcare,37.15,357124,Nation-state,Weak Passwords,Antivirus,31,37.15371537153715,35.725439785521715,43.05555555555556,37.91,Medium,1,Normal,-0.1085,
1820,Germany,2022,SQL Injection,Government,47.92,112688,Nation-state,Social Engineering,VPN,15,47.92479247924793,11.272914613834049,20.833333333333336,31.51,Low,1,Normal,-0.0678,
1821,India,2018,Phishing,Retail,14.46,743107,Hacker Group,Social Engineering,VPN,49,14.46144614461446,74.33783330915784,68.05555555555556,43.14,Medium,1,Normal,-0.0708,
1822,India,2022,Man-in-the-Middle,Banking,32.47,947465,Unknown,Unpatched Software,AI-based Detection,69,32.47324732473248,94.7810950997114,95.83333333333334,63.84,Medium,1,Normal,-0.0173,
1823,Japan,2019,Ransomware,Government,81.97,358572,Hacker Group,Weak Passwords,VPN,48,81.97819781978198,35.87029265681974,66.66666666666666,65.08,Medium,1,Normal,-0.1093,
1824,India,2024,Malware,IT,92.08,430701,Hacker Group,Unpatched Software,VPN,54,92.08920892089208,43.08582632660921,75.0,73.97,High,1,Normal,-0.074,
1825,Russia,2021,DDoS,Banking,94.48,281900,Hacker Group,Zero-day,Antivirus,1,94.48944894489448,28.20029310698405,1.3888888888888888,55.98,Medium,-1,Anomaly,0.0088,"High financial_loss_million, Low resolution_time_hours"
1826,Australia,2021,Malware,IT,84.74,391257,Hacker Group,Zero-day,AI-based Detection,66,84.74847484748474,39.139986094924645,91.66666666666666,72.45,High,1,Normal,-0.0569,
1827,China,2019,Man-in-the-Middle,Banking,81.8,277875,Nation-state,Social Engineering,Antivirus,43,81.80818081808181,27.797646140841408,59.72222222222222,61.19,Medium,1,Normal,-0.103,
1828,Japan,2015,DDoS,IT,33.27,207244,Hacker Group,Zero-day,Antivirus,38,33.273327332733274,20.731967168016325,52.77777777777778,33.41,Medium,1,Normal,-0.0855,
1829,India,2018,Malware,Healthcare,66.96,294133,Insider,Social Engineering,VPN,20,66.96669666966696,29.42403977451769,27.77777777777778,47.87,Medium,1,Normal,-0.1077,
1830,Brazil,2023,Ransomware,Telecommunications,71.4,66852,Hacker Group,Weak Passwords,VPN,58,71.40714071407142,6.68764098896097,80.55555555555556,53.82,Medium,1,Normal,-0.0696,
1831,China,2024,Ransomware,Telecommunications,67.47,54722,Nation-state,Social Engineering,Encryption,13,67.47674767476748,5.474198082300039,18.055555555555557,38.99,Medium,1,Normal,-0.0574,
1832,Australia,2022,Phishing,Education,17.32,178951,Nation-state,Weak Passwords,Antivirus,26,17.32173217321732,17.9016340964452,36.11111111111111,21.25,Low,1,Normal,-0.0653,
1833,USA,2020,Ransomware,Healthcare,17.24,682791,Insider,Social Engineering,Encryption,44,17.241724172417243,68.30403097130453,61.11111111111112,41.33,Medium,1,Normal,-0.0839,
1834,Russia,2016,SQL Injection,Education,17.05,888205,Nation-state,Weak Passwords,AI-based Detection,38,17.051705170517053,88.85293131993177,52.77777777777778,45.74,Medium,1,Normal,-0.0647,
1835,France,2022,Phishing,IT,52.19,794901,Insider,Zero-day,VPN,26,52.1952195219522,79.51912448043535,36.11111111111111,57.18,Medium,1,Normal,-0.119,
1836,France,2018,DDoS,Government,27.44,978683,Insider,Zero-day,VPN,35,27.442744274427444,97.90403497276506,48.61111111111111,52.81,Medium,1,Normal,-0.062,
1837,Australia,2015,Phishing,Telecommunications,73.77,639279,Nation-state,Zero-day,VPN,44,73.77737773777378,63.95124220340425,61.11111111111112,68.3,High,1,Normal,-0.1073,
1838,UK,2020,Malware,Retail,10.94,675338,Hacker Group,Weak Passwords,VPN,54,10.94109410941094,67.55845883747568,75.0,40.74,Medium,1,Normal,-0.0664,
1839,Australia,2021,Man-in-the-Middle,Government,42.24,147589,Insider,Unpatched Software,Antivirus,31,42.24422442244225,14.764288965472398,43.05555555555556,34.16,Medium,1,Normal,-0.0836,
1840,Australia,2017,DDoS,Government,82.39,646824,Hacker Group,Zero-day,AI-based Detection,2,82.3982398239824,64.70601769645921,2.7777777777777777,61.17,Medium,1,Normal,-0.0298,
1841,China,2016,Phishing,Government,37.62,465317,Insider,Social Engineering,Firewall,20,37.62376237623762,46.54869027194926,27.77777777777778,38.33,Medium,1,Normal,-0.1044,
1842,USA,2023,Malware,IT,21.53,233379,Unknown,Unpatched Software,Antivirus,50,21.53215321532153,23.346421443827,69.44444444444444,31.66,Low,1,Normal,-0.0867,
1843,China,2023,Malware,IT,43.51,684108,Unknown,Weak Passwords,Firewall,24,43.51435143514352,68.43577905935666,33.33333333333333,48.95,Medium,1,Normal,-0.1187,
1844,Russia,2020,DDoS,Healthcare,44.32,130510,Unknown,Social Engineering,AI-based Detection,66,44.324432443244326,13.05576535435434,91.66666666666666,44.41,Medium,1,Normal,-0.0574,
1845,Brazil,2016,Man-in-the-Middle,Banking,43.45,489853,Nation-state,Zero-day,AI-based Detection,28,43.45434543454346,49.00318616294948,38.88888888888889,44.21,Medium,1,Normal,-0.1162,
1846,Australia,2022,Malware,Healthcare,47.92,25905,Nation-state,Unpatched Software,VPN,40,47.92479247924793,2.591445877745377,55.55555555555556,35.85,Medium,1,Normal,-0.061,
1847,Japan,2023,Malware,IT,73.74,795367,Hacker Group,Zero-day,AI-based Detection,55,73.74737473747375,79.56574149564591,76.38888888888889,76.02,High,1,Normal,-0.0818,
1848,Australia,2023,Man-in-the-Middle,Retail,93.25,349335,Nation-state,Zero-day,Firewall,27,93.25932593259326,34.94625538321488,37.5,64.61,Medium,1,Normal,-0.0773,
1849,USA,2015,Ransomware,Government,13.92,366147,Hacker Group,Weak Passwords,VPN,38,13.921392139213925,36.62806924527453,52.77777777777778,28.5,Low,1,Normal,-0.0787,
1850,India,2018,Phishing,Government,41.1,25094,Nation-state,Unpatched Software,VPN,42,41.10411041104111,2.5103162654368845,58.333333333333336,32.97,Low,1,Normal,-0.0616,
1851,Russia,2024,Phishing,Retail,44.08,988889,Nation-state,Unpatched Software,Encryption,31,44.084408440844086,98.92500762778414,43.05555555555556,60.33,Medium,1,Normal,-0.0803,
1852,Japan,2022,Man-in-the-Middle,IT,65.19,216303,Hacker Group,Unpatched Software,AI-based Detection,49,65.1965196519652,21.63819794224892,68.05555555555556,52.7,Medium,1,Normal,-0.1049,
1853,Australia,2023,Ransomware,Healthcare,21.54,388211,Nation-state,Weak Passwords,Antivirus,22,21.54215421542154,38.835274875329496,30.55555555555556,28.53,Low,1,Normal,-0.0922,
1854,USA,2022,Man-in-the-Middle,Education,83.61,30235,Insider,Weak Passwords,Encryption,47,83.61836183618362,3.024603980452865,65.27777777777779,55.77,Medium,1,Normal,-0.0476,
1855,USA,2023,Malware,Banking,13.99,109083,Nation-state,Weak Passwords,Antivirus,49,13.991399139913993,10.9122829832889,68.05555555555556,23.88,Low,1,Normal,-0.0455,
1856,Germany,2017,Malware,Healthcare,49.09,397361,Hacker Group,Weak Passwords,Encryption,57,49.0949094909491,39.75060897227488,79.16666666666666,52.31,Medium,1,Normal,-0.0966,
1857,UK,2016,Ransomware,Retail,32.16,329026,Nation-state,Weak Passwords,VPN,31,32.16321632163216,32.914613834049426,43.05555555555556,34.57,Medium,1,Normal,-0.0943,
1858,Australia,2017,Man-in-the-Middle,IT,45.5,889521,Nation-state,Weak Passwords,Encryption,51,45.504550455045504,88.98457937147059,70.83333333333334,63.61,Medium,1,Normal,-0.0823,
1859,USA,2018,SQL Injection,Healthcare,73.16,849755,Insider,Weak Passwords,Encryption,46,73.16731673167317,85.00652738249461,63.888888888888886,74.86,High,1,Normal,-0.0879,
1860,China,2021,Phishing,Education,70.2,631101,Unknown,Zero-day,Firewall,36,70.20702070207021,63.13314359741305,50.0,64.04,Medium,1,Normal,-0.1147,
1861,Japan,2016,DDoS,Healthcare,10.62,625954,Insider,Weak Passwords,AI-based Detection,71,10.62106210621062,62.61825566331712,98.61111111111111,43.82,Medium,1,Normal,-0.0478,
1862,Japan,2023,Man-in-the-Middle,IT,26.65,220769,Unknown,Zero-day,VPN,71,26.65266526652665,22.08496101076893,98.61111111111111,39.67,Medium,1,Normal,-0.0504,
1863,China,2018,SQL Injection,Healthcare,52.01,527443,Hacker Group,Unpatched Software,Firewall,24,52.01520152015202,52.76355869892511,33.33333333333333,48.5,Medium,1,Normal,-0.1103,
1864,Germany,2020,DDoS,Government,32.71,846169,Hacker Group,Zero-day,VPN,59,32.71327132713272,84.64779644570268,81.94444444444444,58.14,Medium,1,Normal,-0.0766,
1865,China,2017,Malware,Education,47.46,783239,Unknown,Social Engineering,VPN,41,47.46474647464747,78.35249866201164,56.94444444444444,58.63,Medium,1,Normal,-0.1203,
1866,China,2022,Malware,Telecommunications,11.39,104772,Unknown,Social Engineering,Firewall,43,11.391139113911391,10.481025574334632,59.72222222222222,20.78,Low,1,Normal,-0.0421,
1867,Germany,2015,DDoS,Telecommunications,31.68,33098,Hacker Group,Zero-day,AI-based Detection,8,31.683168316831683,3.3110085181091096,11.11111111111111,19.06,Low,1,Normal,-0.0103,
1868,UK,2024,Man-in-the-Middle,Healthcare,65.78,512847,Insider,Social Engineering,Encryption,72,65.78657865786579,51.3034257503989,100.0,68.28,High,1,Normal,-0.0449,
1869,Australia,2018,SQL Injection,Banking,71.01,840106,Insider,Weak Passwords,VPN,44,71.01710171017103,84.04127506539886,61.11111111111112,72.94,High,1,Normal,-0.0986,
1870,Brazil,2024,SQL Injection,Healthcare,69.57,269458,Insider,Zero-day,Firewall,15,69.57695769576956,26.955638808164977,20.833333333333336,47.04,Medium,1,Normal,-0.0886,
1871,Germany,2021,Ransomware,Healthcare,66.84,242893,Nation-state,Zero-day,Antivirus,50,66.84668466846685,24.298168831623546,69.44444444444444,54.6,Medium,1,Normal,-0.1087,
1872,Russia,2018,Phishing,Education,5.25,605947,Insider,Zero-day,Firewall,13,5.2505250525052505,60.61682514117653,18.055555555555557,24.42,Low,1,Normal,-0.0477,
1873,Japan,2018,SQL Injection,Education,60.57,468399,Nation-state,Zero-day,VPN,56,60.57605760576058,46.8570028060242,77.77777777777779,59.9,Medium,1,Normal,-0.1021,
1874,India,2015,Ransomware,IT,61.68,503774,Hacker Group,Zero-day,Firewall,37,61.68616861686169,50.39579446497972,51.388888888888886,56.24,Medium,1,Normal,-0.1213,
1875,France,2021,Phishing,Retail,45.74,754278,Insider,Social Engineering,Firewall,46,45.744574457445744,75.45534119953783,63.888888888888886,58.29,Medium,1,Normal,-0.1121,
1876,Japan,2019,SQL Injection,IT,89.81,126120,Unknown,Social Engineering,Encryption,39,89.81898189818983,12.616605060847208,54.16666666666666,59.53,Medium,1,Normal,-0.0599,
1877,UK,2018,Malware,IT,73.27,210024,Hacker Group,Weak Passwords,Antivirus,20,73.27732773277327,21.0100686750664,27.77777777777778,48.5,Medium,1,Normal,-0.0944,
1878,France,2022,DDoS,Banking,51.33,970775,Insider,Unpatched Software,AI-based Detection,21,51.33513351335134,97.11294622537228,29.166666666666668,60.63,Medium,1,Normal,-0.0792,
1879,France,2017,Ransomware,Education,19.84,832471,Insider,Social Engineering,Firewall,54,19.841984198419844,83.27749628614444,75.0,49.9,Medium,1,Normal,-0.0756,
1880,India,2024,Phishing,IT,97.25,165316,Unknown,Zero-day,Encryption,61,97.25972597259728,16.53763623722659,84.72222222222221,70.54,High,1,Normal,-0.0128,
1881,Australia,2016,DDoS,Retail,2.96,990886,Insider,Weak Passwords,AI-based Detection,59,2.960296029602961,99.12478054489888,81.94444444444444,47.61,Medium,1,Normal,-0.0128,
1882,UK,2021,Malware,Telecommunications,82.28,370146,Nation-state,Zero-day,VPN,55,82.28822882288229,37.028115262070656,76.38888888888889,67.53,High,1,Normal,-0.0978,
1883,China,2021,Man-in-the-Middle,Retail,49.59,284823,Unknown,Social Engineering,Antivirus,50,49.5949594959496,28.49269983543993,69.44444444444444,47.23,Medium,1,Normal,-0.0969,
1884,UK,2016,Malware,Healthcare,65.14,742857,Nation-state,Weak Passwords,Antivirus,49,65.14651465146515,74.312824180826,68.05555555555556,68.48,High,1,Normal,-0.0959,
1885,Brazil,2024,DDoS,Healthcare,70.0,484101,Hacker Group,Unpatched Software,VPN,9,70.00700070007001,48.42777613829048,12.5,52.03,Medium,1,Normal,-0.0782,
1886,UK,2015,Ransomware,Telecommunications,22.58,368441,Hacker Group,Weak Passwords,AI-based Detection,71,22.58225822582258,36.857553006847496,98.61111111111111,42.07,Medium,1,Normal,-0.0592,
1887,Russia,2019,Malware,Banking,55.42,945465,Unknown,Weak Passwords,Firewall,5,55.42554255425542,94.58102207305666,6.944444444444445,57.48,Medium,1,Normal,-0.0328,
1888,USA,2016,DDoS,Healthcare,27.08,551900,Unknown,Social Engineering,VPN,17,27.082708270827084,55.21015170537245,23.61111111111111,34.83,Medium,1,Normal,-0.0895,
1889,UK,2021,Malware,Banking,73.02,731722,Hacker Group,Weak Passwords,VPN,28,73.02730273027302,73.1989176049258,38.88888888888889,66.25,High,1,Normal,-0.0955,
1890,Germany,2018,Phishing,Banking,88.73,436597,Insider,Unpatched Software,AI-based Detection,33,88.73887388738875,43.67564160918735,45.83333333333333,66.64,High,1,Normal,-0.0871,
1891,France,2020,DDoS,Education,16.35,728830,Insider,Zero-day,AI-based Detection,45,16.351635163516352,72.90961200838306,62.5,42.55,Medium,1,Normal,-0.0829,
1892,USA,2022,Ransomware,IT,85.61,826018,Hacker Group,Weak Passwords,Firewall,24,85.61856185618562,82.63196066564295,33.33333333333333,74.27,High,1,Normal,-0.0765,
1893,Russia,2020,Ransomware,Telecommunications,76.61,791323,Insider,Unpatched Software,Encryption,40,76.61766176617662,79.16119383575004,55.55555555555556,73.17,High,1,Normal,-0.101,
1894,USA,2015,SQL Injection,Banking,42.77,117454,Insider,Unpatched Software,Firewall,19,42.77427742774278,11.749688636352268,26.38888888888889,30.19,Low,1,Normal,-0.079,
1895,Japan,2023,Ransomware,Retail,95.3,986882,Hacker Group,Weak Passwords,Encryption,45,95.3095309530953,98.72423434553612,62.5,89.77,High,-1,Anomaly,0.0235,"High financial_loss_million, High affected_users, High risk_score"
1896,France,2016,Phishing,IT,78.12,770227,Unknown,Zero-day,Antivirus,20,78.12781278127814,77.05082355059596,27.77777777777778,67.73,High,1,Normal,-0.084,
1897,China,2024,SQL Injection,Government,21.33,997411,Nation-state,Social Engineering,Antivirus,25,21.33213321332133,99.77751879435996,34.72222222222222,47.54,Medium,1,Normal,-0.0334,
1898,Japan,2020,Malware,Education,66.93,640603,Hacker Group,Unpatched Software,VPN,23,66.93669366936695,64.08369054704967,31.944444444444443,59.08,Medium,1,Normal,-0.1038,
1899,Brazil,2024,Phishing,Telecommunications,81.54,499671,Hacker Group,Weak Passwords,VPN,4,81.54815481548155,49.98534465079754,5.555555555555555,56.88,Medium,1,Normal,-0.0519,
1900,India,2020,Phishing,Retail,12.64,805905,Nation-state,Social Engineering,Firewall,54,12.641264126412644,80.61992627308967,75.0,45.51,Medium,1,Normal,-0.0676,
1901,France,2017,Phishing,Retail,43.2,377252,Nation-state,Unpatched Software,Encryption,8,43.20432043204321,37.73897472577491,11.11111111111111,35.15,Medium,1,Normal,-0.0838,
1902,USA,2018,Ransomware,Retail,20.58,653168,Unknown,Weak Passwords,AI-based Detection,3,20.58205820582058,65.340649337008,4.166666666666666,30.73,Low,1,Normal,-0.0258,
1903,Brazil,2017,Phishing,IT,26.62,955790,Nation-state,Zero-day,Encryption,44,26.622662266226627,95.6138990731617,61.11111111111112,54.22,Medium,1,Normal,-0.0627,
1904,USA,2018,Phishing,Telecommunications,15.56,734448,Unknown,Social Engineering,Encryption,37,15.561556155615564,73.4716171402562,51.388888888888886,40.1,Medium,1,Normal,-0.0714,
1905,China,2021,Ransomware,Retail,12.97,425647,Unknown,Zero-day,Antivirus,4,12.971297129712973,42.58024178825271,5.555555555555555,20.37,Low,1,Normal,-0.0281,
1906,France,2019,SQL Injection,Banking,98.04,278315,Unknown,Unpatched Software,VPN,3,98.04980498049804,27.841662206705447,4.166666666666666,58.21,Medium,-1,Anomaly,0.0113,"High financial_loss_million, Low resolution_time_hours"
1907,UK,2020,Man-in-the-Middle,Telecommunications,63.35,294447,Unknown,Zero-day,AI-based Detection,54,63.35633563356337,29.45545123970249,75.0,55.51,Medium,1,Normal,-0.1082,
1908,Brazil,2020,DDoS,Education,26.57,384988,Insider,Zero-day,AI-based Detection,19,26.572657265726573,38.5128571928754,26.38888888888889,30.12,Low,1,Normal,-0.1027,
1909,Japan,2020,Man-in-the-Middle,Education,29.58,141411,Insider,Unpatched Software,AI-based Detection,58,29.58295829582958,14.14626338613594,80.55555555555556,35.15,Medium,1,Normal,-0.0699,
1910,France,2023,Phishing,Healthcare,72.54,581712,Insider,Social Engineering,VPN,12,72.54725472547256,58.19244024068785,16.666666666666664,57.06,Medium,1,Normal,-0.0936,
1911,UK,2020,Ransomware,Education,35.16,100749,Unknown,Zero-day,Firewall,62,35.16351635163516,10.078578681218644,86.11111111111111,37.83,Medium,1,Normal,-0.061,
1912,Russia,2019,Malware,Education,56.94,217880,Nation-state,Unpatched Software,VPN,48,56.94569456945695,21.79595552376617,66.66666666666666,48.34,Medium,1,Normal,-0.1062,
1913,France,2023,Man-in-the-Middle,Telecommunications,99.71,357542,Hacker Group,Zero-day,Antivirus,21,99.71997199719972,35.76725504809256,29.166666666666668,66.42,High,1,Normal,-0.0422,
1914,UK,2021,Malware,Telecommunications,77.18,347426,Hacker Group,Zero-day,Antivirus,36,77.1877187718772,34.75528567927294,50.0,59.02,Medium,1,Normal,-0.119,
1915,France,2018,Man-in-the-Middle,Education,36.92,829140,Nation-state,Unpatched Software,Encryption,2,36.923692369236925,82.944274660251,2.7777777777777777,43.9,Medium,1,Normal,-0.0403,
1916,France,2017,SQL Injection,Healthcare,42.8,683189,Unknown,Zero-day,VPN,19,42.8042804280428,68.34384550360882,26.38888888888889,47.18,Medium,1,Normal,-0.1109,
1917,India,2019,Ransomware,Banking,89.41,453441,Hacker Group,Unpatched Software,VPN,29,89.41894189418942,45.36065663967348,40.27777777777778,66.37,High,1,Normal,-0.0932,
1918,Australia,2017,Malware,IT,33.34,673439,Insider,Weak Passwords,Firewall,13,33.34333433343335,67.36848949866702,18.055555555555557,40.49,Medium,1,Normal,-0.0866,
1919,Brazil,2016,SQL Injection,Telecommunications,13.94,832297,Nation-state,Weak Passwords,AI-based Detection,69,13.941394139413942,83.26008993282548,95.83333333333334,51.12,Medium,1,Normal,-0.0481,
1920,India,2018,Phishing,IT,13.05,400964,Nation-state,Weak Passwords,VPN,19,13.051305130513052,40.11104052979337,26.38888888888889,23.84,Low,1,Normal,-0.0748,
1921,France,2019,DDoS,Telecommunications,52.94,192293,Nation-state,Weak Passwords,VPN,57,52.945294529452944,19.236321257258897,79.16666666666666,48.08,Medium,1,Normal,-0.0848,
1922,Russia,2019,Man-in-the-Middle,Banking,26.02,565292,Insider,Unpatched Software,Antivirus,27,26.022602260226023,56.54984069185252,37.5,37.48,Medium,1,Normal,-0.1045,
1923,Brazil,2016,Phishing,Education,9.23,774750,Nation-state,Social Engineering,Firewall,70,9.230923092309231,77.50328870037563,97.2222222222222,47.31,Medium,1,Normal,-0.0429,
1924,France,2022,Phishing,IT,78.2,666996,Insider,Weak Passwords,Encryption,59,78.20782078207822,66.7239542432988,81.94444444444444,75.51,High,1,Normal,-0.0771,
1925,Germany,2016,Malware,Healthcare,94.12,21382,Unknown,Weak Passwords,Encryption,21,94.12941294129416,2.138980727965708,29.166666666666668,53.54,Medium,1,Normal,-0.0325,
1926,Germany,2021,Phishing,Telecommunications,55.14,463525,Nation-state,Unpatched Software,AI-based Detection,59,55.14551455145514,46.36942484006663,81.94444444444444,57.87,Medium,1,Normal,-0.0961,
1927,Russia,2022,Ransomware,Telecommunications,16.98,905673,Insider,Weak Passwords,VPN,54,16.981698169816983,90.60036913473418,75.0,50.67,Medium,1,Normal,-0.0668,
1928,India,2024,Man-in-the-Middle,Retail,30.59,619881,Nation-state,Unpatched Software,Antivirus,42,30.59305930593059,62.010733917880025,58.333333333333336,45.57,Medium,1,Normal,-0.1009,
1929,France,2015,Malware,Banking,20.27,987350,Insider,Zero-day,Antivirus,4,20.27202720272027,98.77105143377332,5.555555555555555,40.88,Medium,1,Normal,-0.0104,
1930,USA,2019,Phishing,Education,97.32,849084,Nation-state,Zero-day,VPN,62,97.32973297329733,84.93940288205195,86.11111111111111,91.37,High,-1,Anomaly,0.009,"High financial_loss_million, High affected_users, High resolution_time_hours, High risk_score"
1931,UK,2017,Man-in-the-Middle,Education,13.06,799627,Hacker Group,Weak Passwords,Antivirus,36,13.061306130613062,79.99189704242048,50.0,40.53,Medium,1,Normal,-0.0693,
1932,France,2023,Man-in-the-Middle,Education,87.39,307155,Unknown,Unpatched Software,Antivirus,28,87.39873987398741,30.72671525106664,38.88888888888889,60.7,Medium,1,Normal,-0.0831,
1933,Japan,2024,Ransomware,Retail,88.36,989106,Unknown,Zero-day,Firewall,3,88.36883688368837,98.94671555117618,4.166666666666666,74.7,High,-1,Anomaly,0.0332,"High financial_loss_million, High affected_users, Low resolution_time_hours"
1934,India,2020,Man-in-the-Middle,Retail,84.77,129144,Hacker Group,Weak Passwords,Antivirus,25,84.77847784778479,12.91911547714916,34.72222222222222,53.21,Medium,1,Normal,-0.0841,
1935,UK,2015,Malware,Government,57.81,767562,Unknown,Zero-day,Antivirus,61,57.81578157815782,76.78422624257854,84.72222222222221,68.89,High,1,Normal,-0.0816,
1936,Brazil,2015,Malware,IT,74.03,956965,Hacker Group,Unpatched Software,Encryption,40,74.03740374037405,95.73144197632136,55.55555555555556,76.85,High,1,Normal,-0.0558,
1937,Germany,2023,Phishing,Retail,87.55,291580,Unknown,Unpatched Software,Firewall,25,87.55875587558755,29.16864655599294,34.72222222222222,59.47,Medium,1,Normal,-0.0775,
1938,Germany,2017,Ransomware,Education,76.96,950276,Hacker Group,Unpatched Software,Firewall,31,76.96769676967696,95.06229773867462,43.05555555555556,75.61,High,1,Normal,-0.0532,
1939,UK,2017,Man-in-the-Middle,Telecommunications,89.07,932075,Unknown,Unpatched Software,Firewall,72,89.07890789078907,93.24153315960324,100.0,92.51,High,-1,Anomaly,0.0419,"High financial_loss_million, High affected_users, High resolution_time_hours, High risk_score"
1940,Germany,2015,DDoS,Healthcare,33.96,931456,Hacker Group,Zero-day,AI-based Detection,22,33.96339633963397,93.17961055785362,30.55555555555556,51.05,Medium,1,Normal,-0.093,
1941,Japan,2023,Ransomware,Retail,28.77,983880,Nation-state,Unpatched Software,Antivirus,54,28.77287728772877,98.42392473252735,75.0,58.91,Medium,1,Normal,-0.0575,
1942,China,2022,DDoS,Education,18.49,20680,Nation-state,Social Engineering,Firewall,29,18.49184918491849,2.0687550956098977,40.27777777777778,17.92,Low,1,Normal,-0.0169,
1943,Australia,2018,Malware,Education,21.39,437056,Hacker Group,Zero-day,AI-based Detection,52,21.392139213921396,43.721558368804615,72.22222222222221,38.26,Medium,1,Normal,-0.1003,
1944,India,2021,Malware,Government,57.91,769222,Insider,Weak Passwords,Antivirus,32,57.91579157915792,76.95028685470197,44.44444444444444,60.93,Medium,1,Normal,-0.1024,
1945,Australia,2022,Malware,Government,4.5,436928,Unknown,Social Engineering,Antivirus,34,4.5004500450045,43.70875369509872,47.22222222222222,24.81,Low,1,Normal,-0.0601,
1946,China,2021,DDoS,Healthcare,38.67,340194,Unknown,Weak Passwords,VPN,44,38.67386738673868,34.03182161488944,61.11111111111112,41.77,Medium,1,Normal,-0.1066,
1947,India,2019,DDoS,IT,44.01,612030,Nation-state,Unpatched Software,Antivirus,47,44.01440144014401,61.22534725174689,65.27777777777779,53.43,Medium,1,Normal,-0.1105,
1948,Australia,2019,Man-in-the-Middle,IT,87.89,551100,Insider,Zero-day,VPN,9,87.8987898789879,55.13012249471056,12.5,62.99,Medium,1,Normal,-0.0619,
1949,Brazil,2022,Phishing,IT,26.02,251768,Unknown,Social Engineering,VPN,6,26.022602260226023,25.185992887403906,8.333333333333332,22.23,Low,1,Normal,-0.049,
1950,Japan,2015,DDoS,Retail,11.69,680720,Nation-state,Zero-day,Encryption,2,11.691169116911691,68.09685535220356,2.7777777777777777,26.83,Low,1,Normal,-0.0053,
1951,USA,2017,DDoS,Telecommunications,51.69,156213,Nation-state,Weak Passwords,VPN,9,51.6951695169517,15.62700385640759,12.5,33.04,Medium,1,Normal,-0.0579,
1952,Japan,2020,Man-in-the-Middle,Retail,33.75,468856,Hacker Group,Unpatched Software,Firewall,15,33.753375337533754,46.9027194926148,20.833333333333336,35.11,Medium,1,Normal,-0.0932,
1953,France,2023,Ransomware,Government,63.45,90678,Nation-state,Unpatched Software,Firewall,22,63.45634563456346,9.071110955498757,30.55555555555556,40.56,Medium,1,Normal,-0.0763,
1954,UK,2022,DDoS,Retail,45.73,554585,Hacker Group,Social Engineering,VPN,63,45.73457345734573,55.47874974365643,87.5,57.01,Medium,1,Normal,-0.0884,
1955,China,2021,Man-in-the-Middle,Banking,33.3,935265,Nation-state,Unpatched Software,Firewall,20,33.3033303330333,93.56064963711756,27.77777777777778,50.28,Medium,1,Normal,-0.0896,
1956,Japan,2023,SQL Injection,Banking,43.96,459922,Nation-state,Zero-day,Encryption,12,43.96439643964396,46.008993282548126,16.666666666666664,39.12,Medium,1,Normal,-0.0963,
1957,France,2017,DDoS,Healthcare,6.72,782873,Hacker Group,Zero-day,Encryption,4,6.720672067206721,78.31588529813381,5.555555555555555,27.97,Low,1,Normal,-0.0082,
1958,UK,2020,Ransomware,Banking,53.03,528708,Unknown,Social Engineering,VPN,14,53.03530353035304,52.89010488828423,19.444444444444446,46.27,Medium,1,Normal,-0.0938,
1959,Germany,2020,SQL Injection,Healthcare,38.89,513096,Hacker Group,Weak Passwords,VPN,57,38.893889388938895,51.3283348422174,79.16666666666666,50.68,Medium,1,Normal,-0.0994,
1960,Australia,2018,DDoS,Education,79.5,636407,Hacker Group,Zero-day,Encryption,11,79.50795079507951,63.66393733712805,15.27777777777778,61.91,Medium,1,Normal,-0.0888,
1961,USA,2020,Ransomware,Retail,38.02,419557,Unknown,Weak Passwords,Antivirus,2,38.02380238023803,41.97101942208906,2.7777777777777777,32.16,Low,1,Normal,-0.0451,
1962,Brazil,2018,DDoS,Healthcare,47.47,784099,Insider,Social Engineering,AI-based Detection,30,47.474747474747474,78.43853006347317,41.66666666666667,55.6,Medium,1,Normal,-0.1086,
1963,Japan,2024,Malware,Telecommunications,71.18,37870,Nation-state,Zero-day,AI-based Detection,31,71.1871187118712,3.788382759707293,43.05555555555556,45.34,Medium,1,Normal,-0.0658,
1964,Brazil,2022,Malware,IT,4.08,291590,Hacker Group,Zero-day,Antivirus,22,4.080408040804081,29.16964692112621,30.55555555555556,16.9,Low,1,Normal,-0.0156,
1965,India,2018,SQL Injection,Telecommunications,15.96,444408,Unknown,Weak Passwords,AI-based Detection,64,15.96159615961596,44.4570268147874,88.88888888888889,39.1,Medium,1,Normal,-0.0718,
1966,Germany,2015,Malware,Banking,56.13,526658,Nation-state,Weak Passwords,VPN,38,56.13561356135615,52.68503003596313,52.77777777777778,54.43,Medium,1,Normal,-0.1291,
1967,Japan,2021,Malware,Retail,30.53,333238,Hacker Group,Social Engineering,Firewall,20,30.533053305330537,33.335967628184285,27.77777777777778,30.82,Low,1,Normal,-0.0941,
1968,Australia,2020,DDoS,Retail,31.36,449936,Insider,Weak Passwords,VPN,52,31.36313631363136,45.01002866046107,72.22222222222221,43.63,Medium,1,Normal,-0.107,
1969,Germany,2023,Malware,Retail,71.05,61238,Unknown,Unpatched Software,AI-based Detection,41,71.05710571057105,6.126036003141146,56.94444444444444,48.76,Medium,1,Normal,-0.0816,
1970,USA,2024,Malware,Education,24.93,916209,Unknown,Zero-day,Encryption,50,24.93249324932493,91.6543538391513,69.44444444444444,53.85,Medium,1,Normal,-0.0696,
1971,India,2022,DDoS,Banking,13.97,762440,Nation-state,Unpatched Software,AI-based Detection,19,13.971397139713972,76.27183922131579,26.38888888888889,35.15,Medium,1,Normal,-0.0571,
1972,China,2021,Malware,Banking,92.2,248859,Nation-state,Social Engineering,Antivirus,33,92.2092209220922,24.8949866701346,45.83333333333333,62.74,Medium,1,Normal,-0.0791,
1973,Russia,2015,SQL Injection,IT,47.8,645774,Hacker Group,Social Engineering,Firewall,7,47.8047804780478,64.60097935746548,9.722222222222223,45.23,Medium,1,Normal,-0.0793,
1974,Brazil,2024,Man-in-the-Middle,Healthcare,61.55,218189,Unknown,Weak Passwords,AI-based Detection,48,61.55615561556156,21.82686680638433,66.66666666666666,50.66,Medium,1,Normal,-0.1096,
1975,China,2015,Man-in-the-Middle,Banking,66.47,623301,Hacker Group,Social Engineering,VPN,40,66.47664766476647,62.35285879345961,55.55555555555556,63.06,Medium,1,Normal,-0.125,
1976,Germany,2017,Ransomware,Education,10.32,195872,Hacker Group,Social Engineering,Antivirus,22,10.32103210321032,19.59435193845754,30.55555555555556,17.15,Low,1,Normal,-0.0392,
1977,Germany,2016,SQL Injection,IT,76.36,807745,Nation-state,Unpatched Software,AI-based Detection,71,76.36763676367637,80.80399345761204,98.61111111111111,82.15,High,1,Normal,-0.021,
1978,France,2020,Ransomware,Healthcare,25.49,50385,Unknown,Unpatched Software,Antivirus,10,25.492549254925496,5.04033972399926,13.88888888888889,17.04,Low,1,Normal,-0.0055,
1979,Brazil,2017,Malware,Telecommunications,73.71,377769,Hacker Group,Zero-day,Firewall,38,73.71737173717372,37.79069360316515,52.77777777777778,58.75,Medium,1,Normal,-0.1249,
1980,UK,2018,Ransomware,Telecommunications,99.41,355256,Hacker Group,Unpatched Software,Firewall,51,99.41994199419942,35.5385715786262,70.83333333333334,74.54,High,1,Normal,-0.0326,
1981,UK,2017,DDoS,Government,65.57,478549,Hacker Group,Weak Passwords,Antivirus,37,65.57655765576558,47.87237341629695,51.388888888888886,57.43,Medium,1,Normal,-0.1251,
1982,Germany,2022,Malware,Retail,60.85,125300,Insider,Weak Passwords,AI-based Detection,11,60.85608560856086,12.53457511991877,15.27777777777778,37.24,Medium,1,Normal,-0.0608,
1983,France,2018,Ransomware,Education,34.54,608196,Insider,Weak Passwords,AI-based Detection,25,34.54345434543454,60.84180725964977,34.72222222222222,42.47,Medium,1,Normal,-0.0935,
1984,China,2023,Phishing,Government,43.49,27694,Unknown,Weak Passwords,Encryption,30,43.49434943494349,2.770411200088032,41.66666666666667,30.91,Low,1,Normal,-0.0603,
1985,China,2017,Man-in-the-Middle,Retail,30.38,29840,Hacker Group,Weak Passwords,AI-based Detection,63,30.383038303830386,2.985089557688556,87.5,33.59,Medium,1,Normal,-0.0246,
1986,Russia,2015,Phishing,Banking,4.59,720643,Unknown,Social Engineering,Firewall,19,4.59045904590459,72.09061307377192,26.38888888888889,29.2,Low,1,Normal,-0.0448,
1987,Germany,2015,Man-in-the-Middle,IT,54.54,775866,Insider,Weak Passwords,AI-based Detection,69,54.54545454545456,77.61492944924898,95.83333333333334,69.72,High,1,Normal,-0.0399,
1988,USA,2021,Phishing,Retail,95.86,671335,Hacker Group,Zero-day,Antivirus,62,95.86958695869588,67.15801267462625,86.11111111111111,85.3,High,1,Normal,-0.0321,
1989,USA,2017,DDoS,Banking,98.07,276199,Insider,Weak Passwords,Antivirus,28,98.07980798079808,27.62998494450474,38.88888888888889,65.11,Medium,1,Normal,-0.0398,
1990,UK,2015,Ransomware,IT,75.49,534962,Unknown,Weak Passwords,Encryption,59,75.4975497549755,53.51573324263356,81.94444444444444,70.19,High,1,Normal,-0.0856,
1991,UK,2022,Phishing,Telecommunications,62.8,758516,Hacker Group,Zero-day,VPN,16,62.80628062806281,75.8792959430192,22.22222222222222,58.61,Medium,1,Normal,-0.0958,
1992,Australia,2018,Phishing,Education,82.18,943662,Unknown,Weak Passwords,Antivirus,47,82.1882188218822,94.40065623952742,65.27777777777779,82.47,High,1,Normal,-0.0372,
1993,Germany,2019,Ransomware,Government,99.3,257068,Hacker Group,Social Engineering,AI-based Detection,17,99.30993099309931,25.716186408038933,23.61111111111111,62.09,Medium,1,Normal,-0.0189,
1994,USA,2015,DDoS,Education,66.04,75167,Insider,Unpatched Software,VPN,13,66.04660466046606,7.519444597278007,18.055555555555557,38.89,Medium,1,Normal,-0.0628,
1995,Germany,2017,SQL Injection,Retail,88.18,3200,Insider,Weak Passwords,AI-based Detection,43,88.1888188818882,0.3201168426475663,59.72222222222222,56.13,Medium,1,Normal,-0.016,
1996,Japan,2018,Ransomware,IT,60.82,917016,Unknown,Weak Passwords,VPN,39,60.82608260826083,91.73508330540648,54.16666666666666,68.77,High,1,Normal,-0.0928,
1997,UK,2020,SQL Injection,Banking,40.31,760892,Hacker Group,Zero-day,VPN,22,40.31403140314032,76.11698269868502,30.55555555555556,49.1,Medium,1,Normal,-0.1076,
1998,UK,2021,SQL Injection,Telecommunications,1.47,204624,Unknown,Unpatched Software,VPN,33,1.47014701470147,20.46987150309863,45.83333333333333,16.04,Low,1,Normal,-0.0069,
1999,India,2020,DDoS,Healthcare,16.65,324899,Insider,Unpatched Software,Firewall,57,16.65166516651665,32.50176314354739,79.16666666666666,33.91,Medium,1,Normal,-0.0729,
2000,Australia,2023,Ransomware,Government,96.44,472878,Unknown,Social Engineering,Firewall,37,96.44964496449646,47.30506634921746,51.388888888888886,72.69,High,1,Normal,-0.0679,
2001,France,2022,Malware,Retail,13.77,804221,Nation-state,Zero-day,Firewall,68,13.771377137713772,80.4514647846464,94.44444444444444,49.91,Medium,1,Normal,-0.0539,
2002,Russia,2023,Ransomware,Banking,54.09,514319,Hacker Group,Zero-day,Firewall,37,54.0954095409541,51.45067949801677,51.388888888888886,52.76,Medium,1,Normal,-0.1218,
2003,USA,2016,Man-in-the-Middle,Education,2.17,180599,Insider,Social Engineering,Antivirus,4,2.1702170217021703,18.066494270408697,5.555555555555555,7.62,Low,-1,Anomaly,0.0598,"Low financial_loss_million, Low affected_users, Low resolution_time_hours, Low risk_score"
2004,China,2017,SQL Injection,Retail,61.83,129677,Hacker Group,Unpatched Software,Firewall,60,61.83618361836184,12.972434938752643,83.33333333333334,51.48,Medium,1,Normal,-0.0867,
2005,USA,2016,Ransomware,Telecommunications,99.88,999508,Unknown,Unpatched Software,VPN,23,99.8899889988999,99.98729536280744,31.944444444444443,86.33,High,-1,Anomaly,0.0375,"High financial_loss_million, High affected_users, High risk_score"
2006,Australia,2019,SQL Injection,Healthcare,3.92,915247,Nation-state,Zero-day,Encryption,52,3.92039203920392,91.55811871333036,72.22222222222221,43.87,Medium,1,Normal,-0.0391,
2007,Japan,2015,Man-in-the-Middle,Education,50.99,685261,Nation-state,Unpatched Software,AI-based Detection,36,50.99509950995101,68.55112115922311,50.0,56.06,Medium,1,Normal,-0.1145,
2008,UK,2023,DDoS,Government,34.8,48515,Hacker Group,Social Engineering,Encryption,50,34.8034803480348,4.853271444077088,69.44444444444444,32.75,Low,1,Normal,-0.0564,
2009,China,2017,Man-in-the-Middle,Government,49.37,613786,Nation-state,Unpatched Software,Antivirus,24,49.37493749374938,61.401011369149735,33.33333333333333,49.77,Medium,1,Normal,-0.1135,
2010,Australia,2016,DDoS,Education,61.23,228033,Nation-state,Unpatched Software,Encryption,43,61.23612361236124,22.811626243578907,59.72222222222222,49.41,Medium,1,Normal,-0.1152,
2011,India,2019,SQL Injection,Education,95.54,862718,Hacker Group,Weak Passwords,Antivirus,44,95.54955495549557,86.30330070475723,61.11111111111112,85.89,High,1,Normal,-0.0272,
2012,Russia,2017,Ransomware,Healthcare,16.77,924837,Hacker Group,Unpatched Software,Firewall,62,16.771677167716774,92.5174688761398,86.11111111111111,53.36,Medium,1,Normal,-0.0451,
2013,Japan,2018,SQL Injection,Government,20.36,876850,Insider,Weak Passwords,AI-based Detection,8,20.362036203620363,87.71701671109955,11.11111111111111,38.72,Medium,1,Normal,-0.0339,
2014,Germany,2017,Phishing,Banking,10.56,556014,Nation-state,Unpatched Software,Encryption,11,10.561056105610565,55.62170192120124,15.27777777777778,25.02,Low,1,Normal,-0.0617,
2015,Brazil,2021,Phishing,Government,42.82,974362,Insider,Unpatched Software,Encryption,70,42.82428242824282,97.47177719867751,97.2222222222222,70.1,High,1,Normal,-0.0083,
2016,India,2017,Man-in-the-Middle,IT,68.68,725608,Insider,Zero-day,AI-based Detection,15,68.68686868686869,72.5872943624423,20.833333333333336,60.29,Medium,1,Normal,-0.0848,
2017,Russia,2019,Man-in-the-Middle,Education,6.79,386691,Nation-state,Weak Passwords,AI-based Detection,20,6.79067906790679,38.6832193750719,27.77777777777778,20.56,Low,1,Normal,-0.0655,
2018,India,2017,SQL Injection,Government,40.98,402855,Insider,Social Engineering,AI-based Detection,26,40.98409840984098,40.30020957649542,36.11111111111111,39.8,Medium,1,Normal,-0.1197,
2019,Japan,2018,Phishing,Healthcare,25.66,518357,Insider,Weak Passwords,Firewall,42,25.662566256625663,51.85462693883267,58.333333333333336,40.05,Medium,1,Normal,-0.1058,
2020,USA,2018,Phishing,Banking,29.35,724633,Hacker Group,Weak Passwords,Encryption,26,29.35293529352936,72.48975876194811,36.11111111111111,43.65,Medium,1,Normal,-0.0995,
2021,Germany,2015,Ransomware,IT,6.74,742272,Nation-state,Zero-day,Antivirus,64,6.740674067406741,74.25430282052949,88.88888888888889,43.42,Medium,1,Normal,-0.0387,
2022,Brazil,2024,Malware,IT,83.09,650093,Unknown,Social Engineering,Antivirus,58,83.09830983098311,65.03303705852636,80.55555555555556,77.17,High,1,Normal,-0.071,
2023,Japan,2021,Phishing,Banking,94.32,755165,Hacker Group,Social Engineering,Antivirus,28,94.32943294329432,75.54407358685921,38.88888888888889,77.61,High,1,Normal,-0.0625,
2024,UK,2021,DDoS,IT,67.12,581923,Hacker Group,Social Engineering,VPN,63,67.12671267126713,58.21354794499992,87.5,68.53,High,1,Normal,-0.0903,
2025,Australia,2024,Man-in-the-Middle,Retail,76.83,637189,Hacker Group,Unpatched Software,Antivirus,56,76.83768376837683,63.74216589055005,77.77777777777779,73.1,High,1,Normal,-0.0858,
2026,USA,2017,DDoS,Retail,70.37,513625,Nation-state,Weak Passwords,VPN,37,70.37703770377038,51.38125415776759,51.388888888888886,60.88,Medium,1,Normal,-0.1216,
2027,Germany,2024,Phishing,Government,22.46,499142,Nation-state,Unpatched Software,VPN,70,22.462246224622465,49.932425335247366,97.2222222222222,45.66,Medium,1,Normal,-0.0635,
2028,USA,2024,Phishing,Healthcare,17.64,8334,Unknown,Zero-day,Firewall,13,17.64176417641764,0.8337043020702557,18.055555555555557,12.68,Low,-1,Anomaly,0.0152,"Low financial_loss_million, Low affected_users, Low resolution_time_hours, Low risk_score"
2029,USA,2020,Phishing,Government,37.3,617277,Insider,Social Engineering,Antivirus,4,37.3037303730373,61.750238837175566,5.555555555555555,38.29,Medium,1,Normal,-0.0596,
2030,USA,2018,Man-in-the-Middle,Education,2.17,614662,Unknown,Weak Passwords,VPN,37,2.1702170217021703,61.48864335482451,51.388888888888886,29.81,Low,1,Normal,-0.0425,
2031,China,2024,DDoS,Banking,99.99,755185,Unknown,Weak Passwords,Encryption,20,100.0,75.54607431712576,27.77777777777778,78.22,High,1,Normal,-0.0342,
2032,Russia,2018,DDoS,IT,37.84,839882,Nation-state,Social Engineering,AI-based Detection,7,37.84378437843785,84.01886688641355,9.722222222222223,46.07,Medium,1,Normal,-0.0665,
2033,Russia,2021,Ransomware,Education,86.8,852965,Nation-state,Weak Passwords,Antivirus,39,86.80868086808681,85.32764459027545,54.16666666666666,79.84,High,1,Normal,-0.07,
2034,Brazil,2021,Man-in-the-Middle,Banking,3.69,566386,Insider,Unpatched Software,Encryption,45,3.690369036903691,56.659280637432666,62.5,31.34,Low,1,Normal,-0.0612,
2035,Japan,2017,Phishing,IT,73.85,402903,Insider,Zero-day,Encryption,55,73.85738573857385,40.305011329135134,76.38888888888889,64.3,Medium,1,Normal,-0.0983,
2036,UK,2018,DDoS,Retail,0.5,261266,Hacker Group,Weak Passwords,Firewall,63,0.5000500050005001,26.13613969098721,87.5,25.59,Low,1,Normal,-0.0028,
2037,France,2015,Malware,IT,91.94,899215,Hacker Group,Weak Passwords,Antivirus,59,91.94919491949194,89.95433333166606,81.94444444444444,89.35,High,1,Normal,-0.0087,
2038,China,2023,Man-in-the-Middle,Education,35.37,455900,Hacker Group,Zero-day,Antivirus,11,35.37353735373537,45.60664642594547,15.27777777777778,34.42,Medium,1,Normal,-0.0859,
2039,Japan,2023,SQL Injection,Government,69.61,391049,Unknown,Weak Passwords,Antivirus,35,69.61696169616962,39.11917850015256,48.61111111111111,56.27,Medium,1,Normal,-0.1249,
2040,France,2020,Ransomware,Government,81.53,694660,Unknown,Weak Passwords,Encryption,29,81.53815381538155,69.49136434798702,40.27777777777778,69.67,High,1,Normal,-0.1068,
2041,Germany,2020,DDoS,IT,63.96,650469,Unknown,Unpatched Software,Antivirus,58,63.96639663966397,65.07065078753746,80.55555555555556,67.62,High,1,Normal,-0.0865,
2042,USA,2020,SQL Injection,IT,68.17,247149,Nation-state,Unpatched Software,Antivirus,47,68.17681768176818,24.723924232344807,65.27777777777779,54.56,Medium,1,Normal,-0.1129,
2043,Japan,2019,DDoS,Education,15.54,645578,Insider,Weak Passwords,AI-based Detection,56,15.54155415541554,64.58137220085331,77.77777777777779,42.7,Medium,1,Normal,-0.0747,
2044,Germany,2019,SQL Injection,Government,67.05,848517,Unknown,Unpatched Software,Antivirus,16,67.05670567056707,84.88268217899532,22.22222222222222,63.44,Medium,1,Normal,-0.0852,
2045,France,2019,Malware,Healthcare,25.19,897755,Hacker Group,Social Engineering,Antivirus,61,25.192519251925194,89.80828002220811,84.72222222222221,56.48,Medium,1,Normal,-0.0741,
2046,USA,2023,Ransomware,Government,93.34,999635,Nation-state,Weak Passwords,Firewall,24,93.34933493349337,100.0,33.33333333333333,83.34,High,-1,Anomaly,0.001,"High financial_loss_million, High affected_users, High risk_score"
2047,Brazil,2017,Phishing,Government,87.27,767721,Unknown,Weak Passwords,Encryption,9,87.27872787278727,76.80013204819758,12.5,69.18,High,1,Normal,-0.0535,
2048,India,2019,Phishing,IT,33.15,629687,Unknown,Social Engineering,Firewall,53,33.15331533153316,62.991691967568165,73.61111111111111,50.2,Medium,1,Normal,-0.1031,
2049,India,2021,Phishing,Retail,38.5,517843,Unknown,Unpatched Software,VPN,69,38.5038503850385,51.80320817098241,95.83333333333334,53.96,Medium,1,Normal,-0.0652,
2050,Russia,2015,DDoS,Healthcare,20.92,807631,Nation-state,Weak Passwords,Firewall,56,20.922092209220924,80.79258929509271,77.77777777777779,50.25,Medium,1,Normal,-0.0871,
2051,France,2024,Phishing,Retail,98.95,354954,Nation-state,Social Engineering,AI-based Detection,14,98.95989598959896,35.508360551601335,19.444444444444446,64.02,Medium,1,Normal,-0.0278,
2052,Japan,2017,SQL Injection,Healthcare,54.26,839368,Insider,Unpatched Software,Antivirus,40,54.26542654265427,83.96744811856327,55.55555555555556,63.43,Medium,1,Normal,-0.1034,
2053,Australia,2018,DDoS,Healthcare,10.77,910081,Nation-state,Zero-day,VPN,28,10.77107710771077,91.0413300854812,38.88888888888889,40.48,Medium,1,Normal,-0.0511,
2054,USA,2024,Phishing,IT,87.42,979700,Hacker Group,Weak Passwords,Firewall,49,87.42874287428744,98.005772106819,68.05555555555556,86.73,High,1,Normal,-0.0067,
2055,China,2019,Man-in-the-Middle,Telecommunications,58.78,586131,Nation-state,Unpatched Software,Antivirus,68,58.78587858785879,58.63450159308148,94.44444444444444,65.87,Medium,1,Normal,-0.0681,
2056,Australia,2017,Phishing,Education,82.47,317988,Nation-state,Zero-day,Encryption,2,82.47824782478249,31.81041079994198,2.7777777777777777,51.34,Medium,1,Normal,-0.0222,
2057,India,2018,Ransomware,Government,43.11,11241,Hacker Group,Weak Passwords,VPN,4,43.11431143114312,1.1245104463129043,5.555555555555555,23.01,Low,-1,Anomaly,0.01,"Low affected_users, Low resolution_time_hours, Low risk_score"
2058,Brazil,2016,Phishing,Education,97.98,381599,Unknown,Weak Passwords,Encryption,66,97.989798979898,38.17383344920896,91.66666666666666,78.78,High,1,Normal,-0.003,
2059,USA,2016,SQL Injection,Education,16.5,347293,Nation-state,Unpatched Software,Firewall,65,16.5016501650165,34.7419808230004,90.2777777777778,36.73,Medium,1,Normal,-0.0607,
2060,UK,2023,Ransomware,IT,86.23,82321,Unknown,Zero-day,Firewall,47,86.23862386238625,8.235105813621972,65.27777777777779,58.65,Medium,1,Normal,-0.0571,
2061,Germany,2023,SQL Injection,Retail,49.76,460558,Nation-state,Zero-day,VPN,61,49.76497649764976,46.072616505024335,84.72222222222221,55.65,Medium,1,Normal,-0.0971,
2062,Germany,2022,Man-in-the-Middle,Telecommunications,62.83,828280,Hacker Group,Social Engineering,VPN,62,62.83628362836284,82.85824325878946,86.11111111111111,73.5,High,1,Normal,-0.0694,
2063,India,2020,Malware,Education,20.14,287352,Unknown,Zero-day,Firewall,69,20.142014201420142,28.74569217764484,95.83333333333334,37.86,Medium,1,Normal,-0.0476,
2064,Australia,2020,Ransomware,Government,25.9,946651,Insider,Unpatched Software,VPN,67,25.902590259025903,94.69966537786291,93.05555555555556,59.97,Medium,1,Normal,-0.0298,
2065,Japan,2017,Phishing,Education,88.43,954423,Unknown,Unpatched Software,Firewall,6,88.43884388438845,95.4771491594432,8.333333333333332,74.53,High,-1,Anomaly,0.0093,"High financial_loss_million, High affected_users, Low resolution_time_hours"
2066,Australia,2022,Ransomware,Banking,32.56,979382,Nation-state,Social Engineering,Antivirus,43,32.563256325632565,97.9739604955809,59.72222222222222,57.62,Medium,1,Normal,-0.0702,
2067,Brazil,2017,DDoS,Government,58.67,12372,Nation-state,Social Engineering,Encryption,29,58.67586758675868,1.2376517428861535,40.27777777777778,37.76,Medium,1,Normal,-0.0575,
2068,Japan,2017,Phishing,IT,6.49,195044,Unknown,Unpatched Software,AI-based Detection,20,6.490649064906491,19.51152170542248,27.77777777777778,14.65,Low,1,Normal,-0.0334,
2069,Japan,2019,Ransomware,Telecommunications,34.93,721984,Nation-state,Weak Passwords,VPN,44,34.93349334933494,72.22476203814392,61.11111111111112,51.36,Medium,1,Normal,-0.1035,
2070,UK,2022,DDoS,Education,71.55,654253,Insider,Weak Passwords,VPN,35,71.55715571557157,65.44918895396819,48.61111111111111,65.14,Medium,1,Normal,-0.1093,
2071,Brazil,2015,Malware,Healthcare,23.01,686119,Insider,Weak Passwords,VPN,25,23.01230123012301,68.636952487658,34.72222222222222,39.04,Medium,1,Normal,-0.0848,
2072,Australia,2017,Man-in-the-Middle,Healthcare,93.91,776634,Unknown,Weak Passwords,Encryption,33,93.91939193919391,77.6917574914844,45.83333333333333,79.43,High,1,Normal,-0.0714,
2073,India,2020,Ransomware,IT,41.09,698224,Insider,Unpatched Software,VPN,21,41.0941094109411,69.84789448148574,29.166666666666668,47.33,Medium,1,Normal,-0.1151,
2074,Germany,2023,Malware,Government,86.77,88821,Unknown,Zero-day,Antivirus,39,86.77867786778678,8.885343150249842,54.16666666666666,56.89,Medium,1,Normal,-0.0586,
2075,Russia,2022,Man-in-the-Middle,Banking,53.95,846546,Unknown,Unpatched Software,VPN,51,53.95539553955396,84.6855102112271,70.83333333333334,66.55,High,1,Normal,-0.0891,
2076,Brazil,2016,Man-in-the-Middle,Retail,14.04,117819,Nation-state,Zero-day,Antivirus,15,14.04140414041404,11.786201963716756,20.833333333333336,14.72,Low,1,Normal,-0.0218,
2077,Russia,2021,Man-in-the-Middle,IT,70.97,465446,Unknown,Unpatched Software,Encryption,51,70.97709770977097,46.561594982168494,70.83333333333334,63.62,Medium,1,Normal,-0.1135,
2078,Brazil,2015,Malware,Healthcare,75.72,184554,Unknown,Zero-day,AI-based Detection,39,75.72757275727572,18.462138680618427,54.16666666666666,54.24,Medium,1,Normal,-0.1011,
2079,USA,2022,Phishing,IT,48.71,520480,Insider,Weak Passwords,VPN,66,48.71487148714872,52.06700445662666,91.66666666666666,58.31,Medium,1,Normal,-0.0792,
2080,Brazil,2020,Malware,Government,50.61,294668,Nation-state,Social Engineering,Encryption,17,50.61506150615062,29.47755930914784,23.61111111111111,38.87,Medium,1,Normal,-0.0884,
2081,USA,2017,Man-in-the-Middle,Healthcare,54.54,892665,Insider,Unpatched Software,VPN,31,54.54545454545456,89.29909416937181,43.05555555555556,62.67,Medium,1,Normal,-0.0991,
2082,USA,2018,Ransomware,Healthcare,87.42,80926,Hacker Group,Unpatched Software,Antivirus,19,87.42874287428744,8.095554877530299,26.38888888888889,51.42,Medium,1,Normal,-0.0567,
2083,UK,2016,Ransomware,Education,80.77,884536,Insider,Zero-day,Encryption,34,80.77807780778078,88.48589735253367,47.22222222222222,76.38,High,1,Normal,-0.0711,
2084,Brazil,2015,SQL Injection,Healthcare,3.73,445422,Unknown,Unpatched Software,AI-based Detection,70,3.73037303730373,44.55846383930135,97.2222222222222,34.68,Medium,1,Normal,-0.0169,
2085,Russia,2020,Ransomware,Government,52.28,376628,Unknown,Zero-day,Firewall,30,52.28522852285229,37.67655194145864,41.66666666666667,45.78,Medium,1,Normal,-0.1083,
2086,Brazil,2016,Man-in-the-Middle,Banking,70.89,378949,Unknown,Weak Passwords,AI-based Detection,67,70.89708970897091,37.908736688891445,93.05555555555556,65.43,Medium,1,Normal,-0.0741,
2087,Japan,2023,Phishing,IT,35.27,26036,Hacker Group,Weak Passwords,VPN,71,35.27352735273528,2.604550660991261,98.61111111111111,38.14,Medium,1,Normal,-0.0084,
2088,USA,2020,DDoS,Government,40.98,191369,Insider,Unpatched Software,Firewall,65,40.98409840984098,19.14388751894441,90.2777777777778,44.29,Medium,1,Normal,-0.0599,
2089,India,2017,Phishing,IT,93.62,899005,Insider,Weak Passwords,AI-based Detection,61,93.62936293629365,89.93332566386731,84.72222222222221,90.74,High,1,Normal,-0.0012,
2090,France,2021,Man-in-the-Middle,Education,20.57,119348,Nation-state,Unpatched Software,Firewall,48,20.57205720572057,11.939157792594298,66.66666666666666,27.2,Low,1,Normal,-0.069,
2091,Japan,2017,Man-in-the-Middle,Telecommunications,21.8,610106,Unknown,Social Engineering,Encryption,39,21.802180218021803,61.03287700010503,54.16666666666666,40.04,Medium,1,Normal,-0.0939,
2092,USA,2015,SQL Injection,Education,28.19,239853,Insider,Unpatched Software,Encryption,64,28.192819281928195,23.994057831108357,88.88888888888889,39.07,Medium,1,Normal,-0.0718,
2093,Germany,2015,Ransomware,Telecommunications,99.83,419344,Hacker Group,Zero-day,Firewall,59,99.83998399839984,41.94971164475033,81.94444444444444,78.89,High,1,Normal,-0.0129,
2094,Germany,2023,SQL Injection,Healthcare,45.85,428415,Hacker Group,Zero-day,Antivirus,69,45.85458545854586,42.85714285714285,95.83333333333334,54.95,Medium,1,Normal,-0.0727,
2095,France,2021,Malware,Banking,47.14,169113,Insider,Weak Passwords,VPN,55,47.144714471447145,16.91747487833059,76.38888888888889,43.93,Medium,1,Normal,-0.0807,
2096,Russia,2015,Phishing,Government,24.06,867302,Unknown,Social Engineering,Firewall,55,24.062406240624064,86.76186808184988,76.38888888888889,53.34,Medium,1,Normal,-0.0688,
2097,France,2020,DDoS,IT,63.87,821848,Insider,Unpatched Software,Firewall,60,63.87638763876387,82.21480840506786,83.33333333333334,73.27,High,1,Normal,-0.0812,
2098,Australia,2020,Malware,Government,35.96,982719,Unknown,Social Engineering,Encryption,26,35.96359635963597,98.30778234055433,36.11111111111111,54.7,Medium,1,Normal,-0.0791,
2099,Japan,2015,DDoS,Education,76.22,769794,Nation-state,Zero-day,AI-based Detection,29,76.22762276227623,77.00750774032522,40.27777777777778,69.27,High,1,Normal,-0.1005,
2100,USA,2023,Phishing,IT,29.42,957199,Hacker Group,Social Engineering,AI-based Detection,49,29.422942294229426,95.75485052043996,68.05555555555556,57.05,Medium,1,Normal,-0.0706,
2101,Russia,2020,Ransomware,Education,65.73,431174,Unknown,Weak Passwords,Encryption,24,65.73657365736575,43.13314359741305,33.33333333333333,52.47,Medium,1,Normal,-0.1153,
2102,UK,2015,Ransomware,Education,44.39,483598,Insider,Zero-day,Antivirus,29,44.39443944394439,48.377457772086814,40.27777777777778,44.77,Medium,1,Normal,-0.1188,
2103,Japan,2020,Malware,IT,80.49,661385,Hacker Group,Zero-day,Encryption,26,80.4980498049805,66.16264936701897,36.11111111111111,67.32,High,1,Normal,-0.0961,
2104,UK,2018,Malware,Education,60.13,878362,Nation-state,Unpatched Software,Antivirus,57,60.13601360136014,87.86827191925053,79.16666666666666,72.26,High,1,Normal,-0.073,
2105,Australia,2020,Man-in-the-Middle,Healthcare,56.14,401178,Hacker Group,Unpatched Software,Encryption,43,56.14561456145615,40.13244834364544,59.72222222222222,52.06,Medium,1,Normal,-0.1273,
2106,India,2018,Ransomware,Healthcare,11.57,144533,Unknown,Social Engineering,Encryption,67,11.571157115711571,14.458577380743971,93.05555555555556,28.73,Low,1,Normal,-0.0029,
2107,USA,2017,Ransomware,Government,89.9,828963,Unknown,Zero-day,Firewall,2,89.90899089908993,82.92656819739204,2.7777777777777777,70.39,High,1,Normal,-0.0005,
2108,Russia,2018,Man-in-the-Middle,Government,63.82,554294,Unknown,Unpatched Software,AI-based Detection,42,63.82638263826384,55.44963911827817,58.333333333333336,60.21,Medium,1,Normal,-0.1312,
2109,UK,2019,Man-in-the-Middle,Banking,22.94,844953,Unknown,Weak Passwords,Antivirus,53,22.942294229422945,84.5261520454966,73.61111111111111,51.55,Medium,1,Normal,-0.0789,
2110,Brazil,2020,Phishing,IT,94.02,581813,Unknown,Social Engineering,Encryption,20,94.02940294029403,58.20254392853391,27.77777777777778,70.03,High,1,Normal,-0.0711,
2111,Japan,2017,Malware,Banking,9.76,122728,Unknown,Zero-day,AI-based Detection,7,9.76097609760976,12.277281207640788,9.722222222222223,10.51,Low,-1,Anomaly,0.0237,"Low financial_loss_million, Low affected_users, Low resolution_time_hours, Low risk_score"
2112,Japan,2020,DDoS,Education,39.33,267631,Hacker Group,Zero-day,AI-based Detection,12,39.33393339333933,26.772872098315887,16.666666666666664,31.03,Low,1,Normal,-0.0768,
2113,France,2019,SQL Injection,Retail,3.87,755230,Insider,Weak Passwords,AI-based Detection,31,3.870387038703871,75.55057596022549,43.05555555555556,33.21,Medium,1,Normal,-0.044,
2114,France,2018,Malware,Retail,80.37,339119,Unknown,Unpatched Software,Encryption,29,80.37803780378039,33.92428236306252,40.27777777777778,58.42,Medium,1,Normal,-0.1107,
2115,France,2015,SQL Injection,Government,14.72,540718,Insider,Zero-day,AI-based Detection,6,14.721472147214724,54.09154341334587,8.333333333333332,25.25,Low,1,Normal,-0.0415,
2116,France,2024,DDoS,Government,85.88,546017,Unknown,Social Engineering,Encryption,14,85.88858885888588,54.621636897467575,19.444444444444446,63.22,Medium,1,Normal,-0.0813,
2117,India,2024,SQL Injection,Retail,48.83,96083,Unknown,Weak Passwords,Firewall,17,48.83488348834884,9.611808310033162,23.61111111111111,32.02,Low,1,Normal,-0.0696,
2118,Australia,2019,Man-in-the-Middle,Retail,60.04,366318,Nation-state,Unpatched Software,VPN,35,60.04600460046005,36.64517548905351,48.61111111111111,50.74,Medium,1,Normal,-0.1243,
2119,China,2017,Malware,IT,86.98,510454,Nation-state,Zero-day,VPN,18,86.98869886988699,51.06403837400652,25.0,63.81,Medium,1,Normal,-0.0824,
2120,Germany,2023,Phishing,Government,12.62,68551,Nation-state,Weak Passwords,Firewall,55,12.62126212621262,6.857603025104162,76.38888888888889,23.65,Low,1,Normal,-0.0287,
2121,Russia,2024,Ransomware,Healthcare,63.74,83374,Insider,Zero-day,VPN,45,63.74637463746375,8.340444262155687,62.5,46.88,Medium,1,Normal,-0.0802,
2122,USA,2016,Man-in-the-Middle,Banking,20.44,981595,Nation-state,Weak Passwords,Encryption,56,20.442044204420444,98.19534129957437,77.77777777777779,55.24,Medium,1,Normal,-0.0531,
2123,France,2020,Phishing,Banking,13.38,934436,Unknown,Unpatched Software,Firewall,64,13.381338133813385,93.47771936756916,88.88888888888889,52.51,Medium,1,Normal,-0.0318,
2124,India,2020,Ransomware,Healthcare,79.48,461093,Hacker Group,Zero-day,Firewall,42,79.48794879487949,46.12613603965448,58.333333333333336,65.25,Medium,1,Normal,-0.1161,
2125,Japan,2019,SQL Injection,Retail,86.79,214195,Nation-state,Zero-day,Antivirus,54,86.7986798679868,21.42732097215484,75.0,64.83,Medium,1,Normal,-0.0714,
2126,Germany,2021,SQL Injection,Education,17.55,519698,Insider,Social Engineering,Encryption,30,17.551755175517552,51.98877590320466,41.66666666666667,32.71,Low,1,Normal,-0.085,
2127,Japan,2017,Man-in-the-Middle,Healthcare,16.71,393738,Nation-state,Zero-day,Antivirus,69,16.711671167116712,39.38817668448984,95.83333333333334,39.34,Medium,1,Normal,-0.0598,
2128,USA,2015,DDoS,Government,41.75,327171,Unknown,Unpatched Software,VPN,41,41.75417541754175,32.72904610182717,56.94444444444444,42.08,Medium,1,Normal,-0.1099,
2129,Japan,2022,DDoS,Telecommunications,94.79,534069,Nation-state,Social Engineering,Antivirus,6,94.7994799479948,53.42640063623223,8.333333333333332,65.09,Medium,1,Normal,-0.0316,
2130,France,2022,SQL Injection,Government,68.53,812679,Nation-state,Zero-day,Encryption,67,68.53685368536854,81.29757361436924,93.05555555555556,77.27,High,1,Normal,-0.0523,
2131,UK,2023,Malware,Education,23.86,552241,Hacker Group,Zero-day,Encryption,50,23.862386238623863,55.24426415641709,69.44444444444444,42.39,Medium,1,Normal,-0.0967,
2132,China,2020,SQL Injection,Banking,80.98,708357,Unknown,Weak Passwords,Antivirus,49,80.988098809881,70.86156447103193,68.05555555555556,75.36,High,1,Normal,-0.0874,
2133,USA,2018,Man-in-the-Middle,Government,51.41,491008,Hacker Group,Weak Passwords,Encryption,50,51.41514151415142,49.11872833584258,69.44444444444444,54.33,Medium,1,Normal,-0.1077,
2134,Germany,2016,Phishing,Telecommunications,99.98,761576,Insider,Unpatched Software,Antivirus,9,99.9899989999,76.18540767380094,12.5,75.35,High,1,Normal,-0.0019,
2135,India,2020,Ransomware,Government,12.64,10206,Hacker Group,Weak Passwords,Encryption,28,12.641264126412644,1.020972655019082,38.88888888888889,14.4,Low,-1,Anomaly,0.0029,"Low financial_loss_million, Low affected_users, Low risk_score"
2136,Australia,2021,SQL Injection,Banking,92.66,49085,Hacker Group,Weak Passwords,VPN,32,92.66926692669269,4.910292256673686,44.44444444444444,56.7,Medium,1,Normal,-0.0322,
2137,Brazil,2017,DDoS,Government,18.69,131940,Nation-state,Weak Passwords,Antivirus,34,18.69186918691869,13.198817568412473,47.22222222222222,22.75,Low,1,Normal,-0.0642,
2138,UK,2021,Phishing,IT,68.5,396839,Hacker Group,Zero-day,Encryption,60,68.50685068506851,39.69838991231799,83.33333333333334,62.83,Medium,1,Normal,-0.1034,
2139,Germany,2020,DDoS,Banking,76.53,46824,Hacker Group,Social Engineering,VPN,39,76.53765376537655,4.684109700040515,54.16666666666666,50.51,Medium,1,Normal,-0.0747,
2140,Russia,2019,DDoS,IT,71.22,705326,Hacker Group,Unpatched Software,Encryption,19,71.22712271227122,70.55835379913668,26.38888888888889,62.06,Medium,1,Normal,-0.0955,
2141,India,2015,Malware,Telecommunications,4.52,252949,Insider,Unpatched Software,Firewall,51,4.520452045204521,25.30413600964352,70.83333333333334,24.02,Low,1,Normal,-0.0481,
2142,Russia,2021,Phishing,Government,45.97,699825,Nation-state,Unpatched Software,Antivirus,60,45.97459745974597,70.00805293932285,83.33333333333334,60.66,Medium,1,Normal,-0.0916,
2143,Germany,2016,Man-in-the-Middle,Banking,3.57,882784,Insider,Weak Passwords,VPN,31,3.5703570357035703,88.31063338118413,43.05555555555556,36.89,Medium,1,Normal,-0.033,
2144,Australia,2022,DDoS,Education,92.06,721334,Insider,Social Engineering,VPN,31,92.06920692069208,72.15973830448114,43.05555555555556,76.29,High,1,Normal,-0.0731,
2145,Japan,2022,Malware,IT,71.15,840225,Unknown,Zero-day,Encryption,70,71.15711571157117,84.05317941048483,97.2222222222222,80.24,High,1,Normal,-0.0358,
2146,UK,2024,Ransomware,Telecommunications,9.74,118118,Unknown,Social Engineering,VPN,17,9.740974097409742,11.816112881201638,23.61111111111111,13.14,Low,1,Normal,-0.014,
2147,Japan,2016,Phishing,Education,30.42,272199,Nation-state,Zero-day,Antivirus,29,30.423042304230425,27.22983889119529,40.27777777777778,31.44,Low,1,Normal,-0.0911,
2148,UK,2016,Ransomware,Retail,59.44,964115,Nation-state,Unpatched Software,Firewall,48,59.44594459445944,96.446703046612,66.66666666666666,71.99,High,1,Normal,-0.0605,
2149,Brazil,2023,Man-in-the-Middle,Education,27.58,171936,Hacker Group,Weak Passwords,VPN,70,27.582758275827583,17.19987795545374,97.2222222222222,38.4,Medium,1,Normal,-0.0456,
2150,Japan,2022,Malware,Healthcare,73.26,841903,Unknown,Social Engineering,Firewall,7,73.26732673267328,84.22104067984814,9.722222222222223,63.84,Medium,1,Normal,-0.0513,
2151,Germany,2022,Man-in-the-Middle,Telecommunications,92.88,521871,Insider,Social Engineering,Encryption,6,92.88928892889288,52.20615524666504,8.333333333333332,63.77,Medium,1,Normal,-0.035,
2152,Germany,2024,Malware,Government,46.25,578427,Hacker Group,Weak Passwords,Encryption,16,46.25462546254626,57.86382029440746,22.22222222222222,44.93,Medium,1,Normal,-0.1018,
2153,France,2015,DDoS,Banking,51.64,538890,Nation-state,Zero-day,Antivirus,59,51.64516451645164,53.908676666983446,81.94444444444444,58.38,Medium,1,Normal,-0.102,
2154,Brazil,2022,DDoS,Telecommunications,79.5,789067,Hacker Group,Unpatched Software,Firewall,63,79.50795079507951,78.93551146168352,87.5,80.93,High,1,Normal,-0.0614,
2155,UK,2022,DDoS,IT,93.96,446331,Nation-state,Unpatched Software,AI-based Detection,17,93.96939693969398,44.64939702991592,23.61111111111111,65.1,Medium,1,Normal,-0.0629,
2156,France,2024,Ransomware,Government,52.85,927623,Nation-state,Weak Passwords,Firewall,29,52.85528552855286,92.79617060226984,40.27777777777778,62.32,Medium,1,Normal,-0.0979,
2157,Germany,2017,DDoS,Telecommunications,84.38,724629,Insider,Unpatched Software,AI-based Detection,18,84.38843884388439,72.4893586158948,25.0,68.94,High,1,Normal,-0.0805,
2158,France,2023,Ransomware,Education,54.26,21699,Insider,Weak Passwords,AI-based Detection,32,54.26542654265427,2.1706923026904823,44.44444444444444,36.67,Medium,1,Normal,-0.0573,
2159,Germany,2017,SQL Injection,Healthcare,12.56,135042,Nation-state,Weak Passwords,Antivirus,13,12.561256125612562,13.509130832753954,18.055555555555557,13.94,Low,1,Normal,-0.0167,
2160,China,2020,Malware,IT,95.17,884741,Nation-state,Zero-day,Antivirus,30,95.1795179517952,88.50640483776579,41.66666666666667,82.48,High,1,Normal,-0.041,
2161,Australia,2023,DDoS,IT,99.62,285609,Unknown,Weak Passwords,Firewall,46,99.62996299629964,28.57132853491525,63.888888888888886,71.16,High,1,Normal,-0.0293,
2162,UK,2021,Ransomware,Government,97.5,755692,Nation-state,Social Engineering,AI-based Detection,46,97.50975097509752,75.59679282938272,63.888888888888886,84.21,High,1,Normal,-0.0268,
2163,India,2023,SQL Injection,Telecommunications,80.14,241449,Unknown,Unpatched Software,Antivirus,27,80.14801480148014,24.153716106378827,37.5,54.82,Medium,1,Normal,-0.1076,
2164,Japan,2017,DDoS,IT,31.5,951607,Unknown,Zero-day,AI-based Detection,58,31.503150315031505,95.19544633791334,80.55555555555556,60.42,Medium,1,Normal,-0.0581,
2165,Japan,2018,Phishing,Government,32.93,774050,Hacker Group,Social Engineering,Firewall,40,32.93329332933293,77.43326314104648,55.55555555555556,50.81,Medium,1,Normal,-0.1078,
2166,Brazil,2018,Malware,Retail,83.42,538552,Hacker Group,Weak Passwords,AI-based Detection,65,83.42834283428343,53.8748643254788,90.2777777777778,75.93,High,1,Normal,-0.057,
2167,Australia,2021,DDoS,Retail,20.39,342951,Nation-state,Zero-day,Antivirus,72,20.392039203920397,34.307622282132975,100.0,40.49,Medium,1,Normal,-0.0435,
2168,China,2023,DDoS,Healthcare,92.58,974261,Hacker Group,Social Engineering,Firewall,20,92.5892589258926,97.46167351083145,27.77777777777778,81.09,High,1,Normal,-0.01,
2169,Brazil,2019,SQL Injection,Healthcare,91.03,86583,Unknown,Social Engineering,Firewall,47,91.03910391039103,8.661461433423199,65.27777777777779,61.17,Medium,1,Normal,-0.0479,
2170,Russia,2016,DDoS,Healthcare,90.94,326955,Nation-state,Zero-day,VPN,21,90.94909490949097,32.70743821494846,29.166666666666668,61.12,Medium,1,Normal,-0.086,
2171,Japan,2017,DDoS,Healthcare,54.41,344772,Hacker Group,Unpatched Software,AI-based Detection,5,54.41544154415442,34.48978877290211,6.944444444444445,38.94,Medium,1,Normal,-0.0575,
2172,Russia,2015,Man-in-the-Middle,IT,30.93,568075,Unknown,Weak Passwords,Encryption,22,30.93309330933093,56.828242308442576,30.55555555555556,38.63,Medium,1,Normal,-0.0933,
2173,China,2024,Ransomware,Government,24.43,693509,Nation-state,Unpatched Software,Firewall,70,24.432443244324435,69.37622232114722,97.2222222222222,52.47,Medium,1,Normal,-0.0547,
2174,India,2018,Malware,Government,25.53,505404,Insider,Zero-day,AI-based Detection,30,25.53255325532553,50.55885398170332,41.66666666666667,36.27,Medium,1,Normal,-0.0949,
2175,Germany,2024,Malware,IT,51.66,570159,Hacker Group,Unpatched Software,Antivirus,18,51.66516651665166,57.03671840221681,25.0,47.94,Medium,1,Normal,-0.1005,
2176,India,2020,DDoS,Telecommunications,18.18,208313,Hacker Group,Weak Passwords,Encryption,5,18.181818181818183,20.83890620076328,6.944444444444445,16.73,Low,1,Normal,-0.0152,
2177,Japan,2018,Phishing,Retail,2.73,916272,Nation-state,Zero-day,Antivirus,32,2.7302730273027302,91.66065613949092,44.44444444444444,37.75,Medium,1,Normal,-0.029,
2178,France,2015,Phishing,Banking,83.27,288526,Hacker Group,Unpatched Software,Encryption,66,83.27832783278328,28.86313504429117,91.66666666666666,68.63,High,1,Normal,-0.0517,
2179,Australia,2022,Malware,Government,54.17,892175,Insider,Zero-day,VPN,18,54.17541754175418,89.25007627784142,25.0,58.86,Medium,1,Normal,-0.0966,
2180,France,2021,Ransomware,Retail,76.83,189999,Hacker Group,Social Engineering,VPN,57,76.83768376837683,19.006837495685925,79.16666666666666,59.95,Medium,1,Normal,-0.0791,
2181,UK,2023,SQL Injection,Telecommunications,78.9,716114,Insider,Weak Passwords,Firewall,63,78.90789078907892,71.6375477049123,87.5,78.45,High,1,Normal,-0.067,
2182,France,2018,Ransomware,Education,32.5,414904,Nation-state,Unpatched Software,VPN,53,32.503250325032504,41.50554952557683,73.61111111111111,43.43,Medium,1,Normal,-0.1046,
2183,Germany,2019,SQL Injection,Banking,77.65,989592,Insider,Weak Passwords,Antivirus,49,77.65776577657768,98.99533329665329,68.05555555555556,82.14,High,1,Normal,-0.0293,
2184,Australia,2015,Phishing,Government,60.68,389782,Insider,Social Engineering,Firewall,45,60.68606860686069,38.99243223776679,62.5,54.54,Medium,1,Normal,-0.1196,
2185,Germany,2016,Malware,Healthcare,67.85,552427,Hacker Group,Zero-day,Encryption,58,67.85678567856786,55.26287094789598,80.55555555555556,66.62,High,1,Normal,-0.1019,
2186,Russia,2022,Ransomware,Retail,44.25,933418,Nation-state,Zero-day,Antivirus,15,44.25442544254425,93.3758821970019,20.833333333333336,54.31,Medium,1,Normal,-0.0798,
2187,India,2016,Man-in-the-Middle,Telecommunications,42.88,934333,Insider,Unpatched Software,Firewall,60,42.884288428842886,93.46741560669643,83.33333333333334,66.15,High,1,Normal,-0.0593,
2188,Russia,2018,Malware,Telecommunications,65.81,213558,Unknown,Unpatched Software,Antivirus,37,65.81658165816582,21.363597713165305,51.388888888888886,49.6,Medium,1,Normal,-0.1143,
2189,Russia,2024,DDoS,Telecommunications,41.37,271388,Nation-state,Unpatched Software,Encryption,36,41.37413741374137,27.148709278886795,50.0,38.83,Medium,1,Normal,-0.1071,
2190,Brazil,2024,DDoS,Government,88.79,482307,Hacker Group,Zero-day,Firewall,62,88.79887988798882,48.24831063338119,86.11111111111111,76.1,High,1,Normal,-0.0529,
2191,UK,2020,Man-in-the-Middle,Telecommunications,59.32,848419,Insider,Unpatched Software,VPN,27,59.32593259325933,84.87287860068925,37.5,62.62,Medium,1,Normal,-0.1055,
2192,Brazil,2019,DDoS,Government,54.7,615305,Insider,Zero-day,Antivirus,6,54.70547054705472,61.55296683289401,8.333333333333332,47.49,Medium,1,Normal,-0.0745,
2193,UK,2021,DDoS,Telecommunications,57.75,829827,Nation-state,Weak Passwords,Antivirus,48,57.75577557755776,83.01299974490689,66.66666666666666,67.12,High,1,Normal,-0.0956,
2194,China,2022,Man-in-the-Middle,Education,60.55,699194,Nation-state,Social Engineering,Encryption,45,60.55605560556055,69.94492989941328,62.5,63.76,Medium,1,Normal,-0.1056,
2195,France,2022,Malware,IT,6.51,82276,Insider,Zero-day,Firewall,26,6.510651065106512,8.230604170522241,36.11111111111111,12.95,Low,1,Normal,-0.0086,
2196,Russia,2024,Phishing,IT,47.56,234055,Unknown,Weak Passwords,VPN,64,47.56475647564757,23.414046126836297,88.88888888888889,48.58,Medium,1,Normal,-0.0767,
2197,India,2019,Phishing,IT,52.47,880546,Nation-state,Zero-day,VPN,39,52.47524752475248,88.0867516643575,54.16666666666666,63.5,Medium,1,Normal,-0.0985,
2198,China,2020,Phishing,Education,54.76,183678,Insider,Zero-day,AI-based Detection,59,54.76547654765477,18.37450669494365,81.94444444444444,49.28,Medium,1,Normal,-0.0843,
2199,China,2023,DDoS,Education,42.64,720850,Unknown,Social Engineering,VPN,17,42.644264426442646,72.1113206320307,23.61111111111111,47.68,Medium,1,Normal,-0.1018,
2200,Germany,2023,Phishing,Banking,39.53,339645,Unknown,Weak Passwords,AI-based Detection,2,39.53395339533954,33.97690156907271,2.7777777777777777,30.52,Low,1,Normal,-0.0362,
2201,Japan,2017,DDoS,Telecommunications,73.27,368351,Nation-state,Zero-day,Antivirus,48,73.27732773277327,36.84854972064804,66.66666666666666,61.03,Medium,1,Normal,-0.116,
2202,Australia,2024,DDoS,Banking,88.79,810930,Insider,Weak Passwords,AI-based Detection,30,88.79887988798882,81.12260975255968,41.66666666666667,77.07,High,1,Normal,-0.0764,
2203,France,2019,DDoS,IT,13.99,966010,Unknown,Weak Passwords,Encryption,20,13.991399139913993,96.63627223936736,27.77777777777778,41.54,Medium,1,Normal,-0.0365,
2204,Japan,2015,Man-in-the-Middle,Telecommunications,79.88,104759,Hacker Group,Zero-day,AI-based Detection,12,79.88798879887989,10.479725099661376,16.666666666666664,46.42,Medium,1,Normal,-0.0536,
2205,France,2017,Phishing,Banking,77.41,654122,Nation-state,Social Engineering,AI-based Detection,68,77.41774177417741,65.43608417072231,94.44444444444444,77.23,High,1,Normal,-0.0509,
2206,India,2020,SQL Injection,Telecommunications,87.44,731625,Nation-state,Zero-day,Antivirus,33,87.44874487448745,73.18921406313305,45.83333333333333,74.85,High,1,Normal,-0.0809,
2207,France,2020,Ransomware,Education,47.32,848222,Insider,Unpatched Software,VPN,16,47.32473247324733,84.85317140756376,22.22222222222222,53.56,Medium,1,Normal,-0.0924,
2208,India,2017,Man-in-the-Middle,Telecommunications,32.4,437554,Insider,Weak Passwords,Firewall,19,32.4032403240324,43.771376552441644,26.38888888888889,34.61,Medium,1,Normal,-0.1017,
2209,India,2023,Phishing,Retail,53.07,589348,Hacker Group,Social Engineering,Antivirus,4,53.07530753075308,58.956319056455605,5.555555555555555,45.34,Medium,1,Normal,-0.0604,
2210,Brazil,2024,Ransomware,Retail,68.95,322146,Hacker Group,Social Engineering,Encryption,70,68.95689568956897,32.226362622357165,97.2222222222222,63.59,Medium,1,Normal,-0.0572,
2211,India,2020,SQL Injection,Government,42.81,432917,Hacker Group,Unpatched Software,AI-based Detection,53,42.81428142814282,43.30750724014265,73.61111111111111,49.12,Medium,1,Normal,-0.1061,
2212,UK,2022,DDoS,IT,53.91,64163,Unknown,Weak Passwords,AI-based Detection,7,53.91539153915391,6.418642804623688,9.722222222222223,30.83,Low,1,Normal,-0.0375,
2213,France,2021,Phishing,Retail,45.67,95873,Unknown,Unpatched Software,Antivirus,50,45.67456745674568,9.590800642234417,69.44444444444444,39.6,Medium,1,Normal,-0.0875,
2214,Germany,2020,SQL Injection,Healthcare,62.61,205015,Nation-state,Unpatched Software,AI-based Detection,57,62.61626162616262,20.50898577980963,79.16666666666666,53.29,Medium,1,Normal,-0.0948,
2215,Germany,2020,SQL Injection,Telecommunications,27.52,488501,Nation-state,Social Engineering,Encryption,47,27.522752275227525,48.86793679693088,65.27777777777779,41.48,Medium,1,Normal,-0.1129,
2216,USA,2020,Ransomware,Retail,16.33,850758,Insider,Unpatched Software,Firewall,9,16.33163316331633,85.10686400536196,12.5,36.2,Medium,1,Normal,-0.0404,
2217,Brazil,2019,SQL Injection,Healthcare,67.42,703282,Insider,Weak Passwords,Encryption,2,67.42674267426743,70.35387916589555,2.7777777777777777,55.38,Medium,1,Normal,-0.0405,
2218,Germany,2015,SQL Injection,Government,87.71,1579,Unknown,Unpatched Software,Antivirus,55,87.71877187718772,0.1579576545439085,76.38888888888889,59.18,Medium,1,Normal,-0.007,
2219,Germany,2023,DDoS,IT,93.72,828721,Insider,Weak Passwords,Encryption,21,93.72937293729372,82.90235936116682,29.166666666666668,77.57,High,1,Normal,-0.0609,
2220,Germany,2017,Malware,Government,67.79,239402,Hacker Group,Zero-day,VPN,17,67.7967796779678,23.948941363597715,23.61111111111111,45.81,Medium,1,Normal,-0.0859,
2221,Russia,2024,DDoS,Education,54.4,891298,Insider,Social Engineering,AI-based Detection,60,54.40544054405441,89.16234425565331,83.33333333333334,70.62,High,1,Normal,-0.0656,
2222,Australia,2024,Man-in-the-Middle,Education,86.52,915463,Insider,Weak Passwords,Antivirus,2,86.52865286528653,91.57972660020909,2.7777777777777777,71.29,High,-1,Anomaly,0.0136,"High financial_loss_million, High affected_users, Low resolution_time_hours"
2223,India,2018,Malware,Education,99.09,395264,Unknown,Weak Passwords,Antivirus,5,99.09990999099912,39.5408324038274,6.944444444444445,62.8,Medium,-1,Anomaly,0.009,"High financial_loss_million, Low resolution_time_hours"
2224,China,2015,Man-in-the-Middle,Healthcare,66.13,946668,Hacker Group,Unpatched Software,Encryption,67,66.13661366136614,94.70136599858948,93.05555555555556,80.09,High,1,Normal,-0.0291,
2225,USA,2023,Malware,IT,52.54,201017,Insider,Unpatched Software,Encryption,17,52.54525452545254,20.109039799526823,23.61111111111111,37.03,Medium,1,Normal,-0.0821,
2226,Germany,2022,SQL Injection,IT,48.0,876383,Insider,Zero-day,Encryption,72,48.00480048004801,87.67029965937567,100.0,70.3,High,1,Normal,-0.0204,
2227,Australia,2022,Ransomware,Government,10.84,564944,Insider,Social Engineering,Antivirus,58,10.841084108410842,56.51502798521461,80.55555555555556,38.49,Medium,1,Normal,-0.0654,
2228,Russia,2023,Malware,IT,6.35,259573,Nation-state,Zero-day,Firewall,68,6.350635063506351,25.96677787392398,94.44444444444444,29.85,Low,1,Normal,-0.0127,
2229,Japan,2020,DDoS,Education,99.83,10859,Nation-state,Social Engineering,AI-based Detection,66,99.83998399839984,1.0862964982218508,91.66666666666666,68.58,High,-1,Anomaly,0.0388,"High financial_loss_million, Low affected_users, High resolution_time_hours"
2230,Russia,2020,DDoS,Government,41.45,496378,Insider,Unpatched Software,AI-based Detection,42,41.45414541454146,49.65592441241053,58.333333333333336,47.29,Medium,1,Normal,-0.123,
2231,UK,2019,Man-in-the-Middle,Education,29.92,937987,Hacker Group,Weak Passwords,VPN,45,29.92299229922993,93.83294902639464,62.5,55.61,Medium,1,Normal,-0.0832,
2232,India,2023,Ransomware,Education,9.32,182887,Hacker Group,Unpatched Software,Firewall,51,9.320932093209322,18.29537781290171,70.83333333333334,24.32,Low,1,Normal,-0.0443,
2233,France,2017,Man-in-the-Middle,Healthcare,34.43,927694,Insider,Social Engineering,VPN,43,34.433443344334435,92.80327319471608,59.72222222222222,57.0,Medium,1,Normal,-0.0879,
2234,Brazil,2021,Man-in-the-Middle,Banking,81.68,893986,Insider,Unpatched Software,Firewall,47,81.6881688168817,89.43124240347727,65.27777777777779,80.73,High,1,Normal,-0.0688,
2235,USA,2018,Phishing,Retail,36.85,852789,Hacker Group,Social Engineering,VPN,4,36.85368536853686,85.31003816392983,5.555555555555555,45.13,Medium,1,Normal,-0.0607,
2236,Brazil,2024,Man-in-the-Middle,Healthcare,26.92,695427,Nation-state,Zero-day,Encryption,28,26.92269226922693,69.5680923537091,38.88888888888889,42.11,Medium,1,Normal,-0.096,
2237,India,2019,DDoS,Banking,35.31,961173,Insider,Social Engineering,VPN,37,35.31353135313532,96.15239562440291,51.388888888888886,56.78,Medium,1,Normal,-0.0749,
2238,China,2018,Man-in-the-Middle,Healthcare,11.74,430760,Nation-state,Unpatched Software,Firewall,63,11.741174117411742,43.091728480895526,87.5,36.3,Medium,1,Normal,-0.0549,
2239,Germany,2016,Ransomware,Telecommunications,93.93,198764,Insider,Zero-day,Encryption,40,93.93939393939397,19.883657535000275,55.55555555555556,64.05,Medium,1,Normal,-0.0505,
2240,Brazil,2021,Malware,Banking,34.68,786462,Unknown,Weak Passwords,Firewall,17,34.68346834683469,78.67491634446573,23.61111111111111,45.67,Medium,1,Normal,-0.095,
2241,India,2020,Malware,IT,84.43,999542,Hacker Group,Social Engineering,Encryption,15,84.43844384438445,99.99069660426056,20.833333333333336,76.38,High,1,Normal,-0.0058,
2242,Australia,2022,Malware,Government,24.6,221315,Nation-state,Unpatched Software,VPN,53,24.60246024602461,22.139580947045676,73.61111111111111,33.67,Medium,1,Normal,-0.0867,
2243,Brazil,2018,SQL Injection,Education,52.7,861075,Hacker Group,Social Engineering,Encryption,7,52.705270527052704,86.13894071336038,9.722222222222223,54.14,Medium,1,Normal,-0.0626,
2244,Japan,2022,Phishing,Telecommunications,33.54,55209,Nation-state,Unpatched Software,VPN,11,33.54335433543355,5.522915864290466,15.27777777777778,21.48,Low,1,Normal,-0.019,
2245,India,2018,Phishing,Education,43.54,76479,Insider,Zero-day,Firewall,4,43.544354435443545,7.650692502763509,5.555555555555555,25.18,Low,1,Normal,-0.0241,
2246,Japan,2016,SQL Injection,Telecommunications,37.17,728731,Unknown,Weak Passwords,VPN,72,37.173717371737176,72.89970839356366,100.0,60.46,Medium,1,Normal,-0.0399,
2247,Japan,2017,SQL Injection,Education,36.37,161579,Nation-state,Zero-day,Firewall,15,36.37363736373637,16.163799786922226,20.833333333333336,27.2,Low,1,Normal,-0.0677,
2248,Germany,2019,SQL Injection,Government,56.53,362642,Unknown,Social Engineering,Encryption,19,56.53565356535653,36.27744126606211,26.38888888888889,44.43,Medium,1,Normal,-0.1079,
2249,Brazil,2017,DDoS,Education,29.76,913276,Insider,Social Engineering,Encryption,57,29.762976297629766,91.36094674556212,79.16666666666666,58.12,Medium,1,Normal,-0.0768,
2250,Brazil,2019,Phishing,Government,70.6,817268,Nation-state,Zero-day,VPN,1,70.6070607060706,81.75664117402852,1.3888888888888888,60.11,Medium,1,Normal,-0.0318,
2251,UK,2021,SQL Injection,IT,80.05,682480,Hacker Group,Zero-day,AI-based Detection,14,80.05800580058006,68.27291961565972,19.444444444444446,64.4,Medium,1,Normal,-0.0832,
2252,USA,2024,DDoS,Telecommunications,15.53,298385,Hacker Group,Unpatched Software,AI-based Detection,11,15.53155315531553,29.84939502918565,15.27777777777778,19.78,Low,1,Normal,-0.0491,
2253,China,2020,DDoS,Healthcare,6.32,682445,Nation-state,Social Engineering,Firewall,20,6.320632063206322,68.26941833769325,27.77777777777778,29.2,Low,1,Normal,-0.0608,
2254,India,2021,SQL Injection,Government,18.26,78277,Hacker Group,Weak Passwords,Firewall,51,18.261826182618265,7.83055815372611,70.83333333333334,25.65,Low,1,Normal,-0.0561,
2255,India,2023,Man-in-the-Middle,IT,90.85,985267,Hacker Group,Unpatched Software,Firewall,48,90.85908590859086,98.56267537651244,66.66666666666666,88.33,High,-1,Anomaly,0.0058,"High financial_loss_million, High affected_users, High risk_score"
2256,Japan,2016,Man-in-the-Middle,Healthcare,2.59,603982,Hacker Group,Social Engineering,Firewall,18,2.59025902590259,60.420253392488256,25.0,24.42,Low,1,Normal,-0.034,
2257,Japan,2021,DDoS,Banking,74.26,81354,Insider,Weak Passwords,Firewall,6,74.26742674267427,8.13837050523441,8.333333333333332,41.24,Medium,1,Normal,-0.0397,
2258,France,2021,Phishing,Education,78.99,542754,Insider,Zero-day,VPN,42,78.997899789979,54.29521775448038,58.333333333333336,67.45,High,1,Normal,-0.1135,
2259,Australia,2020,Phishing,Education,85.79,905386,Hacker Group,Zero-day,Firewall,17,85.79857985798581,90.57165865540922,23.61111111111111,74.79,High,1,Normal,-0.0516,
2260,UK,2021,Phishing,Banking,88.38,281387,Hacker Group,Social Engineering,Firewall,55,88.38883888388838,28.14897437564711,76.38888888888889,67.92,High,1,Normal,-0.0699,
2261,France,2015,Malware,Banking,30.15,205850,Insider,Unpatched Software,Firewall,72,30.15301530153015,20.59251626843798,100.0,41.25,Medium,1,Normal,-0.0451,
2262,Germany,2024,Malware,Telecommunications,70.44,998028,Hacker Group,Unpatched Software,Encryption,59,70.44704470447046,99.83924132308292,81.94444444444444,81.56,High,1,Normal,-0.0265,
2263,China,2015,Malware,IT,20.63,780527,Hacker Group,Zero-day,Antivirus,68,20.632063206320638,78.08119963786783,94.44444444444444,52.63,Medium,1,Normal,-0.0619,
2264,USA,2020,Ransomware,Telecommunications,56.37,667436,Insider,Social Engineering,AI-based Detection,11,56.37563756375638,66.76797030916285,15.27777777777778,51.27,Medium,1,Normal,-0.0898,
2265,Japan,2022,Ransomware,Retail,71.26,440529,Insider,Weak Passwords,Encryption,20,71.26712671267128,44.06898517959056,27.77777777777778,54.41,Medium,1,Normal,-0.1063,
2266,China,2023,Man-in-the-Middle,Banking,3.47,194670,Nation-state,Social Engineering,Firewall,29,3.4703470347034706,19.474108049438044,40.27777777777778,15.63,Low,1,Normal,-0.02,
2267,USA,2023,DDoS,Banking,53.59,750875,Nation-state,Weak Passwords,Encryption,30,53.595359535953605,75.11491694468481,41.66666666666667,57.67,Medium,1,Normal,-0.1159,
2268,China,2020,Phishing,Retail,75.95,970373,Unknown,Social Engineering,AI-based Detection,58,75.95759575957597,97.07273154701466,80.55555555555556,83.21,High,1,Normal,-0.0292,
2269,France,2024,Phishing,Retail,44.98,827399,Nation-state,Weak Passwords,AI-based Detection,25,44.984498449844985,82.77011109054804,34.72222222222222,54.27,Medium,1,Normal,-0.1089,
2270,UK,2018,Man-in-the-Middle,Education,81.01,416149,Insider,Unpatched Software,Antivirus,56,81.01810181018104,41.630094984669405,77.77777777777779,68.55,High,1,Normal,-0.0975,
2271,Germany,2015,Ransomware,IT,51.11,506625,Insider,Weak Passwords,VPN,41,51.11511151115111,50.68099856447604,56.94444444444444,52.15,Medium,1,Normal,-0.1226,
2272,USA,2018,Phishing,Government,38.83,333027,Hacker Group,Zero-day,VPN,19,38.83388338833883,33.31485992387221,26.38888888888889,34.69,Medium,1,Normal,-0.0967,
2273,USA,2021,SQL Injection,Telecommunications,89.93,982269,Insider,Unpatched Software,Antivirus,51,89.93899389938996,98.262765909557,70.83333333333334,88.61,High,-1,Anomaly,0.0048,"High financial_loss_million, High affected_users, High risk_score"
2274,Brazil,2024,Malware,Government,78.97,724903,Unknown,Weak Passwords,Encryption,53,78.97789778977898,72.5167686205465,73.61111111111111,75.97,High,1,Normal,-0.0788,
2275,Russia,2024,DDoS,Education,26.82,156823,Hacker Group,Social Engineering,VPN,1,26.82268226822682,15.68802612953728,1.3888888888888888,18.4,Low,-1,Anomaly,0.0199,"Low affected_users, Low resolution_time_hours, Low risk_score"
2276,China,2017,DDoS,Education,56.73,244753,Insider,Zero-day,VPN,45,56.735673567356734,24.48423674641244,62.5,48.21,Medium,1,Normal,-0.1105,
2277,Russia,2022,Malware,Retail,71.15,258554,Unknown,Social Engineering,AI-based Detection,72,71.15711571157117,25.8648406668434,100.0,63.34,Medium,1,Normal,-0.0556,
2278,Australia,2020,Ransomware,Telecommunications,97.9,139407,Insider,Unpatched Software,Antivirus,41,97.90979097909792,13.9457902134279,56.94444444444444,64.53,Medium,1,Normal,-0.0256,
2279,France,2023,Phishing,Education,5.8,206203,Hacker Group,Social Engineering,Encryption,7,5.8005800580058,20.627829157642537,9.722222222222223,11.03,Low,-1,Anomaly,0.0196,"Low financial_loss_million, Low affected_users, Low resolution_time_hours, Low risk_score"
2280,UK,2016,SQL Injection,Government,69.55,55635,Unknown,Weak Passwords,Encryption,13,69.55695569556956,5.565531418967924,18.055555555555557,40.06,Medium,1,Normal,-0.0558,
2281,Germany,2021,Ransomware,Education,11.42,55683,Hacker Group,Unpatched Software,AI-based Detection,19,11.421142114211422,5.570333171607636,26.38888888888889,12.66,Low,1,Normal,-0.0065,
2282,India,2023,Phishing,Banking,87.62,210006,Nation-state,Social Engineering,VPN,27,87.62876287628764,21.008268017826506,37.5,57.62,Medium,1,Normal,-0.0786,
2283,Russia,2015,Man-in-the-Middle,Education,98.58,816455,Unknown,Unpatched Software,AI-based Detection,40,98.5898589858986,81.67531148869337,55.55555555555556,84.91,High,1,Normal,-0.0222,
2284,UK,2020,SQL Injection,IT,87.48,53147,Nation-state,Social Engineering,Antivirus,9,87.4887488748875,5.31664057380944,12.5,47.84,Medium,1,Normal,-0.0152,
2285,UK,2018,SQL Injection,Telecommunications,80.96,583514,Hacker Group,Zero-day,VPN,54,80.96809680968097,58.37270603770376,75.0,73.0,High,1,Normal,-0.0931,
2286,UK,2022,Ransomware,Government,85.43,688150,Unknown,Weak Passwords,Firewall,58,85.43854385438546,68.84012664622587,80.55555555555556,79.48,High,1,Normal,-0.0706,
2287,Japan,2023,Phishing,Government,3.54,809443,Insider,Weak Passwords,VPN,59,3.5403540354035403,80.9738554572419,81.94444444444444,42.45,Medium,1,Normal,-0.0453,
2288,Japan,2024,Malware,Government,34.03,78149,Nation-state,Weak Passwords,Encryption,30,34.03340334033403,7.817753480020208,41.66666666666667,27.7,Low,1,Normal,-0.0656,
2289,Australia,2018,DDoS,Banking,64.29,113775,Insider,Weak Passwords,AI-based Detection,14,64.2964296429643,11.381654303820897,19.444444444444446,39.45,Medium,1,Normal,-0.0704,
2290,India,2021,Ransomware,Banking,54.97,798498,Nation-state,Zero-day,VPN,54,54.97549754975498,79.87895581887389,75.0,66.45,High,1,Normal,-0.0992,
2291,Brazil,2016,Phishing,Education,97.45,267789,Insider,Weak Passwords,Encryption,26,97.45974597459748,26.788677867421605,36.11111111111111,63.99,Medium,1,Normal,-0.0537,
2292,UK,2023,SQL Injection,Telecommunications,30.19,833840,Insider,Unpatched Software,Antivirus,6,30.1930193019302,83.4144462728896,8.333333333333332,41.79,Medium,1,Normal,-0.0476,
2293,USA,2018,DDoS,Banking,6.61,646433,Insider,Social Engineering,Firewall,37,6.610661066106611,64.66690341974821,51.388888888888886,32.98,Low,1,Normal,-0.0645,
2294,Brazil,2017,Man-in-the-Middle,Government,68.03,403770,Hacker Group,Weak Passwords,Encryption,22,68.03680368036804,40.39174298618996,30.55555555555556,52.25,Medium,1,Normal,-0.1104,
2295,Germany,2018,SQL Injection,Retail,75.63,814701,Hacker Group,Social Engineering,Antivirus,63,75.63756375637564,81.49984744431717,87.5,79.77,High,1,Normal,-0.0663,
2296,China,2019,Ransomware,IT,72.29,666683,Hacker Group,Zero-day,Encryption,34,72.29722972297232,66.69264281462733,47.22222222222222,65.6,Medium,1,Normal,-0.1031,
2297,Germany,2016,DDoS,Banking,44.17,236438,Hacker Group,Weak Passwords,Antivirus,24,44.17441744174418,23.652433138095404,33.33333333333333,35.85,Medium,1,Normal,-0.0999,
2298,Russia,2020,DDoS,Education,60.94,798113,Insider,Social Engineering,Antivirus,23,60.94609460946094,79.84044176124286,31.944444444444443,60.81,Medium,1,Normal,-0.0958,
2299,Germany,2021,Malware,Healthcare,23.34,518982,Hacker Group,Weak Passwords,VPN,20,23.342334233423344,51.91714975966227,27.77777777777778,32.8,Low,1,Normal,-0.088,
2300,Germany,2015,DDoS,IT,76.99,252225,Unknown,Unpatched Software,Antivirus,67,76.997699769977,25.23170957399451,93.05555555555556,64.68,Medium,1,Normal,-0.0635,
2301,USA,2017,SQL Injection,Government,60.66,5346,Unknown,Zero-day,Antivirus,69,60.66606660666066,0.5347952002480906,95.83333333333334,49.66,Medium,1,Normal,-0.0121,
2302,China,2017,DDoS,Retail,19.36,4814,Unknown,Social Engineering,AI-based Detection,42,19.36193619361936,0.4815757751579326,58.333333333333336,21.49,Low,1,Normal,-0.0222,
2303,Brazil,2021,SQL Injection,Banking,50.61,772512,Hacker Group,Weak Passwords,Encryption,42,50.61506150615062,77.279406983549,58.333333333333336,60.16,Medium,1,Normal,-0.1195,
2304,Australia,2023,Phishing,Education,81.81,16360,Nation-state,Unpatched Software,AI-based Detection,37,81.81818181818183,1.6365973580356832,51.388888888888886,51.68,Medium,1,Normal,-0.0491,
2305,India,2024,Phishing,Telecommunications,38.68,224143,Nation-state,Social Engineering,Antivirus,60,38.68386838683869,22.422484206735454,83.33333333333334,42.74,Medium,1,Normal,-0.0873,
2306,Russia,2023,SQL Injection,IT,52.35,743325,Insider,Weak Passwords,VPN,9,52.35523552355236,74.3596412690632,12.5,50.99,Medium,1,Normal,-0.0787,
2307,France,2019,Phishing,Education,81.47,597542,Unknown,Weak Passwords,VPN,11,81.47814781478148,59.77601824666004,15.27777777777778,61.73,Medium,1,Normal,-0.0902,
2308,Russia,2024,Malware,Education,55.15,913591,Hacker Group,Zero-day,AI-based Detection,51,55.15551555155516,91.39245824726024,70.83333333333334,69.16,High,1,Normal,-0.088,
2309,Japan,2023,SQL Injection,IT,8.24,183702,Nation-state,Zero-day,VPN,57,8.240824082408242,18.376907571263512,79.16666666666666,25.47,Low,1,Normal,-0.0293,
2310,China,2024,Ransomware,Healthcare,42.26,685837,Insider,Social Engineering,VPN,68,42.26422642264227,68.60874219089968,94.44444444444444,60.6,Medium,1,Normal,-0.0659,
2311,India,2015,Phishing,Healthcare,28.6,690500,Hacker Group,Weak Passwords,Encryption,11,28.6028602860286,69.07521245254517,15.27777777777778,38.08,Medium,1,Normal,-0.0758,
2312,India,2016,SQL Injection,Banking,4.31,520308,Insider,Zero-day,VPN,39,4.310431043104311,52.04979817633436,54.16666666666666,28.6,Low,1,Normal,-0.0666,
2313,India,2020,Phishing,Education,17.43,84643,Nation-state,Unpatched Software,Antivirus,53,17.431743174317432,8.467390597568112,73.61111111111111,25.98,Low,1,Normal,-0.0546,
2314,France,2023,Malware,Healthcare,85.28,762282,Hacker Group,Social Engineering,Firewall,11,85.28852885288529,76.25603345221006,15.27777777777778,68.58,High,1,Normal,-0.0611,
2315,France,2022,Malware,Education,70.46,427144,Unknown,Social Engineering,Firewall,42,70.46704670467047,42.72999644870378,58.333333333333336,59.72,Medium,1,Normal,-0.1261,
2316,Russia,2018,Man-in-the-Middle,Banking,86.87,800683,Nation-state,Unpatched Software,Firewall,57,86.87868786878688,80.09753560049418,79.16666666666666,83.3,High,1,Normal,-0.0597,
2317,Japan,2024,Man-in-the-Middle,Education,46.39,662101,Insider,Social Engineering,VPN,7,46.3946394639464,66.23427551056136,9.722222222222223,45.01,Medium,1,Normal,-0.0826,
2318,Australia,2016,Malware,IT,30.72,977343,Hacker Group,Weak Passwords,VPN,47,30.723072307230726,97.7699860449064,65.27777777777779,57.75,Medium,1,Normal,-0.0702,
2319,India,2021,Ransomware,Education,86.73,534013,Unknown,Unpatched Software,Firewall,49,86.73867386738675,53.4207985914859,68.05555555555556,73.01,High,1,Normal,-0.0905,
2320,China,2024,SQL Injection,Education,18.45,947933,Insider,Social Engineering,Antivirus,10,18.45184518451845,94.8279121879486,13.88888888888889,40.45,Medium,1,Normal,-0.0272,
2321,Australia,2017,Malware,Retail,9.25,692167,Unknown,Weak Passwords,Encryption,70,9.250925092509252,69.24197332026189,97.2222222222222,44.84,Medium,1,Normal,-0.0462,
2322,Japan,2023,Malware,IT,23.16,320277,Unknown,Weak Passwords,Encryption,69,23.16231623162317,32.03939437894832,95.83333333333334,40.36,Medium,1,Normal,-0.0474,
2323,Japan,2017,Ransomware,Retail,49.75,163062,Unknown,Unpatched Software,AI-based Detection,43,49.75497549754976,16.312153936186707,59.72222222222222,41.72,Medium,1,Normal,-0.1006,
2324,Australia,2017,Malware,Banking,25.76,801821,Unknown,Weak Passwords,AI-based Detection,18,25.762576257625764,80.21137715266072,25.0,41.94,Medium,1,Normal,-0.0825,
2325,China,2016,Ransomware,Government,72.25,860664,Unknown,Zero-day,Firewall,10,72.25722572257226,86.09782570638282,13.88888888888889,64.74,Medium,1,Normal,-0.0637,
2326,Japan,2018,Man-in-the-Middle,Education,20.85,511823,Insider,Zero-day,AI-based Detection,43,20.85208520852085,51.20098836075167,59.72222222222222,37.73,Medium,1,Normal,-0.1014,
2327,Germany,2024,Man-in-the-Middle,IT,93.13,952299,Unknown,Weak Passwords,VPN,33,93.13931393139316,95.26467160513587,45.83333333333333,84.32,High,1,Normal,-0.0198,
2328,India,2018,Phishing,Education,5.27,982450,Unknown,Weak Passwords,Firewall,32,5.270527052705271,98.28087251846924,44.44444444444444,41.01,Medium,1,Normal,-0.0257,
2329,Australia,2024,DDoS,Retail,28.16,411083,Unknown,Weak Passwords,Firewall,30,28.162816281628167,41.12331000815298,41.66666666666667,34.75,Medium,1,Normal,-0.1046,
2330,USA,2019,Man-in-the-Middle,Government,17.59,43140,Insider,Social Engineering,AI-based Detection,28,17.59175917591759,4.315575184942504,38.88888888888889,17.87,Low,1,Normal,-0.0234,
2331,UK,2018,Malware,Education,51.59,935465,Nation-state,Weak Passwords,AI-based Detection,28,51.59515951595161,93.58065693978304,38.88888888888889,61.65,Medium,1,Normal,-0.0952,
2332,Germany,2018,DDoS,Banking,81.34,52799,Insider,Zero-day,AI-based Detection,38,81.34813481348135,5.2818278671715175,52.77777777777778,52.81,Medium,1,Normal,-0.0672,
2333,China,2020,SQL Injection,Telecommunications,70.02,688312,Nation-state,Unpatched Software,VPN,48,70.02700270027003,68.8563325613849,66.66666666666666,69.0,High,1,Normal,-0.1026,
2334,France,2024,Phishing,Government,5.18,219162,Hacker Group,Unpatched Software,Encryption,23,5.18051805180518,21.924202333851856,31.944444444444443,15.56,Low,1,Normal,-0.0221,
2335,UK,2017,Man-in-the-Middle,Telecommunications,60.01,740448,Hacker Group,Weak Passwords,Encryption,26,60.01600160016002,74.07183622022038,36.11111111111111,59.45,Medium,1,Normal,-0.1097,
2336,France,2016,Ransomware,Banking,62.73,596776,Nation-state,Zero-day,Firewall,17,62.736273627362735,59.69939027745127,23.61111111111111,54.0,Medium,1,Normal,-0.0981,
2337,Australia,2022,SQL Injection,Telecommunications,56.2,571454,Insider,Weak Passwords,VPN,42,56.20562056205621,57.16626568697575,58.333333333333336,56.92,Medium,1,Normal,-0.1257,
2338,Russia,2020,DDoS,Government,72.59,787260,Insider,Weak Passwords,Firewall,15,72.5972597259726,78.75474548210096,20.833333333333336,64.09,Medium,1,Normal,-0.0813,
2339,UK,2018,Malware,Healthcare,19.79,805745,Insider,Weak Passwords,Firewall,7,19.791979197919797,80.6039204309573,9.722222222222223,36.02,Medium,1,Normal,-0.0437,
2340,Russia,2020,SQL Injection,Telecommunications,35.02,377194,Unknown,Weak Passwords,Firewall,50,35.02350235023503,37.73317260800192,69.44444444444444,42.72,Medium,1,Normal,-0.1054,
2341,China,2023,Malware,Education,37.07,417554,Insider,Unpatched Software,Antivirus,35,37.07370737073708,41.77064628589435,48.61111111111111,40.79,Medium,1,Normal,-0.1183,
2342,China,2019,SQL Injection,Government,65.85,252025,Hacker Group,Zero-day,Encryption,60,65.85658565856586,25.211702271329035,83.33333333333334,57.16,Medium,1,Normal,-0.1017,
2343,India,2015,Ransomware,Education,96.03,898251,Hacker Group,Weak Passwords,Antivirus,70,96.03960396039604,89.85789813281848,97.2222222222222,94.42,High,-1,Anomaly,0.0388,"High financial_loss_million, High affected_users, High resolution_time_hours, High risk_score"
2344,Brazil,2015,Man-in-the-Middle,Banking,74.27,551388,Unknown,Unpatched Software,Encryption,51,74.27742774277428,55.15893301054885,70.83333333333334,67.85,High,1,Normal,-0.1093,
2345,India,2017,DDoS,Banking,45.98,538245,Hacker Group,Weak Passwords,AI-based Detection,18,45.984598459845984,53.844153115887295,25.0,44.15,Medium,1,Normal,-0.0981,
2346,India,2021,Malware,Telecommunications,50.97,838461,Nation-state,Zero-day,AI-based Detection,6,50.97509750975098,83.87671500097535,8.333333333333332,52.32,Medium,1,Normal,-0.0593,
2347,Brazil,2020,SQL Injection,Banking,68.05,912770,Unknown,Zero-day,AI-based Detection,67,68.05680568056806,91.31032826981848,93.05555555555556,80.03,High,1,Normal,-0.0418,
2348,India,2021,DDoS,Education,95.95,62194,Nation-state,Zero-day,AI-based Detection,12,95.95959595959596,6.221670909882107,16.666666666666664,53.18,Medium,1,Normal,-0.0096,
2349,UK,2023,Man-in-the-Middle,Banking,15.01,416522,Insider,Social Engineering,VPN,63,15.011501150115013,41.66740860414051,87.5,37.51,Medium,1,Normal,-0.0657,
2350,UK,2021,DDoS,IT,70.49,530341,Insider,Social Engineering,VPN,40,70.4970497049705,53.05346451454781,55.55555555555556,62.28,Medium,1,Normal,-0.1294,
2351,Japan,2022,Ransomware,IT,73.1,346939,Insider,Weak Passwords,VPN,21,73.1073107310731,34.70656789728251,29.166666666666668,52.8,Medium,1,Normal,-0.1134,
2352,Russia,2021,Phishing,Banking,78.45,56333,Unknown,Social Engineering,VPN,8,78.45784578457847,5.635356905270424,11.11111111111111,43.14,Medium,1,Normal,-0.0336,
2353,Germany,2018,Ransomware,IT,27.51,644913,Unknown,Weak Passwords,VPN,32,27.51275127512752,64.51484791949062,44.44444444444444,42.0,Medium,1,Normal,-0.0973,
2354,Japan,2017,SQL Injection,Banking,18.01,295917,Unknown,Weak Passwords,VPN,57,18.011801180118013,29.602504914293718,79.16666666666666,33.72,Medium,1,Normal,-0.0762,
2355,India,2020,Malware,Healthcare,20.62,54206,Insider,Unpatched Software,VPN,51,20.622062206220622,5.42257924142312,70.83333333333334,26.1,Low,1,Normal,-0.047,
2356,India,2018,DDoS,Telecommunications,47.5,423071,Unknown,Unpatched Software,Antivirus,69,47.50475047504751,42.32254772992143,95.83333333333334,55.62,Medium,1,Normal,-0.069,
2357,Australia,2021,Man-in-the-Middle,Healthcare,17.62,687020,Unknown,Weak Passwords,Antivirus,48,17.621762176217622,68.72708538616595,66.66666666666666,42.76,Medium,1,Normal,-0.0864,
2358,USA,2020,Ransomware,Education,77.09,550317,Insider,Weak Passwords,Encryption,63,77.0977097709771,55.051793904775245,87.5,72.56,High,1,Normal,-0.0769,
2359,Germany,2021,Phishing,Banking,48.0,170032,Nation-state,Social Engineering,Encryption,24,48.00480048004801,17.009408434078438,33.33333333333333,35.77,Medium,1,Normal,-0.0861,
2360,China,2020,SQL Injection,Healthcare,11.55,388591,Unknown,Zero-day,Antivirus,68,11.551155115511552,38.87328875039389,94.44444444444444,36.33,Medium,1,Normal,-0.0425,
2361,India,2023,DDoS,Healthcare,2.27,438318,Hacker Group,Unpatched Software,AI-based Detection,39,2.2702270227022705,43.84780444862375,54.16666666666666,25.12,Low,1,Normal,-0.0377,
2362,India,2018,DDoS,Education,1.71,63389,Insider,Unpatched Software,VPN,20,1.7101710171017102,6.341214543308308,27.77777777777778,8.31,Low,-1,Anomaly,0.0293,"Low financial_loss_million, Low affected_users, Low risk_score"
2363,USA,2015,Man-in-the-Middle,Retail,95.66,377602,Nation-state,Zero-day,Firewall,15,95.66956695669568,37.773987505439486,20.833333333333336,63.33,Medium,1,Normal,-0.0593,
2364,France,2021,SQL Injection,Government,42.75,467551,Unknown,Unpatched Software,Encryption,61,42.75427542754275,46.77217184272259,84.72222222222221,52.35,Medium,1,Normal,-0.0924,
2365,UK,2022,Malware,Telecommunications,38.76,361529,Nation-state,Social Engineering,Firewall,67,38.76387638763876,36.16610062672876,93.05555555555556,48.84,Medium,1,Normal,-0.0707,
2366,Australia,2019,Man-in-the-Middle,Retail,15.21,677755,Hacker Group,Social Engineering,Firewall,52,15.211521152115212,67.80024709018791,72.22222222222221,42.39,Medium,1,Normal,-0.0745,
2367,UK,2022,Man-in-the-Middle,IT,66.25,303838,Nation-state,Zero-day,AI-based Detection,56,66.25662566256626,30.39489413635977,77.77777777777779,57.8,Medium,1,Normal,-0.1037,
2368,India,2016,Ransomware,Banking,93.74,339815,Insider,Weak Passwords,Firewall,58,93.74937493749374,33.99390777633836,80.55555555555556,73.18,High,1,Normal,-0.0503,
2369,Russia,2020,Ransomware,Banking,13.66,820140,Insider,Social Engineering,VPN,63,13.661366136613662,82.04394604030472,87.5,48.94,Medium,1,Normal,-0.0524,
2370,Russia,2015,Ransomware,IT,49.3,879875,Insider,Zero-day,Encryption,61,49.304930493049305,88.01962716391483,84.72222222222221,68.0,High,1,Normal,-0.072,
2371,Brazil,2022,Man-in-the-Middle,Healthcare,40.94,987320,Unknown,Zero-day,AI-based Detection,44,40.94409440944094,98.7680503383735,61.11111111111112,62.32,Medium,1,Normal,-0.0751,
2372,Japan,2023,SQL Injection,Government,13.51,772948,Unknown,Zero-day,VPN,43,13.511351135113513,77.32302290335973,59.72222222222222,41.9,Medium,1,Normal,-0.0753,
2373,Brazil,2015,Phishing,Healthcare,84.83,794914,Insider,Social Engineering,Firewall,34,84.83848384838484,79.52042495510861,47.22222222222222,75.72,High,1,Normal,-0.0888,
2374,Brazil,2019,DDoS,Telecommunications,36.98,198563,Hacker Group,Social Engineering,Firewall,24,36.98369836983698,19.863550195821475,33.33333333333333,31.12,Low,1,Normal,-0.0898,
2375,Germany,2022,DDoS,Retail,21.45,32346,Nation-state,Unpatched Software,AI-based Detection,38,21.45214521452145,3.235781060086932,52.77777777777778,22.25,Low,1,Normal,-0.0403,
2376,China,2015,Phishing,Banking,18.39,541829,Nation-state,Zero-day,Antivirus,33,18.391839183918396,54.202683979652576,45.83333333333333,34.62,Medium,1,Normal,-0.0911,
2377,Russia,2024,Phishing,Telecommunications,21.22,446028,Hacker Group,Weak Passwords,VPN,37,21.222122212221223,44.61908596637773,51.388888888888886,34.27,Medium,1,Normal,-0.1029,
2378,France,2022,Malware,Education,13.06,759625,Insider,Social Engineering,Encryption,14,13.061306130613062,75.99023643629926,19.444444444444446,33.22,Medium,1,Normal,-0.0582,
2379,Brazil,2017,Phishing,Retail,3.18,520654,Nation-state,Social Engineering,VPN,53,3.180318031803181,52.08441080994562,73.61111111111111,31.94,Low,1,Normal,-0.0528,
2380,USA,2023,DDoS,IT,99.64,248383,Insider,Social Engineering,Firewall,55,99.64996499649963,24.847369289790773,76.38888888888889,72.56,High,1,Normal,-0.0153,
2381,China,2017,Man-in-the-Middle,Banking,62.39,855974,Unknown,Social Engineering,VPN,44,62.3962396239624,85.62865445887749,61.11111111111112,69.11,High,1,Normal,-0.1001,
2382,China,2020,Malware,Government,84.23,50842,Insider,Zero-day,AI-based Detection,59,84.23842384238425,5.086056410589865,81.94444444444444,60.03,Medium,1,Normal,-0.0357,
2383,Germany,2015,Man-in-the-Middle,Education,81.5,697275,Nation-state,Weak Passwords,Encryption,59,81.50815081508152,69.75295983033807,81.94444444444444,78.07,High,1,Normal,-0.0747,
2384,Germany,2022,Man-in-the-Middle,Telecommunications,0.54,419912,Nation-state,Zero-day,AI-based Detection,40,0.5400540054005402,42.00653238432028,55.55555555555556,23.98,Low,1,Normal,-0.0253,
2385,Japan,2023,Man-in-the-Middle,Banking,65.8,193620,Nation-state,Zero-day,VPN,67,65.80658065806581,19.36906971044431,93.05555555555556,57.33,Medium,1,Normal,-0.0695,
2386,China,2024,SQL Injection,Banking,58.32,777684,Unknown,Zero-day,VPN,31,58.32583258325833,77.79679583047813,43.05555555555556,61.11,Medium,1,Normal,-0.1068,
2387,UK,2018,Malware,Healthcare,27.61,375245,Hacker Group,Social Engineering,Firewall,20,27.61276127612761,37.53820144352689,27.77777777777778,30.62,Low,1,Normal,-0.1035,
2388,China,2023,Man-in-the-Middle,IT,22.96,656090,Insider,Unpatched Software,Encryption,27,22.962296229622964,65.63295602895056,37.5,38.67,Medium,1,Normal,-0.0906,
2389,Australia,2016,Man-in-the-Middle,IT,80.27,653967,Unknown,Unpatched Software,Encryption,21,80.27802780278029,65.42057851115656,29.166666666666668,65.6,Medium,1,Normal,-0.1041,
2390,India,2022,SQL Injection,Education,0.83,977791,Unknown,Weak Passwords,Antivirus,15,0.83008300830083,97.81480240287704,20.833333333333336,33.93,Medium,-1,Anomaly,0.0071,"Low financial_loss_million, High affected_users, Low resolution_time_hours"
2391,UK,2023,DDoS,Telecommunications,81.91,397687,Hacker Group,Social Engineering,VPN,65,81.91819181918191,39.7832208756196,90.2777777777778,70.95,High,1,Normal,-0.0641,
2392,France,2017,Malware,Banking,40.87,719537,Nation-state,Zero-day,AI-based Detection,23,40.87408740874087,71.97997269003186,31.944444444444443,48.42,Medium,1,Normal,-0.1123,
2393,Brazil,2017,DDoS,Telecommunications,34.79,724790,Hacker Group,Unpatched Software,Firewall,64,34.7934793479348,72.5054644945405,88.88888888888889,56.93,Medium,1,Normal,-0.0769,
2394,France,2016,Phishing,IT,33.33,51723,Hacker Group,Weak Passwords,Encryption,23,33.33333333333333,5.174188578831274,31.944444444444443,24.61,Low,1,Normal,-0.0441,
2395,India,2023,Ransomware,Healthcare,18.26,312340,Nation-state,Zero-day,VPN,35,18.261826182618265,31.245404572669024,48.61111111111111,28.23,Low,1,Normal,-0.0761,
2396,India,2016,Man-in-the-Middle,Banking,15.28,995025,Unknown,Weak Passwords,AI-based Detection,52,15.281528152815282,99.53883167356084,72.22222222222221,51.95,Medium,1,Normal,-0.0311,
2397,France,2024,SQL Injection,Telecommunications,48.77,336356,Hacker Group,Unpatched Software,Encryption,2,48.77487748774878,33.64788147673901,2.7777777777777777,35.04,Medium,1,Normal,-0.0496,
2398,France,2017,Ransomware,Retail,48.93,886212,Unknown,Weak Passwords,Encryption,67,48.93489348934894,88.65355854887034,93.05555555555556,69.67,High,1,Normal,-0.0366,
2399,Japan,2016,Ransomware,Healthcare,37.23,209358,Nation-state,Social Engineering,Firewall,25,37.23372337233724,20.943444357190373,34.72222222222222,31.84,Low,1,Normal,-0.0875,
2400,Russia,2022,DDoS,Education,69.24,495616,Nation-state,Unpatched Software,Antivirus,38,69.24692469246925,49.57969658925508,52.77777777777778,60.05,Medium,1,Normal,-0.1301,
2401,China,2021,SQL Injection,Government,55.55,224311,Insider,Zero-day,Firewall,57,55.55555555555556,22.439290340974456,79.16666666666666,50.34,Medium,1,Normal,-0.096,
2402,Japan,2022,DDoS,IT,51.95,65516,Insider,Weak Passwords,Firewall,37,51.95519551955196,6.553992207155613,51.388888888888886,38.22,Medium,1,Normal,-0.0852,
2403,Germany,2024,Ransomware,Government,40.36,301972,Unknown,Weak Passwords,VPN,33,40.36403640364036,30.208226002490907,45.83333333333333,38.41,Medium,1,Normal,-0.1027,
2404,Germany,2015,Phishing,Telecommunications,47.04,124250,Insider,Zero-day,AI-based Detection,64,47.04470447044704,12.429536780925035,88.88888888888889,45.03,Medium,1,Normal,-0.056,
2405,USA,2018,Man-in-the-Middle,Healthcare,22.61,733934,Nation-state,Zero-day,Firewall,31,22.61226122612261,73.42019837240593,43.05555555555556,41.94,Medium,1,Normal,-0.0834,
2406,Brazil,2022,Malware,IT,19.26,377446,Unknown,Zero-day,AI-based Detection,12,19.261926192619264,37.758381809360415,16.666666666666664,24.29,Low,1,Normal,-0.0696,
2407,China,2021,SQL Injection,IT,98.57,430792,Insider,Weak Passwords,Antivirus,9,98.57985798579858,43.094929649322,12.5,64.72,Medium,1,Normal,-0.0179,
2408,UK,2015,Malware,IT,96.79,825881,Unknown,Zero-day,AI-based Detection,35,96.7996799679968,82.61825566331711,48.61111111111111,82.91,High,1,Normal,-0.0449,
2409,USA,2020,Malware,Telecommunications,27.16,858207,Nation-state,Unpatched Software,AI-based Detection,42,27.16271627162716,85.8520359931375,58.333333333333336,51.0,Medium,1,Normal,-0.0936,
2410,Germany,2021,Ransomware,Healthcare,16.64,912847,Unknown,Weak Passwords,Antivirus,27,16.641664166416643,91.31803108134469,37.5,43.22,Medium,1,Normal,-0.0625,
2411,UK,2018,Malware,Banking,41.34,82287,Unknown,Unpatched Software,Encryption,61,41.34413441344135,8.231704572168843,84.72222222222221,40.09,Medium,1,Normal,-0.0604,
2412,USA,2020,Man-in-the-Middle,Education,44.85,527938,Nation-state,Zero-day,Encryption,1,44.85448544854486,52.81307677302215,1.3888888888888888,38.55,Medium,1,Normal,-0.0431,
2413,UK,2022,DDoS,Telecommunications,50.9,645154,Insider,Weak Passwords,AI-based Detection,16,50.90509050905091,64.53895671920252,22.22222222222222,49.26,Medium,1,Normal,-0.1027,
2414,India,2018,Ransomware,Retail,26.01,732636,Hacker Group,Zero-day,VPN,3,26.01260126012602,73.29035097810701,4.166666666666666,35.83,Medium,1,Normal,-0.0281,
2415,Russia,2015,DDoS,Retail,69.61,26321,Nation-state,Zero-day,Encryption,11,69.61696169616962,2.6330610672895607,15.27777777777778,38.65,Medium,1,Normal,-0.0344,
2416,Germany,2023,Ransomware,Banking,52.88,982507,Unknown,Unpatched Software,Encryption,39,52.88528852885289,98.28657459972892,54.16666666666666,66.76,High,1,Normal,-0.0721,
2417,Russia,2019,Malware,Retail,11.57,367712,Nation-state,Weak Passwords,Firewall,13,11.571157115711571,36.78462638863185,18.055555555555557,20.43,Low,1,Normal,-0.0623,
2418,Russia,2015,DDoS,Telecommunications,83.28,236346,Insider,Unpatched Software,AI-based Detection,55,83.2883288328833,23.643229778869287,76.38888888888889,64.01,Medium,1,Normal,-0.0835,
2419,Australia,2018,SQL Injection,Retail,51.46,287089,Nation-state,Weak Passwords,Encryption,8,51.46514651465147,28.719382574639745,11.11111111111111,36.57,Medium,1,Normal,-0.0717,
2420,Brazil,2024,Malware,Healthcare,50.71,964191,Unknown,Weak Passwords,VPN,36,50.715071507150725,96.4543058216249,50.0,64.29,Medium,1,Normal,-0.0727,
2421,China,2016,SQL Injection,Healthcare,52.68,55913,Nation-state,Social Engineering,Antivirus,70,52.68526852685269,5.593341569672931,97.2222222222222,47.47,Medium,1,Normal,-0.0287,
2422,Japan,2015,Phishing,Government,98.29,850600,Insider,Zero-day,Encryption,17,98.2998299829983,85.09105823625623,23.61111111111111,79.4,High,1,Normal,-0.0283,
2423,France,2024,Phishing,Retail,45.57,201137,Hacker Group,Zero-day,Antivirus,25,45.57455745574558,20.12104418112611,34.72222222222222,35.77,Medium,1,Normal,-0.0909,
2424,Germany,2017,Malware,Healthcare,1.68,859708,Nation-state,Weak Passwords,Encryption,10,1.6801680168016802,86.00219079964187,13.88888888888889,29.42,Low,1,Normal,-0.0073,
2425,Russia,2016,Phishing,Government,2.74,863777,Insider,Zero-day,Antivirus,20,2.740274027402741,86.40923937237092,27.77777777777778,32.85,Low,1,Normal,-0.0361,
2426,Japan,2024,SQL Injection,Banking,67.37,521384,Unknown,Social Engineering,Antivirus,32,67.37673767376738,52.15743746467461,44.44444444444444,58.22,Medium,1,Normal,-0.1174,
2427,Russia,2022,SQL Injection,Government,69.09,474183,Insider,Weak Passwords,Antivirus,27,69.0969096909691,47.43561399910968,37.5,56.28,Medium,1,Normal,-0.1129,
2428,Brazil,2018,SQL Injection,Retail,36.63,829742,Insider,Unpatched Software,Firewall,57,36.63366336633664,83.00449664127406,79.16666666666666,59.05,Medium,1,Normal,-0.0861,
2429,USA,2021,DDoS,Telecommunications,99.81,460842,Unknown,Weak Passwords,AI-based Detection,59,99.81998199819982,46.10102687480931,81.94444444444444,80.13,High,1,Normal,-0.0124,
2430,Australia,2022,Malware,Retail,47.33,839881,Unknown,Zero-day,Firewall,51,47.334733473347335,84.01876684990022,70.83333333333334,63.04,Medium,1,Normal,-0.0921,
2431,Brazil,2017,DDoS,IT,72.48,860625,Unknown,Zero-day,Firewall,4,72.4872487248725,86.09392428236306,5.555555555555555,63.18,Medium,1,Normal,-0.0375,
2432,UK,2019,SQL Injection,Healthcare,65.47,263110,Insider,Social Engineering,Firewall,6,65.47654765476548,26.32060702156287,8.333333333333332,42.3,Medium,1,Normal,-0.0611,
2433,Japan,2020,Man-in-the-Middle,IT,13.61,506364,Nation-state,Social Engineering,Firewall,66,13.611361136113612,50.6548890344976,91.66666666666666,40.34,Medium,1,Normal,-0.0544,
2434,USA,2021,Phishing,Education,6.01,176772,Insider,Unpatched Software,Firewall,6,6.01060106010601,17.683654533904875,8.333333333333332,9.98,Low,-1,Anomaly,0.034,"Low financial_loss_million, Low affected_users, Low resolution_time_hours, Low risk_score"
2435,Brazil,2021,SQL Injection,Retail,1.32,564277,Nation-state,Weak Passwords,Firewall,1,1.3201320132013203,56.44830363082525,1.3888888888888888,17.87,Low,-1,Anomaly,0.0476,"Low financial_loss_million, Low resolution_time_hours, Low risk_score"
2436,Australia,2017,Man-in-the-Middle,Retail,47.97,36780,Insider,Unpatched Software,AI-based Detection,64,47.97479747974798,3.679342960180466,88.88888888888889,42.87,Medium,1,Normal,-0.0328,
2437,Germany,2021,Ransomware,Retail,46.82,589744,Nation-state,Weak Passwords,VPN,32,46.82468246824683,58.99593351573324,44.44444444444444,50.0,Medium,1,Normal,-0.1201,
2438,Russia,2018,Malware,Government,59.01,309230,Hacker Group,Social Engineering,Encryption,61,59.01590159015902,30.93429101622092,84.72222222222221,55.73,Medium,1,Normal,-0.0905,
2439,China,2024,Man-in-the-Middle,Telecommunications,53.59,4913,Hacker Group,Weak Passwords,AI-based Detection,61,53.595359535953605,0.4914793899773417,84.72222222222221,43.89,Medium,1,Normal,-0.0198,
2440,Brazil,2020,SQL Injection,Education,50.41,350295,Insider,Unpatched Software,Encryption,5,50.415041504150416,35.04229043600915,6.944444444444445,37.11,Medium,1,Normal,-0.0659,
2441,USA,2020,DDoS,Banking,60.2,998937,Nation-state,Zero-day,Antivirus,19,60.20602060206022,99.9301745136975,26.38888888888889,65.36,Medium,1,Normal,-0.0513,
2442,Brazil,2018,Malware,Telecommunications,96.22,445546,Nation-state,Weak Passwords,Firewall,45,96.22962296229623,44.57086836695394,62.5,73.99,High,1,Normal,-0.0669,
2443,Brazil,2023,SQL Injection,Healthcare,7.33,486146,Insider,Zero-day,Firewall,12,7.330733073307331,48.63235080804494,16.666666666666664,21.59,Low,1,Normal,-0.054,
2444,UK,2016,Phishing,Education,29.49,466333,Hacker Group,Zero-day,Firewall,51,29.492949294929492,46.650327369489865,70.83333333333334,42.91,Medium,1,Normal,-0.1019,
2445,Japan,2019,Phishing,Government,73.35,706019,Nation-state,Zero-day,Encryption,65,73.35733573357336,70.62767910287255,90.2777777777778,75.92,High,1,Normal,-0.0601,
2446,UK,2020,DDoS,Retail,70.03,971464,Nation-state,Weak Passwords,Firewall,4,70.03700370037004,97.1818713830548,5.555555555555555,65.28,Medium,1,Normal,-0.0076,
2447,India,2015,Man-in-the-Middle,IT,76.97,224983,Nation-state,Weak Passwords,AI-based Detection,42,76.97769776977698,22.50651487793045,58.333333333333336,56.91,Medium,1,Normal,-0.1093,
2448,Brazil,2019,Ransomware,Telecommunications,87.41,919425,Nation-state,Unpatched Software,Encryption,45,87.41874187418742,91.9760712660121,62.5,83.8,High,1,Normal,-0.0423,
2449,Russia,2023,DDoS,Telecommunications,57.25,115138,Unknown,Unpatched Software,Encryption,42,57.25572557255726,11.518004071486091,58.333333333333336,43.75,Medium,1,Normal,-0.0968,
2450,Japan,2020,Phishing,IT,99.57,786468,Nation-state,Social Engineering,AI-based Detection,42,99.57995799579956,78.67551656354568,58.333333333333336,85.06,High,1,Normal,-0.0184,
2451,India,2023,Phishing,Retail,5.11,620560,Hacker Group,Weak Passwords,Antivirus,59,5.110511051105111,62.0786587104293,81.94444444444444,37.57,Medium,1,Normal,-0.0462,
2452,USA,2017,Malware,Government,56.74,976007,Insider,Social Engineering,Encryption,59,56.74567456745675,97.63633726310104,81.94444444444444,74.05,High,1,Normal,-0.0388,
2453,France,2016,DDoS,Education,46.58,361163,Hacker Group,Zero-day,Firewall,38,46.58465846584659,36.12948726285094,52.77777777777778,44.69,Medium,1,Normal,-0.121,
2454,Brazil,2017,Ransomware,Healthcare,54.78,469735,Nation-state,Zero-day,Encryption,57,54.7854785478548,46.99065158782956,79.16666666666666,57.32,Medium,1,Normal,-0.0987,
2455,USA,2015,Man-in-the-Middle,IT,46.27,117231,Unknown,Unpatched Software,AI-based Detection,28,46.27462746274628,11.727380493880268,38.88888888888889,34.43,Medium,1,Normal,-0.0832,
2456,Germany,2018,Ransomware,Healthcare,14.38,276925,Unknown,Unpatched Software,VPN,54,14.381438143814382,27.70261145318041,75.0,30.5,Low,1,Normal,-0.0757,
2457,Australia,2019,Malware,Telecommunications,37.3,208089,Unknown,Zero-day,Antivirus,33,37.3037303730373,20.81649802177795,45.83333333333333,34.06,Medium,1,Normal,-0.0838,
2458,Australia,2016,Phishing,Telecommunications,63.81,71720,Hacker Group,Zero-day,Encryption,21,63.81638163816382,7.174618735838581,29.166666666666668,39.89,Medium,1,Normal,-0.0748,
2459,Russia,2024,Ransomware,Telecommunications,35.62,236676,Nation-state,Social Engineering,AI-based Detection,67,35.623562356235624,23.676241828267315,93.05555555555556,43.53,Medium,1,Normal,-0.0647,
2460,India,2024,Man-in-the-Middle,Telecommunications,93.46,409281,Nation-state,Weak Passwords,Antivirus,18,93.46934693469346,40.94304421113706,25.0,64.02,Medium,1,Normal,-0.0676,
2461,Japan,2023,Phishing,Banking,82.36,612815,Insider,Zero-day,Antivirus,12,82.36823682368237,61.30387591470887,16.666666666666664,62.91,Medium,1,Normal,-0.0911,
2462,Russia,2018,SQL Injection,Telecommunications,11.32,153618,Nation-state,Weak Passwords,VPN,29,11.321132113211323,15.367409104323078,40.27777777777778,18.33,Low,1,Normal,-0.0408,
2463,India,2023,Ransomware,Banking,57.15,704230,Nation-state,Zero-day,VPN,71,57.15571557155715,70.44871378052989,98.61111111111111,69.43,High,1,Normal,-0.0399,
2464,China,2019,Malware,Retail,79.37,863510,Hacker Group,Weak Passwords,VPN,2,79.37793779377938,86.38252962331251,2.7777777777777777,66.16,High,1,Normal,-0.0129,
2465,India,2024,DDoS,Healthcare,4.08,488599,Unknown,Social Engineering,Encryption,11,4.080408040804081,48.87774037523696,15.27777777777778,19.76,Low,1,Normal,-0.0233,
2466,France,2022,Ransomware,Healthcare,80.73,964782,Unknown,Weak Passwords,VPN,47,80.73807380738074,96.51342740100137,65.27777777777779,82.38,High,1,Normal,-0.0274,
2467,Germany,2018,Man-in-the-Middle,IT,48.96,323027,Unknown,Unpatched Software,Encryption,49,48.96489648964896,32.314494790598566,68.05555555555556,47.79,Medium,1,Normal,-0.1011,
2468,China,2023,Man-in-the-Middle,Education,10.55,12970,Unknown,Social Engineering,Antivirus,32,10.551055105510551,1.2974735778559174,44.44444444444444,14.55,Low,-1,Anomaly,0.0047,"Low financial_loss_million, Low affected_users, Low risk_score"
2469,India,2020,Man-in-the-Middle,Government,50.19,659835,Unknown,Zero-day,Encryption,46,50.1950195019502,66.00759277136154,63.888888888888886,57.68,Medium,1,Normal,-0.1096,
2470,China,2023,SQL Injection,Telecommunications,66.92,336320,Hacker Group,Social Engineering,VPN,51,66.92669266926693,33.64428016225923,70.83333333333334,57.72,Medium,1,Normal,-0.1143,
2471,China,2017,Man-in-the-Middle,Banking,47.52,83617,Insider,Unpatched Software,AI-based Detection,64,47.52475247524753,8.364753134894237,88.88888888888889,44.05,Medium,1,Normal,-0.047,
2472,Brazil,2018,Malware,Banking,87.13,99178,Nation-state,Unpatched Software,Antivirus,27,87.13871387138714,9.921421318781356,37.5,54.05,Medium,1,Normal,-0.0682,
2473,Brazil,2024,Ransomware,Education,80.1,489369,Nation-state,Unpatched Software,Encryption,41,80.10801080108011,48.95476849049904,56.94444444444444,66.13,High,1,Normal,-0.1184,
2474,Russia,2017,Phishing,Telecommunications,2.22,620350,Hacker Group,Zero-day,Firewall,45,2.2202220222022206,62.05765104263056,62.5,32.23,Low,1,Normal,-0.0373,
2475,USA,2020,DDoS,Healthcare,38.14,846602,Insider,Weak Passwords,Firewall,31,38.14381438143815,84.69111225597344,43.05555555555556,53.09,Medium,1,Normal,-0.1053,
2476,India,2017,Malware,Government,61.02,650042,Nation-state,Unpatched Software,Antivirus,48,61.02610261026104,65.02793519634666,66.66666666666666,63.35,Medium,1,Normal,-0.0984,
2477,Japan,2019,Man-in-the-Middle,Government,61.01,549197,Hacker Group,Social Engineering,Antivirus,59,61.01610161016102,54.93975300984859,81.94444444444444,63.38,Medium,1,Normal,-0.0946,
2478,France,2023,Phishing,IT,15.49,138639,Hacker Group,Unpatched Software,VPN,14,15.491549154915491,13.868962171192486,19.444444444444446,15.8,Low,1,Normal,-0.0345,
2479,Australia,2024,Man-in-the-Middle,Healthcare,93.4,833819,Insider,Unpatched Software,Antivirus,14,93.40934093409342,83.41234550610973,19.444444444444446,75.62,High,1,Normal,-0.0484,
2480,India,2022,Malware,Retail,13.88,813217,Insider,Zero-day,AI-based Detection,71,13.881388138813882,81.35139325853936,98.61111111111111,51.07,Medium,1,Normal,-0.0484,
2481,UK,2017,Malware,Banking,11.25,636273,Insider,Zero-day,Antivirus,30,11.25112511251125,63.65053244434219,41.66666666666667,33.05,Medium,1,Normal,-0.0728,
2482,Russia,2017,Man-in-the-Middle,Banking,66.53,45277,Insider,Social Engineering,Firewall,43,66.53665366536654,4.529353213923082,59.72222222222222,46.57,Medium,1,Normal,-0.0719,
2483,Australia,2015,Phishing,Telecommunications,89.41,488342,Hacker Group,Unpatched Software,Firewall,23,89.41894189418942,48.85203099131183,31.944444444444443,65.75,Medium,1,Normal,-0.0828,
2484,France,2019,Phishing,IT,55.31,526220,Nation-state,Social Engineering,AI-based Detection,2,55.31553155315532,52.64121404312574,2.7777777777777777,44.01,Medium,1,Normal,-0.0452,
2485,USA,2023,DDoS,Education,90.38,311596,Insider,Weak Passwords,VPN,23,90.38903890389038,31.170977406753465,31.944444444444443,60.93,Medium,1,Normal,-0.0748,
2486,Brazil,2024,DDoS,Retail,25.17,658226,Insider,Weak Passwords,VPN,52,25.17251725172517,65.84663402141781,72.22222222222221,46.78,Medium,1,Normal,-0.0923,
2487,India,2019,Phishing,Education,6.29,344693,Hacker Group,Social Engineering,Encryption,19,6.290629062906292,34.48188588834925,26.38888888888889,18.77,Low,1,Normal,-0.0546,
2488,France,2016,Phishing,Education,37.57,380995,Unknown,Weak Passwords,VPN,60,37.57375737573758,38.11341139515923,83.33333333333334,46.89,Medium,1,Normal,-0.0935,
2489,Brazil,2018,Malware,Banking,3.1,458185,Insider,Social Engineering,AI-based Detection,31,3.100310031003101,45.835229858898494,43.05555555555556,23.91,Low,1,Normal,-0.0455,
2490,Brazil,2022,Man-in-the-Middle,Education,91.69,581034,Insider,Social Engineering,VPN,67,91.69916991699168,58.1246154846519,93.05555555555556,81.9,High,1,Normal,-0.0248,
2491,Russia,2019,Ransomware,Retail,19.97,722544,Hacker Group,Social Engineering,Encryption,14,19.97199719971997,72.28078248560725,19.444444444444446,35.56,Medium,1,Normal,-0.0695,
2492,Brazil,2024,Phishing,IT,28.78,793783,Insider,Social Engineering,Firewall,17,28.782878287828783,79.40728365853536,23.61111111111111,42.94,Medium,1,Normal,-0.0818,
2493,China,2023,SQL Injection,IT,53.21,620822,Unknown,Zero-day,Firewall,21,53.21532153215321,62.104868276921074,29.166666666666668,51.07,Medium,1,Normal,-0.1148,
2494,Russia,2022,Ransomware,Healthcare,16.6,715102,Insider,Zero-day,Antivirus,2,16.601660166016604,71.536310753425,2.7777777777777777,30.32,Low,1,Normal,-0.0143,
2495,Russia,2021,Man-in-the-Middle,Banking,44.32,634390,Unknown,Zero-day,Antivirus,54,44.324432443244326,63.46216368974675,75.0,56.2,Medium,1,Normal,-0.1068,
2496,Japan,2021,Ransomware,Government,10.34,791473,Nation-state,Weak Passwords,Firewall,58,10.341034103410342,79.17619931274915,80.55555555555556,45.03,Medium,1,Normal,-0.0618,
2497,China,2022,Phishing,IT,41.81,631816,Unknown,Weak Passwords,Firewall,29,41.81418141814181,63.20466970444212,40.27777777777778,47.92,Medium,1,Normal,-0.1196,
2498,Germany,2016,Malware,Banking,84.54,517353,Nation-state,Social Engineering,Antivirus,41,84.54845484548456,51.754190279452,56.94444444444444,69.19,High,1,Normal,-0.1094,
2499,Japan,2015,Malware,Telecommunications,40.38,118734,Insider,Unpatched Software,AI-based Detection,21,40.38403840384039,11.877735373411296,29.166666666666668,29.59,Low,1,Normal,-0.0803,
2500,India,2020,Man-in-the-Middle,Education,39.15,963367,Insider,Zero-day,Encryption,50,39.15391539153916,96.37187573464314,69.44444444444444,62.38,Medium,1,Normal,-0.071,
2501,Australia,2021,SQL Injection,Telecommunications,22.51,71557,Insider,Social Engineering,Antivirus,47,22.512251225122515,7.15831278416622,65.27777777777779,26.46,Low,1,Normal,-0.0674,
2502,Brazil,2017,Ransomware,Government,58.18,824704,Hacker Group,Zero-day,Antivirus,30,58.185818581858186,82.5005126871308,41.66666666666667,62.18,Medium,1,Normal,-0.1075,
2503,Germany,2023,Man-in-the-Middle,Banking,92.48,1326,Nation-state,Social Engineering,Antivirus,11,92.4892489248925,0.1326484166720853,15.27777777777778,49.34,Medium,1,Normal,-0.0048,
2504,UK,2015,Phishing,Banking,51.38,630931,Insider,Zero-day,AI-based Detection,48,51.3851385138514,63.11613739014741,66.66666666666666,57.96,Medium,1,Normal,-0.1109,
2505,Germany,2016,Phishing,Government,93.61,395731,Insider,Unpatched Software,AI-based Detection,64,93.61936193619364,39.58754945555128,88.88888888888889,76.46,High,1,Normal,-0.0429,
2506,Australia,2017,Ransomware,Government,27.38,918816,Unknown,Weak Passwords,AI-based Detection,58,27.382738273827385,91.91514902939572,80.55555555555556,57.38,Medium,1,Normal,-0.0729,
2507,Australia,2021,Malware,Healthcare,74.61,357205,Nation-state,Weak Passwords,Antivirus,21,74.61746174617461,35.73354274310123,29.166666666666668,53.86,Medium,1,Normal,-0.1138,
2508,UK,2019,SQL Injection,IT,78.84,464960,Unknown,Unpatched Software,Encryption,24,78.84788478847885,46.51297723669139,33.33333333333333,60.04,Medium,1,Normal,-0.0999,
2509,USA,2019,Ransomware,Telecommunications,65.7,51619,Insider,Unpatched Software,VPN,3,65.70657065706571,5.163784781445227,4.166666666666666,35.24,Medium,1,Normal,-0.0196,
2510,Brazil,2017,Phishing,IT,81.04,850794,Unknown,Social Engineering,Antivirus,69,81.04810481048106,85.11046531984175,95.83333333333334,85.22,High,1,Normal,-0.0133,
2511,France,2015,Man-in-the-Middle,Banking,27.2,559841,Nation-state,Unpatched Software,VPN,22,27.202720272027204,56.00454165770506,30.55555555555556,36.51,Medium,1,Normal,-0.0985,
2512,China,2018,DDoS,Healthcare,86.38,685136,Nation-state,Weak Passwords,Antivirus,62,86.38863886388638,68.5386165950572,86.11111111111111,80.98,High,1,Normal,-0.0609,
2513,Brazil,2016,Malware,Education,83.93,102797,Unknown,Weak Passwords,Firewall,17,83.93839383938395,10.283453460513089,23.61111111111111,49.78,Medium,1,Normal,-0.0706,
2514,France,2022,Ransomware,Healthcare,40.36,439046,Insider,Social Engineering,VPN,42,40.36403640364036,43.92063103032607,58.333333333333336,45.02,Medium,1,Normal,-0.1203,
2515,USA,2019,SQL Injection,Telecommunications,57.4,51312,Insider,Social Engineering,AI-based Detection,26,57.40574057405741,5.133073571853727,36.11111111111111,37.47,Medium,1,Normal,-0.0781,
2516,Brazil,2022,Ransomware,Retail,1.42,510870,Unknown,Unpatched Software,AI-based Detection,35,1.4201420142014205,51.1056535635507,48.61111111111111,25.76,Low,1,Normal,-0.0353,
2517,Russia,2021,SQL Injection,Government,66.5,348118,Hacker Group,Zero-day,VPN,42,66.50665066506652,34.824510946495465,58.333333333333336,55.37,Medium,1,Normal,-0.1266,
2518,Australia,2016,Ransomware,Healthcare,47.18,509930,Unknown,Social Engineering,AI-based Detection,68,47.184718471847184,51.01161924102298,94.44444444444444,57.78,Medium,1,Normal,-0.0597,
2519,UK,2016,Ransomware,IT,58.99,822380,Hacker Group,Zero-day,Firewall,26,58.995899589959,82.268027830158,36.11111111111111,61.4,Medium,1,Normal,-0.1085,
2520,Germany,2022,SQL Injection,Banking,52.91,619669,Unknown,Unpatched Software,Antivirus,19,52.91529152915292,61.98952617705462,26.38888888888889,50.33,Medium,1,Normal,-0.1089,
2521,Australia,2023,SQL Injection,Telecommunications,20.95,341111,Insider,Weak Passwords,VPN,14,20.95209520952095,34.123555097610634,19.444444444444446,24.6,Low,1,Normal,-0.0838,
2522,France,2018,Ransomware,Government,2.79,443730,Hacker Group,Weak Passwords,Antivirus,39,2.7902790279027907,44.38920205875144,54.16666666666666,25.55,Low,1,Normal,-0.0496,
2523,Japan,2017,DDoS,IT,27.76,824968,Insider,Weak Passwords,Encryption,15,27.762776277627765,82.52692232664923,20.833333333333336,42.81,Medium,1,Normal,-0.0818,
2524,Japan,2016,Man-in-the-Middle,Retail,58.77,172346,Nation-state,Social Engineering,AI-based Detection,51,58.77587758775879,17.24089292591796,70.83333333333334,48.73,Medium,1,Normal,-0.0931,
2525,Germany,2022,DDoS,Telecommunications,51.95,919855,Hacker Group,Weak Passwords,Antivirus,56,51.95519551955196,92.01908696674286,77.77777777777779,69.14,High,1,Normal,-0.0733,
2526,Germany,2021,Man-in-the-Middle,IT,90.57,254634,Hacker Group,Social Engineering,AI-based Detection,5,90.57905790579058,25.47269753460013,6.944444444444445,54.32,Medium,1,Normal,-0.0284,
2527,France,2022,Phishing,Retail,39.15,724409,Unknown,Weak Passwords,Antivirus,56,39.15391539153916,72.46735058296278,77.77777777777779,56.87,Medium,1,Normal,-0.0965,
2528,UK,2018,Phishing,Healthcare,95.3,269142,Unknown,Unpatched Software,Encryption,72,95.3095309530953,26.92402726995353,100.0,75.73,High,-1,Anomaly,0.016,"High financial_loss_million, High resolution_time_hours"
2529,India,2024,Phishing,Retail,92.48,32067,Insider,Unpatched Software,Antivirus,19,92.4892489248925,3.207870872868597,26.38888888888889,52.48,Medium,1,Normal,-0.0357,
2530,Germany,2020,Malware,Government,32.2,591314,Hacker Group,Weak Passwords,Encryption,65,32.20322032203221,59.15299084165721,90.2777777777778,51.9,Medium,1,Normal,-0.0804,
2531,Germany,2019,SQL Injection,Healthcare,91.72,149171,Hacker Group,Zero-day,VPN,64,91.72917291729172,14.922546729556288,88.88888888888889,68.12,High,1,Normal,-0.0247,
2532,Brazil,2016,DDoS,IT,13.52,535205,Hacker Group,Social Engineering,AI-based Detection,53,13.52135213521352,53.54004211537211,73.61111111111111,37.54,Medium,1,Normal,-0.0808,
2533,Germany,2022,Ransomware,Education,87.93,471889,Nation-state,Zero-day,Antivirus,4,87.93879387938796,47.20613023753671,5.555555555555555,59.24,Medium,1,Normal,-0.0339,
2534,France,2019,Phishing,Healthcare,52.18,869751,Insider,Zero-day,Firewall,12,52.185218521852185,87.0068575029886,16.666666666666664,55.53,Medium,1,Normal,-0.0818,
2535,Russia,2017,DDoS,Education,50.42,690010,Nation-state,Weak Passwords,Firewall,18,50.42504250425043,69.02619456101478,25.0,50.92,Medium,1,Normal,-0.0953,
2536,Brazil,2017,Ransomware,Healthcare,32.9,433987,Unknown,Zero-day,AI-based Detection,21,32.903290329032906,43.41454630940293,29.166666666666668,35.31,Medium,1,Normal,-0.1053,
2537,UK,2017,Phishing,Banking,1.54,31262,Unknown,Social Engineering,Firewall,56,1.5401540154015405,3.127341479640069,77.77777777777779,17.26,Low,-1,Anomaly,0.0231,"Low financial_loss_million, Low affected_users, High resolution_time_hours, Low risk_score"
2538,Australia,2022,Malware,Retail,32.26,824433,Nation-state,Unpatched Software,AI-based Detection,60,32.26322632263226,82.47340279201909,83.33333333333334,57.54,Medium,1,Normal,-0.0875,
2539,Germany,2023,Man-in-the-Middle,Retail,23.28,651963,Insider,Unpatched Software,AI-based Detection,53,23.28232823282329,65.22010533844853,73.61111111111111,45.93,Medium,1,Normal,-0.0873,
2540,France,2017,SQL Injection,Education,81.06,349070,Unknown,Zero-day,VPN,41,81.06810681068107,34.91974570718312,56.94444444444444,62.4,Medium,1,Normal,-0.1136,
2541,USA,2024,Malware,Telecommunications,71.42,967411,Hacker Group,Social Engineering,AI-based Detection,47,71.42714271427143,96.776423394539,65.27777777777779,77.8,High,1,Normal,-0.0512,
2542,Japan,2021,SQL Injection,Retail,64.81,263770,Unknown,Social Engineering,Antivirus,62,64.81648164816482,26.38663112035893,86.11111111111111,57.55,Medium,1,Normal,-0.0928,
2543,UK,2016,Phishing,Retail,85.89,714670,Hacker Group,Weak Passwords,VPN,32,85.8985898589859,71.49309497966757,44.44444444444444,73.29,High,1,Normal,-0.0944,
2544,USA,2021,DDoS,Telecommunications,47.84,498904,Hacker Group,Zero-day,Antivirus,65,47.84478447844785,49.908616645075455,90.2777777777778,56.95,Medium,1,Normal,-0.0802,
2545,USA,2024,Phishing,Education,47.95,569539,Unknown,Weak Passwords,Encryption,18,47.95479547954796,56.97469576395384,25.0,46.07,Medium,1,Normal,-0.1,
2546,China,2016,Man-in-the-Middle,Retail,82.52,217938,Nation-state,Weak Passwords,VPN,69,82.52825282528254,21.80175764153916,95.83333333333334,66.97,High,1,Normal,-0.0405,
2547,China,2022,Ransomware,Retail,36.48,172607,Unknown,Zero-day,VPN,60,36.48364836483648,17.267002455896403,83.33333333333334,40.09,Medium,1,Normal,-0.0782,
2548,India,2023,Man-in-the-Middle,Retail,95.66,424762,Insider,Unpatched Software,VPN,10,95.66956695669568,42.491709473958,13.88888888888889,63.36,Medium,1,Normal,-0.0478,
2549,Japan,2019,Man-in-the-Middle,IT,42.34,130309,Insider,Zero-day,AI-based Detection,56,42.34423442344235,13.03565801517554,77.77777777777779,40.64,Medium,1,Normal,-0.0711,
2550,India,2018,DDoS,Government,65.11,95378,Insider,Social Engineering,Antivirus,67,65.11651165116513,9.54128256813737,93.05555555555556,54.03,Medium,1,Normal,-0.0573,
2551,India,2017,Phishing,IT,53.95,920801,Nation-state,Zero-day,Antivirus,52,53.95539553955396,92.11372150835054,72.22222222222221,69.06,High,1,Normal,-0.0754,
2552,Japan,2020,Man-in-the-Middle,Retail,91.36,551038,Insider,Social Engineering,Firewall,21,91.36913691369138,55.12392023088427,29.166666666666668,68.06,High,1,Normal,-0.0811,
2553,China,2016,Malware,Telecommunications,85.8,962508,Unknown,Social Engineering,AI-based Detection,13,85.80858085808582,96.28594436969496,18.055555555555557,75.4,High,1,Normal,-0.0157,
2554,France,2020,Malware,Healthcare,92.29,267554,Hacker Group,Social Engineering,Firewall,45,92.29922992299232,26.76516928678968,62.5,66.68,High,1,Normal,-0.0753,
2555,Japan,2020,Ransomware,IT,25.3,76258,Unknown,Social Engineering,VPN,43,25.302530253025303,7.628584433318161,59.72222222222222,26.88,Low,1,Normal,-0.0744,
2556,Russia,2016,Malware,Banking,3.6,661377,Hacker Group,Weak Passwords,Antivirus,66,3.6003600360036003,66.16184907491234,91.66666666666666,39.98,Medium,1,Normal,-0.0285,
2557,Australia,2022,SQL Injection,Retail,56.62,310341,Unknown,Weak Passwords,Encryption,32,56.62566256625663,31.045431582527623,44.44444444444444,46.52,Medium,1,Normal,-0.1098,
2558,Russia,2017,Phishing,Education,66.25,702883,Insider,Unpatched Software,VPN,31,66.25662566256626,70.31396459707794,43.05555555555556,62.83,Medium,1,Normal,-0.1078,
2559,USA,2017,Malware,Education,78.38,516103,Hacker Group,Unpatched Software,Firewall,62,78.38783878387838,51.62914463779279,86.11111111111111,71.9,High,1,Normal,-0.0748,
2560,USA,2015,Malware,Retail,84.7,542283,Hacker Group,Social Engineering,Firewall,64,84.70847084708471,54.24810055670319,88.88888888888889,76.41,High,1,Normal,-0.064,
2561,Russia,2016,SQL Injection,Government,43.75,173441,Hacker Group,Social Engineering,Antivirus,43,43.75437543754376,17.350432908011424,59.72222222222222,39.03,Medium,1,Normal,-0.1067,
2562,France,2017,DDoS,Retail,67.36,856228,Hacker Group,Zero-day,Encryption,47,67.36673667366738,85.65406373326265,65.27777777777779,72.44,High,1,Normal,-0.0894,
2563,UK,2019,Malware,IT,68.54,791265,Hacker Group,Social Engineering,Firewall,65,68.54685468546856,79.15539171797707,90.2777777777778,76.08,High,1,Normal,-0.0639,
2564,USA,2019,Malware,Retail,45.42,969699,Hacker Group,Social Engineering,Firewall,63,45.42454245424543,97.00530693703202,87.5,69.31,High,1,Normal,-0.0314,
2565,Russia,2023,Malware,Telecommunications,95.0,338867,Nation-state,Unpatched Software,AI-based Detection,34,95.00950095009502,33.899073161704024,47.22222222222222,67.12,High,1,Normal,-0.0772,
2566,Japan,2018,Ransomware,Government,44.98,951249,Hacker Group,Weak Passwords,VPN,25,44.984498449844985,95.15963326614214,34.72222222222222,57.98,Medium,1,Normal,-0.0848,
2567,USA,2022,Ransomware,IT,50.4,34584,Insider,Zero-day,Firewall,43,50.405040504050405,3.4596627769135733,59.72222222222222,38.18,Medium,1,Normal,-0.0788,
2568,Brazil,2021,Malware,Education,74.37,298836,Hacker Group,Social Engineering,Encryption,29,74.3774377437744,29.894511496696296,40.27777777777778,54.21,Medium,1,Normal,-0.115,
2569,Brazil,2018,Malware,Retail,27.82,526161,Unknown,Unpatched Software,AI-based Detection,12,27.822782278227827,52.63531188883943,16.666666666666664,33.04,Medium,1,Normal,-0.0797,
2570,Brazil,2020,Phishing,Government,76.95,476308,Insider,Social Engineering,VPN,44,76.95769576957696,47.64819158993032,61.11111111111112,65.0,Medium,1,Normal,-0.1155,
2571,China,2017,SQL Injection,Banking,29.39,206897,Unknown,Zero-day,Encryption,18,29.392939293929395,20.69725449789173,25.0,25.91,Low,1,Normal,-0.0688,
2572,Japan,2022,Malware,IT,1.92,2653,Nation-state,Unpatched Software,AI-based Detection,56,1.9201920192019204,0.265396869857498,77.77777777777779,16.6,Low,-1,Anomaly,0.0335,"Low financial_loss_million, Low affected_users, High resolution_time_hours, Low risk_score"
2573,UK,2024,Ransomware,Healthcare,90.37,540353,Hacker Group,Unpatched Software,Antivirus,68,90.3790379037904,54.05503008598138,94.44444444444444,80.29,High,1,Normal,-0.0297,
2574,Germany,2015,Phishing,Retail,84.77,779922,Nation-state,Zero-day,Antivirus,50,84.77847784778479,78.02067754730476,69.44444444444444,79.68,High,1,Normal,-0.08,
2575,Germany,2016,Ransomware,Education,24.4,908906,Hacker Group,Weak Passwords,AI-based Detection,46,24.4024402440244,90.92378718232156,63.888888888888886,52.26,Medium,1,Normal,-0.0831,
2576,Russia,2021,Man-in-the-Middle,Healthcare,28.34,446741,Nation-state,Weak Passwords,Firewall,20,28.342834283428346,44.690412000380135,27.77777777777778,33.13,Medium,1,Normal,-0.1032,
2577,India,2023,Phishing,Education,9.95,317488,Insider,Social Engineering,VPN,46,9.95099509950995,31.7603925432783,63.888888888888886,27.28,Low,1,Normal,-0.0592,
2578,Brazil,2024,Phishing,IT,72.33,182613,Unknown,Unpatched Software,AI-based Detection,26,72.33723372337234,18.26796780825001,36.11111111111111,48.87,Medium,1,Normal,-0.1006,
2579,UK,2018,Ransomware,IT,61.42,211305,Hacker Group,Zero-day,Encryption,27,61.42614261426144,21.138215448638757,37.5,44.55,Medium,1,Normal,-0.1018,
2580,UK,2024,DDoS,Government,68.83,60379,Hacker Group,Unpatched Software,Firewall,32,68.83688368836884,6.040104638192941,44.44444444444444,45.12,Medium,1,Normal,-0.068,
2581,Russia,2020,Ransomware,Healthcare,11.11,785179,Unknown,Weak Passwords,VPN,2,11.11111111111111,78.54656949786673,2.7777777777777777,29.68,Low,1,Normal,-0.0044,
2582,Russia,2022,SQL Injection,Telecommunications,1.99,652682,Insider,Social Engineering,Encryption,46,1.9901990199019903,65.29203159153091,63.888888888888886,33.36,Medium,1,Normal,-0.0343,
2583,Brazil,2022,SQL Injection,Banking,5.85,52649,Nation-state,Unpatched Software,Encryption,57,5.8505850585058505,5.266822390172413,79.16666666666666,20.34,Low,-1,Anomaly,0.0001,"Low financial_loss_million, Low affected_users, High resolution_time_hours, Low risk_score"
2584,Germany,2024,Man-in-the-Middle,Government,45.75,865871,Insider,Weak Passwords,Antivirus,58,45.75457545754576,86.61871583127841,80.55555555555556,64.97,Medium,1,Normal,-0.0699,
2585,Russia,2022,DDoS,Retail,93.71,474552,Nation-state,Zero-day,Encryption,20,93.71937193719371,47.47252747252747,27.77777777777778,66.66,High,1,Normal,-0.0677,
2586,France,2024,SQL Injection,Healthcare,5.7,400840,Insider,Social Engineering,VPN,57,5.7005700570057005,40.09863600214078,79.16666666666666,30.71,Low,1,Normal,-0.0536,
2587,USA,2020,Phishing,Education,60.57,275819,Nation-state,Social Engineering,Firewall,69,60.57605760576058,27.591971069440348,95.83333333333334,57.73,Medium,1,Normal,-0.0666,
2588,Brazil,2021,DDoS,Retail,89.79,454088,Hacker Group,Social Engineering,VPN,70,89.79897989798981,45.425380263796285,97.2222222222222,77.97,High,1,Normal,-0.0141,
2589,France,2018,Phishing,Government,30.68,338619,Hacker Group,Unpatched Software,Antivirus,68,30.683068306830684,33.87426410639884,94.44444444444444,44.39,Medium,1,Normal,-0.0556,
2590,Brazil,2018,Malware,Banking,31.56,940038,Hacker Group,Zero-day,Antivirus,24,31.563156315631563,94.03812391522904,33.33333333333333,50.66,Medium,1,Normal,-0.0802,
2591,USA,2017,DDoS,Government,98.73,17805,Nation-state,Weak Passwords,Antivirus,31,98.73987398739877,1.7811501197937247,43.05555555555556,58.52,Medium,-1,Anomaly,0.0137,"High financial_loss_million, Low affected_users"
2592,Japan,2020,SQL Injection,Telecommunications,92.13,244933,Nation-state,Social Engineering,AI-based Detection,37,92.13921392139214,24.502243318811367,51.388888888888886,63.7,Medium,1,Normal,-0.0746,
2593,USA,2016,Phishing,Retail,71.14,198602,Unknown,Zero-day,Firewall,18,71.14711471147115,19.86745161984124,25.0,46.53,Medium,1,Normal,-0.0851,
2594,India,2023,DDoS,Retail,73.85,504861,Unknown,Weak Passwords,Antivirus,65,73.85738573857385,50.50453415496656,90.2777777777778,70.14,High,1,Normal,-0.067,
2595,UK,2016,Malware,Telecommunications,91.24,695618,Nation-state,Social Engineering,Antivirus,14,91.24912491249124,69.58719932775463,19.444444444444446,70.39,High,1,Normal,-0.0647,
2596,China,2022,Man-in-the-Middle,Healthcare,5.4,270732,Unknown,Weak Passwords,Firewall,31,5.400540054005401,27.08308532614404,43.05555555555556,19.44,Low,1,Normal,-0.0412,
2597,UK,2015,Phishing,Retail,77.58,270326,Nation-state,Social Engineering,Firewall,24,77.58775877587759,27.04247050173313,33.33333333333333,53.57,Medium,1,Normal,-0.1054,
2598,Russia,2017,Man-in-the-Middle,Government,80.95,827534,Hacker Group,Unpatched Software,Firewall,29,80.95809580958097,82.78361601984724,40.27777777777778,73.37,High,1,Normal,-0.0933,
2599,Germany,2020,Man-in-the-Middle,Retail,46.07,32499,Insider,Zero-day,Firewall,14,46.07460746074607,3.2510866466260184,19.444444444444446,27.9,Low,1,Normal,-0.0353,
2600,Russia,2016,Malware,Telecommunications,52.2,279065,Hacker Group,Unpatched Software,VPN,62,52.20522052205221,27.916689591700973,86.11111111111111,51.7,Medium,1,Normal,-0.0812,
2601,Germany,2017,Ransomware,Telecommunications,49.56,119598,Insider,Unpatched Software,Encryption,43,49.56495649564957,11.964166920926138,59.72222222222222,40.32,Medium,1,Normal,-0.0954,
2602,Germany,2016,SQL Injection,Education,61.78,387500,Nation-state,Weak Passwords,AI-based Detection,30,61.786178617861786,38.76414891435374,41.66666666666667,50.86,Medium,1,Normal,-0.1213,
2603,Brazil,2018,Phishing,Education,66.07,656031,Nation-state,Social Engineering,Encryption,36,66.07660766076607,65.62705387466426,50.0,62.73,Medium,1,Normal,-0.1154,
2604,China,2022,Ransomware,Education,85.72,637259,Unknown,Zero-day,VPN,57,85.72857285728574,63.74916844648296,79.16666666666666,77.82,High,1,Normal,-0.0714,
2605,Russia,2023,SQL Injection,Education,0.98,623106,Nation-state,Weak Passwords,Firewall,43,0.98009800980098,62.33335167336078,59.72222222222222,31.13,Low,1,Normal,-0.0339,
2606,India,2015,DDoS,Education,21.74,513867,Unknown,Zero-day,Firewall,34,21.74217421742174,51.40546299399281,47.22222222222222,35.74,Medium,1,Normal,-0.095,
2607,Australia,2023,Man-in-the-Middle,Healthcare,7.54,710871,Insider,Zero-day,Firewall,55,7.540754075407541,71.11305626553693,76.38888888888889,40.38,Medium,1,Normal,-0.0593,
2608,India,2020,Malware,Healthcare,7.08,875225,Unknown,Zero-day,Antivirus,31,7.080708070807081,87.55445737694258,43.05555555555556,38.42,Medium,1,Normal,-0.0425,
2609,Germany,2024,Malware,Retail,71.2,989625,Unknown,Social Engineering,Firewall,53,71.20712071207122,98.99863450159307,73.61111111111111,80.03,High,1,Normal,-0.0475,
2610,China,2016,DDoS,Education,89.08,210433,Insider,Weak Passwords,AI-based Detection,63,89.0889088908891,21.05098360901729,87.5,68.36,High,1,Normal,-0.0343,
2611,USA,2018,Malware,IT,26.31,709153,Hacker Group,Weak Passwords,VPN,45,26.312631263126317,70.94119353564051,62.5,46.94,Medium,1,Normal,-0.0959,
2612,France,2020,Ransomware,IT,21.11,568832,Nation-state,Social Engineering,Firewall,12,21.112111211121118,56.9039699490314,16.666666666666664,30.96,Low,1,Normal,-0.0707,
2613,China,2022,Phishing,Retail,51.76,355545,Unknown,Weak Passwords,Encryption,68,51.76517651765177,35.56748213097781,94.44444444444444,55.44,Medium,1,Normal,-0.072,
2614,Germany,2019,Phishing,Education,90.91,112635,Insider,Weak Passwords,Firewall,55,90.91909190919093,11.2676126786277,76.38888888888889,64.12,Medium,1,Normal,-0.0431,
2615,Brazil,2015,SQL Injection,Banking,89.39,988268,Unknown,Zero-day,VPN,44,89.39893989398941,98.86288495300784,61.11111111111112,86.58,High,1,Normal,-0.0031,
2616,India,2021,Malware,Education,65.87,357399,Nation-state,Zero-day,Encryption,2,65.87658765876589,35.752949826686745,2.7777777777777777,44.22,Medium,1,Normal,-0.0398,
2617,Japan,2018,Man-in-the-Middle,Government,78.16,512258,Hacker Group,Weak Passwords,Encryption,32,78.16781678167817,51.24450424404908,44.44444444444444,63.35,Medium,1,Normal,-0.1053,
2618,Australia,2024,Ransomware,Healthcare,24.21,180760,Nation-state,Weak Passwords,Encryption,34,24.21242124212421,18.082600149054404,47.22222222222222,26.98,Low,1,Normal,-0.0776,
2619,USA,2023,Man-in-the-Middle,Retail,81.16,691638,Unknown,Zero-day,Antivirus,17,81.16811681168117,69.18905400471172,23.61111111111111,66.06,High,1,Normal,-0.0845,
2620,Russia,2019,Ransomware,IT,80.18,123757,Insider,Social Engineering,Encryption,54,80.1880188018802,12.380218779854648,75.0,58.81,Medium,1,Normal,-0.0778,
2621,Germany,2018,DDoS,Telecommunications,70.0,702285,Hacker Group,Zero-day,AI-based Detection,46,70.00700070007001,70.25414276210817,63.888888888888886,68.86,High,1,Normal,-0.1076,
2622,Australia,2022,DDoS,Education,9.73,907708,Unknown,Unpatched Software,AI-based Detection,44,9.730973097309732,90.80394343935536,61.11111111111112,44.33,Medium,1,Normal,-0.0508,
2623,Australia,2015,DDoS,Healthcare,4.49,713160,Hacker Group,Unpatched Software,Encryption,26,4.490449044904491,71.34203984454327,36.11111111111111,30.87,Low,1,Normal,-0.0458,
2624,USA,2022,Malware,Banking,46.75,239200,Nation-state,Social Engineering,Encryption,8,46.75467546754676,23.928733987905584,11.11111111111111,32.78,Low,1,Normal,-0.0721,
2625,China,2016,DDoS,Healthcare,63.15,500521,Nation-state,Weak Passwords,Encryption,27,63.15631563156315,50.07037568712581,37.5,54.1,Medium,1,Normal,-0.1166,
2626,India,2015,Phishing,IT,25.47,741259,Hacker Group,Unpatched Software,Antivirus,18,25.47254725472548,74.15296583252888,25.0,39.98,Medium,1,Normal,-0.0739,
2627,Japan,2021,SQL Injection,Education,3.97,604843,Insider,Unpatched Software,AI-based Detection,40,3.9703970397039705,60.50638483046312,55.55555555555556,31.25,Low,1,Normal,-0.0618,
2628,UK,2023,SQL Injection,Education,19.17,697610,Insider,Weak Passwords,Encryption,18,19.17191719171917,69.78647206230274,25.0,35.52,Medium,1,Normal,-0.0708,
2629,Germany,2022,SQL Injection,IT,58.35,730850,Hacker Group,Weak Passwords,AI-based Detection,27,58.35583558355836,73.11168576530433,37.5,58.61,Medium,1,Normal,-0.116,
2630,Australia,2018,SQL Injection,IT,65.08,417807,Insider,Social Engineering,Firewall,46,65.0865086508651,41.795955523766175,63.888888888888886,57.86,Medium,1,Normal,-0.1216,
2631,India,2020,Malware,Healthcare,3.74,58205,Hacker Group,Unpatched Software,Encryption,63,3.740374037403741,5.82262525821925,87.5,21.12,Low,-1,Anomaly,0.0168,"Low financial_loss_million, Low affected_users, High resolution_time_hours, Low risk_score"
2632,India,2016,SQL Injection,Healthcare,33.11,830670,Unknown,Social Engineering,Antivirus,11,33.11331133113312,83.09733052564185,15.27777777777778,44.54,Medium,1,Normal,-0.0809,
2633,Brazil,2024,Ransomware,Government,57.7,691990,Insider,Weak Passwords,Antivirus,41,57.70577057705771,69.22426685740295,56.94444444444444,61.01,Medium,1,Normal,-0.1152,
2634,USA,2015,Ransomware,Retail,74.68,498089,Insider,Weak Passwords,Encryption,18,74.6874687468747,49.82708688671365,25.0,57.29,Medium,1,Normal,-0.0952,
2635,China,2015,Ransomware,IT,86.82,748040,Insider,Weak Passwords,Firewall,18,86.82868286828682,74.83131342940173,25.0,70.86,High,1,Normal,-0.0775,
2636,Brazil,2018,Ransomware,Healthcare,4.51,909979,Nation-state,Social Engineering,VPN,65,4.51045104510451,91.0311263611218,90.2777777777778,47.62,Medium,1,Normal,-0.0223,
2637,Australia,2019,Man-in-the-Middle,Banking,27.0,286038,Nation-state,Social Engineering,Encryption,43,27.002700270027,28.61424419913268,59.72222222222222,34.03,Medium,1,Normal,-0.0949,
2638,Russia,2021,SQL Injection,Retail,82.88,479586,Insider,Zero-day,AI-based Detection,8,82.88828882888288,47.976111280617424,11.11111111111111,58.06,Medium,1,Normal,-0.0685,
2639,Australia,2020,Phishing,Banking,42.03,454763,Hacker Group,Social Engineering,Firewall,14,42.03420342034204,45.49290491029226,19.444444444444446,38.55,Medium,1,Normal,-0.1007,
2640,UK,2019,Phishing,Telecommunications,33.85,60183,Nation-state,Unpatched Software,AI-based Detection,17,33.85338533853386,6.020497481580777,23.61111111111111,23.46,Low,1,Normal,-0.0422,
2641,Russia,2018,Phishing,Education,94.6,596801,Nation-state,Weak Passwords,Antivirus,70,94.6094609460946,59.70189119028445,97.2222222222222,84.66,High,1,Normal,-0.0006,
2642,China,2021,Ransomware,IT,71.9,698786,Hacker Group,Zero-day,Antivirus,21,71.9071907190719,69.90411500197573,29.166666666666668,62.76,Medium,1,Normal,-0.1012,
2643,Japan,2021,DDoS,Telecommunications,94.23,441749,Nation-state,Unpatched Software,AI-based Detection,55,94.23942394239424,44.19102972584994,76.38888888888889,75.65,High,1,Normal,-0.0578,
2644,China,2018,SQL Injection,Healthcare,76.4,966102,Hacker Group,Social Engineering,Firewall,1,76.40764076407642,96.64547559859348,1.3888888888888888,67.48,High,-1,Anomaly,0.0214,"High financial_loss_million, High affected_users, Low resolution_time_hours"
2645,India,2017,Malware,Healthcare,66.29,430200,Unknown,Zero-day,Antivirus,48,66.29662966296631,43.0357080334322,66.66666666666666,59.39,Medium,1,Normal,-0.118,
2646,UK,2023,Ransomware,Banking,49.89,638668,Nation-state,Social Engineering,Encryption,47,49.8949894989499,63.89011989376122,65.27777777777779,57.17,Medium,1,Normal,-0.1081,
2647,UK,2019,DDoS,Healthcare,81.91,127817,Nation-state,Weak Passwords,Antivirus,66,81.91819181918191,12.786367023963749,91.66666666666666,63.13,Medium,1,Normal,-0.0413,
2648,Brazil,2017,Man-in-the-Middle,Government,14.54,491794,Nation-state,Zero-day,Encryption,4,14.541454145414544,49.19735703531789,5.555555555555555,23.14,Low,1,Normal,-0.0416,
2649,Germany,2024,Ransomware,IT,33.44,737958,Hacker Group,Social Engineering,Encryption,54,33.44334433443345,73.82274530203524,75.0,53.87,Medium,1,Normal,-0.0885,
2650,Australia,2017,DDoS,Education,31.74,724207,Hacker Group,Weak Passwords,Firewall,54,31.743174317431745,72.44714320727066,75.0,52.61,Medium,1,Normal,-0.0951,
2651,Germany,2018,SQL Injection,Healthcare,78.11,451780,Hacker Group,Unpatched Software,VPN,28,78.11781178117812,45.194495991036725,38.88888888888889,60.4,Medium,1,Normal,-0.111,
2652,India,2016,Man-in-the-Middle,Healthcare,8.25,875227,Unknown,Zero-day,AI-based Detection,20,8.25082508250825,87.55465744996924,27.77777777777778,35.95,Medium,1,Normal,-0.0483,
2653,Brazil,2018,Malware,Banking,17.52,334945,Nation-state,Weak Passwords,Antivirus,33,17.52175217521752,33.5067299564341,45.83333333333333,27.98,Low,1,Normal,-0.0772,
2654,Australia,2023,DDoS,IT,81.89,525978,Unknown,Weak Passwords,Antivirus,12,81.8981898189819,52.61700520690052,16.666666666666664,60.07,Medium,1,Normal,-0.0863,
2655,UK,2016,Phishing,Retail,37.29,761252,Insider,Weak Passwords,VPN,57,37.29372937293729,76.15299584348287,79.16666666666666,57.33,Medium,1,Normal,-0.0925,
2656,China,2017,Phishing,Government,38.87,168075,Insider,Social Engineering,AI-based Detection,52,38.87388738873888,16.813636977496788,72.22222222222221,38.93,Medium,1,Normal,-0.0853,
2657,Japan,2015,Ransomware,Banking,6.57,443408,Hacker Group,Weak Passwords,Encryption,71,6.570657065706572,44.35699030146003,98.61111111111111,36.31,Medium,1,Normal,-0.0239,
2658,UK,2018,DDoS,IT,17.99,60917,Unknown,Zero-day,VPN,1,17.99179917991799,6.093924282363063,1.3888888888888888,11.1,Low,-1,Anomaly,0.062,"Low financial_loss_million, Low affected_users, Low resolution_time_hours, Low risk_score"
2659,USA,2017,Man-in-the-Middle,Banking,59.54,839892,Nation-state,Weak Passwords,Encryption,20,59.54595459545955,84.01986725154681,27.77777777777778,60.53,Medium,1,Normal,-0.1002,
2660,Brazil,2021,Ransomware,Government,72.14,673933,Unknown,Zero-day,AI-based Detection,22,72.14721472147215,67.41790753625074,30.55555555555556,62.41,Medium,1,Normal,-0.0994,
2661,USA,2021,Ransomware,Education,84.64,534283,Insider,Social Engineering,VPN,49,84.64846484648464,53.44780845008428,68.05555555555556,71.97,High,1,Normal,-0.1014,
2662,UK,2022,DDoS,Education,32.2,49715,Insider,Unpatched Software,Encryption,72,32.20322032203221,4.973315260069926,100.0,37.59,Medium,1,Normal,-0.0058,
2663,China,2022,SQL Injection,Banking,1.16,297461,Hacker Group,Zero-day,Firewall,15,1.16011601160116,29.75696129087117,20.833333333333336,13.67,Low,-1,Anomaly,0.0077,"Low financial_loss_million, Low resolution_time_hours, Low risk_score"
2664,Russia,2021,SQL Injection,Healthcare,48.71,861410,Unknown,Social Engineering,VPN,7,48.71487148714872,86.17245294532503,9.722222222222223,52.15,Medium,1,Normal,-0.0621,
2665,Germany,2016,DDoS,Telecommunications,14.28,547178,Insider,Social Engineering,Firewall,45,14.28142814281428,54.737779289440645,62.5,36.06,Medium,1,Normal,-0.0932,
2666,Japan,2020,Ransomware,Banking,37.38,273660,Insider,Weak Passwords,Firewall,6,37.38373837383739,27.375992237166564,8.333333333333332,28.57,Low,1,Normal,-0.0607,
2667,Brazil,2023,Phishing,IT,23.01,195113,Unknown,Unpatched Software,Encryption,4,23.01230123012301,19.518424224842068,5.555555555555555,18.47,Low,1,Normal,-0.0124,
2668,China,2018,Man-in-the-Middle,Banking,9.77,881294,Insider,Unpatched Software,AI-based Detection,3,9.770977097709771,88.16157897632635,4.166666666666666,32.17,Low,1,Normal,-0.0066,
2669,USA,2024,Phishing,Government,58.64,146937,Hacker Group,Social Engineering,Firewall,10,58.64586458645865,14.699065158782956,13.88888888888889,36.51,Medium,1,Normal,-0.0555,
2670,Russia,2016,Phishing,Healthcare,11.29,72191,Unknown,Weak Passwords,Antivirus,3,11.29112911291129,7.221735933615769,4.166666666666666,8.65,Low,-1,Anomaly,0.0602,"Low financial_loss_million, Low affected_users, Low resolution_time_hours, Low risk_score"
2671,Australia,2022,Man-in-the-Middle,Government,90.65,898589,Hacker Group,Zero-day,AI-based Detection,58,90.65906590659068,89.89171047432313,80.55555555555556,88.41,High,1,Normal,-0.014,
2672,Japan,2024,Malware,Telecommunications,30.66,430306,Nation-state,Weak Passwords,VPN,67,30.663066306630665,43.0463119038449,93.05555555555556,46.86,Medium,1,Normal,-0.0764,
2673,Australia,2022,DDoS,IT,27.02,835814,Insider,Weak Passwords,Encryption,40,27.022702270227025,83.61191835019783,55.55555555555556,49.71,Medium,1,Normal,-0.0931,
2674,Russia,2015,SQL Injection,IT,56.07,837322,Insider,Zero-day,AI-based Detection,25,56.07560756075608,83.76277341229549,34.72222222222222,60.11,Medium,1,Normal,-0.1025,
2675,Russia,2019,SQL Injection,Telecommunications,10.88,299403,Unknown,Unpatched Software,Antivirus,23,10.881088108810882,29.95123219975291,31.944444444444443,20.81,Low,1,Normal,-0.0572,
2676,USA,2024,Man-in-the-Middle,Government,96.13,482492,Unknown,Social Engineering,Encryption,17,96.13961396139614,48.266817388346745,23.61111111111111,67.27,High,1,Normal,-0.052,
2677,China,2022,DDoS,IT,88.61,777010,Hacker Group,Weak Passwords,VPN,34,88.61886188618863,77.72937122049548,47.22222222222222,77.07,High,1,Normal,-0.0727,
2678,Germany,2021,DDoS,IT,73.5,806210,Unknown,Weak Passwords,Antivirus,5,73.5073507350735,80.65043740965451,6.944444444444445,62.34,Medium,1,Normal,-0.0436,
2679,China,2024,Malware,Government,1.17,281616,Nation-state,Unpatched Software,Encryption,6,1.17011701170117,28.17188273719908,8.333333333333332,10.7,Low,-1,Anomaly,0.0466,"Low financial_loss_million, Low resolution_time_hours, Low risk_score"
2680,India,2023,Ransomware,Banking,42.02,827952,Hacker Group,Unpatched Software,AI-based Detection,21,42.02420242024203,82.82543128241808,29.166666666666668,51.69,Medium,1,Normal,-0.1106,
2681,USA,2020,Malware,Retail,59.15,179586,Hacker Group,Social Engineering,VPN,27,59.15591559155916,17.96515728240808,37.5,42.47,Medium,1,Normal,-0.0944,
2682,UK,2022,Phishing,Retail,26.63,725905,Hacker Group,Zero-day,VPN,54,26.632663266326634,72.61700520690052,75.0,50.1,Medium,1,Normal,-0.091,
2683,USA,2016,DDoS,Healthcare,30.49,723411,Hacker Group,Weak Passwords,AI-based Detection,40,30.49304930493049,72.36751414266207,55.55555555555556,48.07,Medium,1,Normal,-0.101,
2684,India,2024,Malware,Banking,14.01,141437,Nation-state,Weak Passwords,Firewall,10,14.011401140114014,14.14886433548245,13.88888888888889,14.03,Low,1,Normal,-0.0046,
2685,USA,2019,DDoS,Government,49.88,441744,Unknown,Weak Passwords,Firewall,40,49.88498849884989,44.1905295432833,55.55555555555556,49.31,Medium,1,Normal,-0.1245,
2686,Japan,2016,Malware,Telecommunications,4.84,936738,Insider,Weak Passwords,Antivirus,8,4.84048404840484,93.70800342124876,11.11111111111111,32.75,Low,1,Normal,-0.0081,
2687,USA,2024,Malware,Education,75.51,822636,Insider,Social Engineering,Antivirus,63,75.51755175517553,82.2936371775698,87.5,79.95,High,1,Normal,-0.0652,
2688,Australia,2018,Malware,Banking,68.32,843891,Unknown,Weak Passwords,Antivirus,31,68.32683268326832,84.41991326834295,43.05555555555556,68.1,High,1,Normal,-0.1026,
2689,Russia,2020,DDoS,Healthcare,6.37,82576,Nation-state,Weak Passwords,VPN,40,6.37063706370637,8.26061512452045,55.55555555555556,16.77,Low,1,Normal,-0.0256,
2690,France,2024,Ransomware,Banking,97.53,759522,Unknown,Weak Passwords,VPN,39,97.53975397539756,75.97993267542653,54.16666666666666,82.4,High,1,Normal,-0.0453,
2691,UK,2024,Ransomware,Banking,12.22,860343,Hacker Group,Weak Passwords,Antivirus,42,12.221222122212222,86.06571398560475,58.333333333333336,43.6,Medium,1,Normal,-0.0617,
2692,Australia,2023,Malware,Government,55.72,14483,Nation-state,Weak Passwords,Firewall,36,55.72557255725573,1.44882882252022,50.0,38.3,Medium,1,Normal,-0.0567,
2693,Japan,2023,Malware,Telecommunications,67.77,871255,Hacker Group,Social Engineering,AI-based Detection,24,67.77677767776777,87.15731241903295,33.33333333333333,66.7,High,1,Normal,-0.087,
2694,India,2019,Man-in-the-Middle,Government,98.86,48647,Unknown,Zero-day,Encryption,48,98.86988698869888,4.8664762638363,66.66666666666666,64.23,Medium,-1,Anomaly,0.0091,"High financial_loss_million, Low affected_users"
2695,Australia,2024,Phishing,Education,74.75,109907,Insider,Social Engineering,VPN,5,74.75747574757476,10.994713070270649,6.944444444444445,42.07,Medium,1,Normal,-0.0444,
2696,Brazil,2022,Man-in-the-Middle,Retail,89.11,749386,Unknown,Unpatched Software,Firewall,16,89.11891189118913,74.96596257634036,22.22222222222222,71.49,High,1,Normal,-0.0741,
2697,Russia,2018,Malware,Telecommunications,89.79,900723,Insider,Zero-day,Firewall,32,89.79897989798981,90.10518839376373,44.44444444444444,80.82,High,1,Normal,-0.0531,
2698,France,2024,Phishing,IT,49.75,943151,Nation-state,Zero-day,VPN,66,49.75497549754976,94.34953758121716,91.66666666666666,71.52,High,1,Normal,-0.0335,
2699,USA,2019,Malware,Education,1.05,93580,Nation-state,Unpatched Software,VPN,21,1.05010501050105,9.361416917174768,29.166666666666668,9.17,Low,-1,Anomaly,0.0178,"Low financial_loss_million, Low affected_users, Low risk_score"
2700,China,2019,Malware,Retail,26.66,303469,Insider,Social Engineering,VPN,60,26.662666266626665,30.357980662941976,83.33333333333334,39.11,Medium,1,Normal,-0.0829,
2701,USA,2024,Malware,Telecommunications,0.71,28436,Unknown,Unpatched Software,Encryption,66,0.7100710071007101,2.8446382929769367,91.66666666666666,19.54,Low,-1,Anomaly,0.0416,"Low financial_loss_million, Low affected_users, High resolution_time_hours, Low risk_score"
2702,France,2015,Phishing,Healthcare,41.92,383484,Unknown,Unpatched Software,VPN,52,41.924192419241926,38.36240227683104,72.22222222222221,46.92,Medium,1,Normal,-0.1021,
2703,Germany,2017,DDoS,Telecommunications,40.05,27446,Insider,Social Engineering,AI-based Detection,13,40.054005400540056,2.745602144782846,18.055555555555557,24.46,Low,1,Normal,-0.03,
2704,Japan,2020,Phishing,Healthcare,73.13,39276,Nation-state,Unpatched Software,Firewall,29,73.13731373137313,3.929034097445568,40.27777777777778,45.8,Medium,1,Normal,-0.0674,
2705,Brazil,2024,SQL Injection,IT,33.94,88304,Nation-state,Zero-day,Encryption,41,33.943394339433944,8.833624272859595,56.94444444444444,31.01,Low,1,Normal,-0.083,
2706,Brazil,2019,Malware,Government,4.95,281096,Nation-state,Zero-day,AI-based Detection,2,4.950495049504951,28.11986375026885,2.7777777777777777,11.47,Low,-1,Anomaly,0.0472,"Low financial_loss_million, Low resolution_time_hours, Low risk_score"
2707,Australia,2018,SQL Injection,Banking,50.23,793612,Nation-state,Zero-day,Firewall,12,50.23502350235023,79.3901774147564,16.666666666666664,52.27,Medium,1,Normal,-0.0878,
2708,UK,2016,Malware,Banking,49.92,848188,Nation-state,Unpatched Software,VPN,12,49.92499249924993,84.84977016611063,16.666666666666664,53.75,Medium,1,Normal,-0.0861,
2709,India,2016,Man-in-the-Middle,IT,70.24,374767,Unknown,Unpatched Software,Antivirus,67,70.24702470247026,37.4903839901564,93.05555555555556,64.98,Medium,1,Normal,-0.0724,
2710,France,2019,DDoS,Telecommunications,85.65,835349,Nation-state,Unpatched Software,VPN,8,85.65856585658567,83.5654013715006,11.11111111111111,70.12,High,1,Normal,-0.0422,
2711,Japan,2020,SQL Injection,Banking,64.25,877560,Nation-state,Weak Passwords,Encryption,61,64.25642564256427,87.78804263556198,84.72222222222221,75.41,High,1,Normal,-0.062,
2712,Germany,2016,Man-in-the-Middle,Government,58.93,249279,Unknown,Weak Passwords,VPN,58,58.93589358935893,24.937002005732094,80.55555555555556,53.06,Medium,1,Normal,-0.0979,
2713,Japan,2017,Ransomware,Government,9.24,126143,Unknown,Weak Passwords,Antivirus,35,9.24092409240924,12.618905900653738,48.61111111111111,18.13,Low,1,Normal,-0.0362,
2714,France,2021,Malware,Government,50.84,7910,Unknown,Unpatched Software,Firewall,19,50.84508450845085,0.7912888204194531,26.38888888888889,30.94,Low,1,Normal,-0.0427,
2715,Brazil,2020,SQL Injection,Education,85.12,732802,Nation-state,Weak Passwords,Antivirus,62,85.12851285128514,73.30695703931936,86.11111111111111,81.78,High,1,Normal,-0.0521,
2716,USA,2019,DDoS,Telecommunications,12.13,426349,Hacker Group,Unpatched Software,Encryption,44,12.131213121312133,42.65046742060852,61.11111111111112,31.08,Low,1,Normal,-0.0855,
2717,China,2019,Man-in-the-Middle,Telecommunications,6.24,739538,Nation-state,Zero-day,Encryption,5,6.2406240624062415,73.98080299309248,6.944444444444445,26.7,Low,1,Normal,-0.0088,
2718,UK,2016,SQL Injection,Retail,17.98,251689,Nation-state,Social Engineering,Antivirus,1,17.981798179817986,25.17809000285104,1.3888888888888888,16.82,Low,-1,Anomaly,0.0087,"Low financial_loss_million, Low affected_users, Low resolution_time_hours, Low risk_score"
2719,Germany,2015,Malware,Education,75.2,461291,Insider,Social Engineering,AI-based Detection,5,75.20752075207523,46.14594326929329,6.944444444444445,52.84,Medium,1,Normal,-0.0634,
2720,UK,2021,Man-in-the-Middle,Banking,71.88,757595,Insider,Weak Passwords,VPN,40,71.88718871887188,75.78716231424471,55.55555555555556,69.79,High,1,Normal,-0.1034,
2721,Japan,2024,Man-in-the-Middle,Retail,12.62,970866,Hacker Group,Weak Passwords,Firewall,13,12.62126212621262,97.12204954808506,18.055555555555557,39.06,Medium,1,Normal,-0.0205,
2722,Brazil,2021,Malware,Government,79.56,334916,Nation-state,Weak Passwords,Firewall,35,79.56795679567958,33.503828897547606,48.61111111111111,59.56,Medium,1,Normal,-0.1074,
2723,UK,2019,Man-in-the-Middle,IT,35.37,384185,Insider,Weak Passwords,Firewall,71,35.37353735373537,38.432527872673525,98.61111111111111,48.94,Medium,1,Normal,-0.0602,
2724,Australia,2016,Phishing,Education,98.72,6670,Nation-state,Social Engineering,VPN,24,98.72987298729872,0.6672435438935211,33.33333333333333,56.23,Medium,-1,Anomaly,0.0108,"High financial_loss_million, Low affected_users"
2725,France,2016,Man-in-the-Middle,IT,62.08,801177,Nation-state,Social Engineering,Encryption,11,62.08620862086208,80.1469536380779,15.27777777777778,58.14,Medium,1,Normal,-0.09,
2726,Russia,2016,Ransomware,Banking,28.79,183711,Insider,Zero-day,Encryption,50,28.79287928792879,18.377807899883457,69.44444444444444,33.8,Medium,1,Normal,-0.0866,
2727,France,2015,Malware,Retail,83.45,573985,Insider,Weak Passwords,AI-based Detection,45,83.45834583458347,57.41945810220731,62.5,71.46,High,1,Normal,-0.1037,
2728,Japan,2018,DDoS,Healthcare,88.04,675172,Nation-state,Weak Passwords,Antivirus,43,88.04880488048806,67.54185277626334,59.72222222222222,76.23,High,1,Normal,-0.0785,
2729,Germany,2018,DDoS,Government,35.76,716770,Insider,Unpatched Software,Encryption,2,35.76357635763576,71.70317165765503,2.7777777777777777,39.95,Medium,1,Normal,-0.0366,
2730,Australia,2016,DDoS,IT,43.19,825866,Unknown,Weak Passwords,Firewall,23,43.19431943194319,82.6167551156172,31.944444444444443,52.77,Medium,1,Normal,-0.1089,
2731,USA,2019,Ransomware,Healthcare,92.43,206631,Unknown,Zero-day,AI-based Detection,64,92.43924392439246,20.67064478534665,88.88888888888889,70.2,High,1,Normal,-0.0211,
2732,Germany,2016,Phishing,Banking,40.18,153211,Nation-state,Weak Passwords,Encryption,43,40.18401840184019,15.326694243398842,59.72222222222222,36.63,Medium,1,Normal,-0.0925,
2733,Japan,2018,SQL Injection,IT,48.91,322255,Nation-state,Zero-day,AI-based Detection,41,48.914891489148914,32.237266602309845,56.94444444444444,45.52,Medium,1,Normal,-0.1112,
2734,China,2021,Ransomware,Telecommunications,44.84,16106,Nation-state,Weak Passwords,Firewall,29,44.84448444844485,1.6111880836505326,40.27777777777778,30.96,Low,1,Normal,-0.054,
2735,USA,2021,Man-in-the-Middle,Education,51.43,640851,Unknown,Zero-day,VPN,11,51.43514351435143,64.10849960235487,15.27777777777778,48.01,Medium,1,Normal,-0.0993,
2736,Japan,2022,Phishing,Banking,12.42,570853,Unknown,Unpatched Software,Encryption,4,12.42124212421242,57.106143742466,5.555555555555555,24.45,Low,1,Normal,-0.0313,
2737,USA,2023,SQL Injection,Banking,98.91,995462,Unknown,Unpatched Software,Firewall,33,98.91989198919892,99.58254762988491,45.83333333333333,88.5,High,-1,Anomaly,0.0398,"High financial_loss_million, High affected_users, High risk_score"
2738,Russia,2015,Ransomware,Telecommunications,64.68,716832,Hacker Group,Social Engineering,VPN,67,64.6864686468647,71.70937392148134,93.05555555555556,72.47,High,1,Normal,-0.0495,
2739,USA,2015,Malware,Retail,41.34,677462,Unknown,Unpatched Software,AI-based Detection,45,41.34413441344135,67.770936391783,62.5,53.5,Medium,1,Normal,-0.1035,
2740,France,2020,DDoS,IT,52.09,362499,Insider,Unpatched Software,Encryption,4,52.0952095209521,36.2631360446563,5.555555555555555,38.04,Medium,1,Normal,-0.0665,
2741,India,2023,DDoS,Retail,26.01,274512,Insider,Weak Passwords,AI-based Detection,69,26.01260126012602,27.46122334652148,95.83333333333334,40.41,Medium,1,Normal,-0.0519,
2742,Germany,2017,Malware,Government,63.97,590555,Nation-state,Social Engineering,AI-based Detection,27,63.97639763976398,59.07706312804174,37.5,57.21,Medium,1,Normal,-0.1203,
2743,Australia,2024,Phishing,Telecommunications,42.28,297456,Nation-state,Zero-day,VPN,20,42.28422842284228,29.75646110830453,27.77777777777778,35.62,Medium,1,Normal,-0.0975,
2744,Russia,2015,Ransomware,Government,2.73,465465,Nation-state,Unpatched Software,Encryption,60,2.7302730273027302,46.56349567592172,83.33333333333334,32.0,Low,1,Normal,-0.0366,
2745,India,2023,Man-in-the-Middle,IT,58.9,24387,Hacker Group,Unpatched Software,Encryption,29,58.905890589058906,2.4395904505144377,40.27777777777778,38.24,Medium,1,Normal,-0.0661,
2746,France,2020,Man-in-the-Middle,Education,35.12,871001,Nation-state,Zero-day,Antivirus,39,35.12351235123513,87.1319031446478,54.16666666666666,54.53,Medium,1,Normal,-0.0952,
2747,Brazil,2019,Malware,IT,8.31,989421,Unknown,Zero-day,Firewall,46,8.310831083108312,98.9782270528743,63.888888888888886,46.63,Medium,1,Normal,-0.0343,
2748,France,2015,Phishing,Retail,84.86,190100,Nation-state,Zero-day,AI-based Detection,69,84.86848684868488,19.016941183531987,95.83333333333334,67.31,High,1,Normal,-0.0294,
2749,France,2018,SQL Injection,IT,63.56,3324,Unknown,Zero-day,Encryption,65,63.56635663566357,0.3325213703001596,90.2777777777778,49.94,Medium,1,Normal,-0.0285,
2750,UK,2024,Malware,Retail,33.24,851177,Insider,Unpatched Software,Encryption,53,33.24332433243325,85.14877930444612,73.61111111111111,56.89,Medium,1,Normal,-0.0875,
2751,Russia,2015,Malware,Healthcare,35.11,477346,Unknown,Social Engineering,Firewall,8,35.11351135113511,47.75202949076413,11.11111111111111,34.1,Medium,1,Normal,-0.076,
2752,USA,2021,Malware,Healthcare,49.73,386686,Insider,Zero-day,AI-based Detection,7,49.734973497349735,38.68271919250527,9.722222222222223,38.42,Medium,1,Normal,-0.075,
2753,Russia,2016,DDoS,Banking,87.62,922456,Insider,Zero-day,VPN,67,87.62876287628764,92.27928193790731,93.05555555555556,90.11,High,-1,Anomaly,0.0109,"High financial_loss_million, High affected_users, High resolution_time_hours, High risk_score"
2754,China,2021,DDoS,Telecommunications,84.09,954379,Insider,Social Engineering,VPN,59,84.0984098409841,95.4727475528568,81.94444444444444,87.08,High,1,Normal,-0.0163,
2755,Germany,2024,Phishing,Telecommunications,36.34,887186,Insider,Weak Passwords,Antivirus,8,36.34363436343635,88.75099411285119,11.11111111111111,47.02,Medium,1,Normal,-0.0647,
2756,India,2018,Malware,Education,41.28,197323,Hacker Group,Social Engineering,Antivirus,47,41.28412841284128,19.73950491929554,65.27777777777779,39.62,Medium,1,Normal,-0.0986,
2757,India,2016,Malware,IT,34.78,294587,Unknown,Social Engineering,AI-based Detection,43,34.78347834783479,29.46945635156833,59.72222222222222,38.18,Medium,1,Normal,-0.1062,
2758,UK,2022,Man-in-the-Middle,Telecommunications,88.71,191263,Hacker Group,Unpatched Software,Encryption,68,88.71887188718873,19.13328364853172,94.44444444444444,68.99,High,1,Normal,-0.0125,
2759,France,2017,Ransomware,Healthcare,88.79,332214,Nation-state,Social Engineering,Antivirus,16,88.79887988798882,33.23353023853707,22.22222222222222,58.81,Medium,1,Normal,-0.0711,
2760,China,2024,Man-in-the-Middle,Government,56.26,196531,Hacker Group,Zero-day,Firewall,45,56.265626562656266,19.66027600074027,62.5,46.53,Medium,1,Normal,-0.1025,
2761,Brazil,2021,SQL Injection,Banking,4.34,258021,Hacker Group,Unpatched Software,Encryption,46,4.340434043404341,25.811521205239917,63.888888888888886,22.69,Low,1,Normal,-0.051,
2762,Russia,2021,Ransomware,Healthcare,85.65,920121,Unknown,Social Engineering,Antivirus,21,85.65856585658567,92.04569667928794,29.166666666666668,76.28,High,1,Normal,-0.0515,
2763,Australia,2021,SQL Injection,IT,4.52,971908,Unknown,Zero-day,AI-based Detection,16,4.520452045204521,97.22628759497216,22.22222222222222,35.87,Medium,1,Normal,-0.0128,
2764,France,2017,Ransomware,IT,27.19,760590,Nation-state,Weak Passwords,Encryption,9,27.1927192719272,76.08677167166016,12.5,38.92,Medium,1,Normal,-0.055,
2765,UK,2023,Man-in-the-Middle,Government,45.16,569044,Hacker Group,Social Engineering,Antivirus,27,45.16451645164516,56.9251776898568,37.5,47.16,Medium,1,Normal,-0.1224,
2766,France,2021,SQL Injection,Government,2.3,841324,Unknown,Weak Passwords,Encryption,8,2.3002300230023,84.1631195386316,11.11111111111111,28.62,Low,1,Normal,-0.0004,
2767,Japan,2022,Malware,Government,71.54,668679,Unknown,Social Engineering,VPN,27,71.54715471547156,66.89231569522876,37.5,63.34,Medium,1,Normal,-0.1086,
2768,India,2022,SQL Injection,Banking,27.86,310150,Unknown,Unpatched Software,AI-based Detection,21,27.862786278627865,31.0263246084821,29.166666666666668,29.07,Low,1,Normal,-0.0844,
2769,Germany,2016,Man-in-the-Middle,IT,13.21,549414,Unknown,Social Engineering,Encryption,70,13.211321132113213,54.96146093324064,97.2222222222222,42.54,Medium,1,Normal,-0.054,
2770,Australia,2015,DDoS,Government,11.89,731839,Unknown,Zero-day,AI-based Detection,14,11.891189118911893,73.2106218769851,19.444444444444446,31.8,Low,1,Normal,-0.06,
2771,Brazil,2023,SQL Injection,Healthcare,76.58,626352,Hacker Group,Social Engineering,Encryption,33,76.58765876587658,62.658070195621406,45.83333333333333,66.26,High,1,Normal,-0.1079,
2772,India,2022,DDoS,Banking,92.23,626017,Unknown,Unpatched Software,Antivirus,1,92.23922392239224,62.624557963656734,1.3888888888888888,65.18,Medium,1,Normal,-0.0045,
2773,Australia,2019,DDoS,Telecommunications,70.7,172782,Unknown,Social Engineering,VPN,2,70.70707070707071,17.28450884572869,2.7777777777777777,41.09,Medium,1,Normal,-0.0269,
2774,France,2021,Ransomware,Government,2.39,665023,Insider,Unpatched Software,Firewall,49,2.3902390239023905,66.52658220250392,68.05555555555556,34.76,Medium,1,Normal,-0.0399,
2775,Germany,2018,Man-in-the-Middle,Banking,89.87,15909,Nation-state,Zero-day,Antivirus,19,89.87898789878989,1.5914808905250415,26.38888888888889,50.69,Medium,1,Normal,-0.0348,
2776,UK,2023,Man-in-the-Middle,Banking,24.28,998547,Unknown,Weak Passwords,Antivirus,46,24.282428242824285,99.89116027349982,63.888888888888886,54.89,Medium,1,Normal,-0.0481,
2777,Australia,2019,DDoS,IT,58.3,76358,Nation-state,Weak Passwords,Encryption,58,58.3058305830583,7.638588084650897,80.55555555555556,47.56,Medium,1,Normal,-0.0661,
2778,Germany,2024,Man-in-the-Middle,IT,84.19,89704,Hacker Group,Social Engineering,Antivirus,26,84.19841984198419,8.973675391517904,36.11111111111111,52.01,Medium,1,Normal,-0.0769,
2779,Russia,2024,Man-in-the-Middle,Education,72.02,191361,Hacker Group,Unpatched Software,AI-based Detection,11,72.02720272027203,19.1430872268378,15.27777777777778,44.81,Medium,1,Normal,-0.0645,
2780,Germany,2023,Man-in-the-Middle,Government,0.61,200862,Insider,Social Engineering,Encryption,13,0.6100610061006101,20.093534139961086,18.055555555555557,9.94,Low,-1,Anomaly,0.0258,"Low financial_loss_million, Low affected_users, Low resolution_time_hours, Low risk_score"
2781,USA,2017,Malware,Government,89.49,4966,Hacker Group,Social Engineering,AI-based Detection,41,89.4989498949895,0.4967813251836921,56.94444444444444,56.29,Medium,1,Normal,-0.0177,
2782,Japan,2018,Phishing,Education,34.06,344674,Unknown,Weak Passwords,Antivirus,19,34.06340634063407,34.47998519459603,26.38888888888889,32.65,Low,1,Normal,-0.0971,
2783,USA,2020,Phishing,Government,37.66,449424,Unknown,Unpatched Software,Firewall,3,37.66376637663767,44.95880996563746,4.166666666666666,33.15,Medium,1,Normal,-0.0577,
2784,Germany,2020,Phishing,Healthcare,69.2,162807,Hacker Group,Unpatched Software,Encryption,4,69.20692069206922,16.28664462528823,5.555555555555555,40.6,Medium,1,Normal,-0.0383,
2785,India,2024,DDoS,Banking,47.1,21292,Insider,Social Engineering,Antivirus,10,47.10471047104711,2.1299774417662447,13.88888888888889,26.97,Low,1,Normal,-0.01,
2786,Australia,2023,Malware,Banking,25.7,993215,Nation-state,Zero-day,AI-based Detection,56,25.7025702570257,99.35776558443833,77.77777777777779,58.21,Medium,1,Normal,-0.0497,
2787,Australia,2017,DDoS,Banking,16.58,744201,Hacker Group,Zero-day,VPN,7,16.58165816581658,74.44727325473798,9.722222222222223,32.57,Low,1,Normal,-0.0427,
2788,Japan,2017,Phishing,Banking,61.33,762300,Nation-state,Social Engineering,VPN,20,61.33613361336133,76.25783410944995,27.77777777777778,59.1,Medium,1,Normal,-0.1038,
2789,France,2018,DDoS,Government,14.1,764003,Insider,Zero-day,AI-based Detection,43,14.1014101410141,76.42819629164646,59.72222222222222,41.92,Medium,1,Normal,-0.0769,
2790,China,2019,DDoS,Banking,33.88,761910,Hacker Group,Zero-day,Antivirus,27,33.88338833883389,76.21881986925227,37.5,47.31,Medium,1,Normal,-0.1129,
2791,France,2023,Ransomware,IT,87.45,296050,Insider,Weak Passwords,VPN,30,87.45874587458746,29.61580977056626,41.66666666666667,60.95,Medium,1,Normal,-0.0875,
2792,France,2020,Malware,Government,27.43,82853,Hacker Group,Social Engineering,Encryption,67,27.432743274327432,8.28832523871213,93.05555555555556,34.81,Medium,1,Normal,-0.0306,
2793,Japan,2022,SQL Injection,Banking,34.03,700439,Insider,Zero-day,Encryption,41,34.03340334033403,70.06947535850585,56.94444444444444,49.43,Medium,1,Normal,-0.1048,
2794,Russia,2022,SQL Injection,Retail,6.61,351048,Insider,Unpatched Software,VPN,57,6.610661066106611,35.11761793054465,79.16666666666666,29.67,Low,1,Normal,-0.0487,
2795,China,2020,Phishing,Retail,17.99,36963,Insider,Zero-day,VPN,54,17.99179917991799,3.697649642119374,75.0,25.11,Low,1,Normal,-0.0288,
2796,France,2021,Ransomware,IT,99.77,533151,Nation-state,Zero-day,Antivirus,43,99.7799779977998,53.3345671169977,59.72222222222222,77.83,High,1,Normal,-0.0364,
2797,Germany,2018,Man-in-the-Middle,Healthcare,61.93,62185,Nation-state,Social Engineering,Encryption,32,61.93619361936194,6.22077058126216,44.44444444444444,41.72,Medium,1,Normal,-0.0794,
2798,USA,2016,DDoS,Education,48.83,231299,Unknown,Unpatched Software,Encryption,58,48.83488348834884,23.13834549610608,80.55555555555556,47.47,Medium,1,Normal,-0.0886,
2799,UK,2017,SQL Injection,Retail,47.99,914365,Insider,Weak Passwords,Firewall,52,47.994799479948,91.46988650857564,72.22222222222221,65.88,Medium,1,Normal,-0.0824,
2800,Japan,2024,Ransomware,Retail,47.44,696953,Nation-state,Zero-day,Firewall,54,47.44474447444744,69.72074807304665,75.0,59.64,Medium,1,Normal,-0.1014,
2801,Russia,2015,Malware,Education,24.47,977607,Hacker Group,Zero-day,AI-based Detection,62,24.47244724472447,97.79639568442482,86.11111111111111,58.8,Medium,1,Normal,-0.0413,
2802,Australia,2020,Ransomware,Retail,71.03,91228,Hacker Group,Social Engineering,Antivirus,22,71.03710371037104,9.126131037828808,30.55555555555556,44.37,Medium,1,Normal,-0.0785,
2803,China,2016,Phishing,Government,59.95,417253,Insider,Weak Passwords,VPN,16,59.95599559955996,41.74053529538281,22.22222222222222,46.94,Medium,1,Normal,-0.0973,
2804,France,2021,Man-in-the-Middle,Government,44.03,60431,Hacker Group,Weak Passwords,AI-based Detection,59,44.03440344034404,6.045306536885963,81.94444444444444,40.22,Medium,1,Normal,-0.0623,
2805,Japan,2016,Man-in-the-Middle,Healthcare,44.69,567209,Hacker Group,Social Engineering,Antivirus,1,44.69446944694469,56.74161068790108,1.3888888888888888,39.65,Medium,1,Normal,-0.0428,
2806,France,2015,SQL Injection,IT,70.18,596168,Nation-state,Zero-day,Encryption,15,70.1870187018702,59.63856807734823,20.833333333333336,57.15,Medium,1,Normal,-0.0918,
2807,Japan,2024,Malware,Telecommunications,49.88,437357,Unknown,Weak Passwords,AI-based Detection,56,49.88498849884989,43.75166935931615,77.77777777777779,53.62,Medium,1,Normal,-0.0937,
2808,Australia,2016,Ransomware,IT,43.88,588421,Nation-state,Unpatched Software,Encryption,72,43.88438843884389,58.86358520860114,100.0,59.6,Medium,1,Normal,-0.0602,
2809,UK,2017,Phishing,IT,57.17,477292,Nation-state,Social Engineering,AI-based Detection,18,57.175717571757176,47.74662751904445,25.0,47.91,Medium,1,Normal,-0.0922,
2810,Germany,2018,Phishing,Education,16.76,163839,Insider,Social Engineering,Encryption,19,16.761676167616766,16.38988230704207,26.38888888888889,18.58,Low,1,Normal,-0.0489,
2811,UK,2024,SQL Injection,IT,65.06,922676,Unknown,Zero-day,VPN,6,65.06650665066506,92.30128997083936,8.333333333333332,61.89,Medium,1,Normal,-0.0476,
2812,UK,2023,Malware,Education,34.66,941720,Nation-state,Zero-day,Antivirus,71,34.663466346634664,94.20638533064567,98.61111111111111,65.32,Medium,1,Normal,-0.0148,
2813,Germany,2019,Phishing,Government,49.71,647613,Unknown,Social Engineering,Antivirus,53,49.71497149714972,64.7849465054745,73.61111111111111,59.02,Medium,1,Normal,-0.1027,
2814,Australia,2016,Ransomware,Telecommunications,27.17,429456,Hacker Group,Social Engineering,VPN,28,27.172717271727176,42.96128086751664,38.88888888888889,34.25,Medium,1,Normal,-0.1084,
2815,India,2020,Phishing,Government,85.73,340643,Unknown,Zero-day,Firewall,72,85.73857385738575,34.07673800937342,100.0,73.09,High,1,Normal,-0.0173,
2816,France,2021,Malware,Education,55.66,21833,Hacker Group,Zero-day,Encryption,2,55.66556655665566,2.184097195476349,2.7777777777777777,29.04,Low,1,Normal,-0.0002,
2817,Japan,2018,Phishing,Education,3.6,598297,Insider,Social Engineering,VPN,49,3.6003600360036003,59.8515458142222,68.05555555555556,33.37,Medium,1,Normal,-0.0503,
2818,Australia,2023,Phishing,Retail,78.28,92925,Insider,Zero-day,VPN,53,78.2878287828783,9.295893000945345,73.61111111111111,56.65,Medium,1,Normal,-0.074,
2819,Germany,2020,SQL Injection,Retail,70.09,98500,Hacker Group,Unpatched Software,Antivirus,30,70.0970097009701,9.853596562745402,41.66666666666667,46.34,Medium,1,Normal,-0.0844,
2820,Japan,2020,SQL Injection,IT,64.56,820070,Hacker Group,Weak Passwords,Encryption,70,64.56645664566457,82.03694348437179,97.2222222222222,76.34,High,1,Normal,-0.0316,
2821,UK,2024,Phishing,Banking,66.65,170892,Unknown,Zero-day,AI-based Detection,47,66.65666566656667,17.09543983553997,65.27777777777779,51.51,Medium,1,Normal,-0.1048,
2822,Brazil,2024,Ransomware,Healthcare,60.13,887531,Hacker Group,Social Engineering,Encryption,51,60.13601360136014,88.78550670994913,70.83333333333334,70.87,High,1,Normal,-0.0834,
2823,Australia,2024,DDoS,IT,57.81,179507,Insider,Weak Passwords,VPN,8,57.81578157815782,17.95725439785522,11.11111111111111,36.52,Medium,1,Normal,-0.0553,
2824,Russia,2023,DDoS,Banking,78.71,315219,Unknown,Social Engineering,Antivirus,30,78.71787178717872,31.533409694538506,41.66666666666667,57.15,Medium,1,Normal,-0.1069,
2825,USA,2016,Phishing,Government,63.35,223827,Insider,Zero-day,Antivirus,21,63.35633563356337,22.39087266852401,29.166666666666668,44.23,Medium,1,Normal,-0.1004,
2826,France,2016,DDoS,Healthcare,47.01,254371,Unknown,Zero-day,Antivirus,13,47.01470147014702,25.446387931595037,18.055555555555557,34.75,Medium,1,Normal,-0.0878,
2827,Japan,2023,DDoS,Government,67.59,839088,Unknown,Unpatched Software,VPN,62,67.5967596759676,83.93943789483161,86.11111111111111,76.2,High,1,Normal,-0.0681,
2828,China,2017,DDoS,IT,17.49,394109,Unknown,Unpatched Software,AI-based Detection,37,17.49174917491749,39.42529023093429,51.388888888888886,30.85,Low,1,Normal,-0.1028,
2829,France,2019,DDoS,IT,75.84,877224,Unknown,Unpatched Software,Encryption,57,75.84758475847585,87.75443036708398,79.16666666666666,80.08,High,1,Normal,-0.0666,
2830,Japan,2020,Phishing,Telecommunications,91.52,846884,Nation-state,Social Engineering,AI-based Detection,42,91.52915291529152,84.71932255273174,58.333333333333336,82.85,High,1,Normal,-0.0505,
2831,UK,2020,Malware,IT,44.05,100972,Nation-state,Unpatched Software,Antivirus,54,44.05440544054405,10.100886823690647,75.0,40.06,Medium,1,Normal,-0.0899,
2832,UK,2017,DDoS,Education,40.18,148447,Insider,Zero-day,AI-based Detection,39,40.18401840184019,14.850120293907276,54.16666666666666,35.38,Medium,1,Normal,-0.0899,
2833,France,2017,SQL Injection,IT,44.56,698908,Nation-state,Zero-day,Antivirus,32,44.564456445644566,69.91631945660166,44.44444444444444,52.15,Medium,1,Normal,-0.1153,
2834,India,2022,SQL Injection,Government,53.89,633626,Nation-state,Social Engineering,Antivirus,54,53.8953895389539,63.38573579356465,75.0,60.96,Medium,1,Normal,-0.102,
2835,Germany,2021,Malware,Government,88.01,334748,Unknown,Zero-day,Encryption,5,88.01880188018802,33.48702276330861,6.944444444444445,55.44,Medium,1,Normal,-0.029,
2836,China,2023,Phishing,Banking,55.94,383589,Unknown,Weak Passwords,Firewall,7,55.94559455945595,38.37290611073041,9.722222222222223,41.43,Medium,1,Normal,-0.0746,
2837,Germany,2018,Ransomware,Education,90.48,901880,Unknown,Social Engineering,VPN,16,90.4890489048905,90.22093063968347,22.22222222222222,76.76,High,1,Normal,-0.0457,
2838,Russia,2018,SQL Injection,Education,40.59,598151,Nation-state,Unpatched Software,AI-based Detection,34,40.5940594059406,59.83694048327639,47.22222222222222,47.69,Medium,1,Normal,-0.1195,
2839,France,2016,DDoS,Banking,77.29,120341,Nation-state,Zero-day,VPN,45,77.2977297729773,12.03849405032837,62.5,54.76,Medium,1,Normal,-0.086,
2840,Australia,2023,Phishing,Government,91.02,305005,Hacker Group,Zero-day,Firewall,71,91.02910291029104,30.51163674741281,98.61111111111111,74.39,High,1,Normal,-0.0089,
2841,Germany,2024,Man-in-the-Middle,Retail,46.41,494622,Hacker Group,Social Engineering,VPN,37,46.41464146414641,49.48026029500768,51.388888888888886,48.33,Medium,1,Normal,-0.1234,
2842,Germany,2021,SQL Injection,Banking,69.07,264662,Insider,Social Engineering,AI-based Detection,46,69.07690769076908,26.475863690246943,63.888888888888886,55.26,Medium,1,Normal,-0.1169,
2843,India,2021,SQL Injection,Healthcare,2.3,942089,Insider,Unpatched Software,VPN,39,2.3002300230023,94.24329880406349,54.16666666666666,40.26,Medium,1,Normal,-0.0245,
2844,France,2016,Man-in-the-Middle,Education,33.45,779870,Nation-state,Zero-day,Firewall,6,33.45334533453346,78.01547564861174,8.333333333333332,41.8,Medium,1,Normal,-0.0626,
2845,UK,2015,Phishing,IT,15.27,407233,Insider,Unpatched Software,Antivirus,72,15.271527152715272,40.73816943184262,100.0,39.86,Medium,1,Normal,-0.0486,
2846,Russia,2019,Malware,Banking,98.59,148622,Nation-state,Weak Passwords,Firewall,6,98.5998599859986,14.867626683739566,8.333333333333332,55.43,Medium,-1,Anomaly,0.0073,"High financial_loss_million, Low affected_users, Low resolution_time_hours"
2847,Brazil,2023,Ransomware,Healthcare,30.45,480773,Hacker Group,Weak Passwords,Encryption,52,30.45304530453045,48.094854621937,72.22222222222221,44.1,Medium,1,Normal,-0.1049,
2848,UK,2023,Malware,IT,22.24,946994,Unknown,Zero-day,VPN,13,22.24222422242224,94.7339779019342,18.055555555555557,43.15,Medium,1,Normal,-0.0515,
2849,Japan,2015,Malware,Retail,9.75,559143,Nation-state,Social Engineering,VPN,69,9.750975097509752,55.93471617140256,95.83333333333334,40.82,Medium,1,Normal,-0.0421,
2850,Brazil,2017,Man-in-the-Middle,Education,67.55,287646,Nation-state,Social Engineering,VPN,68,67.55675567556756,28.77510291256308,94.44444444444444,61.3,Medium,1,Normal,-0.0662,
2851,China,2019,SQL Injection,Retail,26.97,19575,Insider,Zero-day,AI-based Detection,1,26.97269726972697,1.95821474838316,1.3888888888888888,14.35,Low,-1,Anomaly,0.0569,"Low affected_users, Low resolution_time_hours, Low risk_score"
2852,China,2015,Malware,Retail,73.45,701505,Hacker Group,Social Engineering,Antivirus,36,73.45734573457347,70.17611428171281,50.0,67.78,High,1,Normal,-0.0965,
2853,China,2021,Ransomware,Retail,40.01,998728,Unknown,Weak Passwords,AI-based Detection,68,40.01400140014002,99.90926688241208,94.44444444444444,68.87,High,1,Normal,-0.0,
2854,France,2021,SQL Injection,Telecommunications,52.67,434504,Unknown,Social Engineering,AI-based Detection,46,52.67526752675268,43.46626518679318,63.888888888888886,52.16,Medium,1,Normal,-0.1213,
2855,Australia,2021,Ransomware,Retail,61.46,860546,Unknown,Zero-day,AI-based Detection,22,61.46614661466147,86.0860213978102,30.55555555555556,62.67,Medium,1,Normal,-0.0947,
2856,Brazil,2020,SQL Injection,Education,62.72,827349,Nation-state,Unpatched Software,VPN,68,62.72627262726272,82.76510926488169,94.44444444444444,75.08,High,1,Normal,-0.0397,
2857,Japan,2018,DDoS,IT,2.65,145427,Nation-state,Social Engineering,VPN,28,2.6502650265026504,14.548010023658636,38.88888888888889,13.47,Low,-1,Anomaly,0.0065,"Low financial_loss_million, Low affected_users, Low risk_score"
2858,Russia,2022,Malware,Government,33.8,613718,Unknown,Unpatched Software,AI-based Detection,60,33.8033803380338,61.39420888624348,83.33333333333334,51.99,Medium,1,Normal,-0.0921,
2859,Australia,2018,Phishing,IT,61.47,239301,Unknown,Social Engineering,Antivirus,22,61.47614761476148,23.93883767575165,30.55555555555556,44.03,Medium,1,Normal,-0.1013,
2860,China,2017,Phishing,Education,16.82,848597,Hacker Group,Weak Passwords,AI-based Detection,11,16.821682168216824,84.89068510006152,15.27777777777778,36.93,Medium,1,Normal,-0.0482,
2861,Japan,2020,Man-in-the-Middle,Banking,73.85,278424,Nation-state,Zero-day,Encryption,9,73.85738573857385,27.85256618665813,12.5,47.78,Medium,1,Normal,-0.0731,
2862,Russia,2015,DDoS,Government,97.4,23096,Unknown,Weak Passwords,Firewall,38,97.40974097409745,2.31044331180881,52.77777777777778,59.95,Medium,1,Normal,-0.0041,
2863,Russia,2022,Phishing,Education,33.49,68371,Nation-state,Unpatched Software,Firewall,57,33.4933493349335,6.839596452705238,79.16666666666666,34.63,Medium,1,Normal,-0.0589,
2864,China,2023,Ransomware,Healthcare,62.21,534686,Insider,Unpatched Software,AI-based Detection,44,62.216221622162216,53.488123164955205,61.11111111111112,59.38,Medium,1,Normal,-0.1284,
2865,China,2019,Man-in-the-Middle,Education,75.86,985505,Unknown,Social Engineering,Encryption,26,75.86758675867587,98.58648406668436,36.11111111111111,74.73,High,1,Normal,-0.0341,
2866,USA,2015,DDoS,Banking,98.39,306320,Insider,Unpatched Software,AI-based Detection,41,98.3998399839984,30.64318476243829,56.94444444444444,69.78,High,1,Normal,-0.0421,
2867,Japan,2023,DDoS,Government,17.69,799380,Unknown,Weak Passwords,AI-based Detection,57,17.691769176917692,79.96718802362862,79.16666666666666,48.67,Medium,1,Normal,-0.0832,
2868,USA,2023,DDoS,IT,55.14,529551,Unknown,Zero-day,VPN,61,55.14551455145514,52.97443566901919,84.72222222222221,60.41,Medium,1,Normal,-0.1042,
2869,Australia,2024,DDoS,IT,82.49,102295,Unknown,Weak Passwords,VPN,46,82.4982498249825,10.23323513082275,63.888888888888886,57.1,Medium,1,Normal,-0.0802,
2870,Australia,2022,Phishing,Banking,64.07,800131,Unknown,Zero-day,AI-based Detection,69,64.07640764076407,80.04231544513748,95.83333333333334,75.22,High,1,Normal,-0.0368,
2871,UK,2015,Ransomware,Banking,32.0,712739,Nation-state,Weak Passwords,Antivirus,17,32.00320032003201,71.29992447243244,23.61111111111111,42.11,Medium,1,Normal,-0.0869,
2872,Russia,2018,Phishing,Telecommunications,39.15,814119,Hacker Group,Weak Passwords,Firewall,64,39.15391539153916,81.44162619356065,88.88888888888889,61.79,Medium,1,Normal,-0.0679,
2873,India,2018,SQL Injection,Education,12.44,599905,Nation-state,Social Engineering,VPN,13,12.44124412441244,60.0124045276526,18.055555555555557,27.84,Low,1,Normal,-0.0627,
2874,France,2017,DDoS,Healthcare,5.07,65117,Unknown,Social Engineering,Firewall,3,5.070507050705071,6.5140776383379935,4.166666666666666,5.32,Low,-1,Anomaly,0.0768,"Low financial_loss_million, Low affected_users, Low resolution_time_hours, Low risk_score"
2875,USA,2023,Phishing,Telecommunications,6.18,591348,Nation-state,Weak Passwords,Encryption,55,6.180618061806181,59.15639208311033,76.38888888888889,36.12,Medium,1,Normal,-0.0563,
2876,Japan,2023,Phishing,Retail,55.7,53447,Insider,Unpatched Software,AI-based Detection,43,55.70557055705571,5.34665152780765,59.72222222222222,41.4,Medium,1,Normal,-0.08,
2877,Germany,2024,Malware,IT,47.13,471379,Unknown,Unpatched Software,AI-based Detection,67,47.13471347134714,47.15511161573975,93.05555555555556,56.33,Medium,1,Normal,-0.0683,
2878,Russia,2017,SQL Injection,Banking,76.84,883919,Hacker Group,Social Engineering,VPN,8,76.84768476847685,88.42417482381069,11.11111111111111,67.17,High,1,Normal,-0.0406,
2879,Germany,2021,Malware,Telecommunications,78.46,606940,Insider,Social Engineering,AI-based Detection,32,78.46784678467846,60.71616139891061,44.44444444444444,66.34,High,1,Normal,-0.1061,
2880,India,2018,Man-in-the-Middle,Healthcare,56.88,416331,Hacker Group,Unpatched Software,Encryption,62,56.88568856885689,41.64830163009498,86.11111111111111,58.16,Medium,1,Normal,-0.0962,
2881,Russia,2019,Phishing,Banking,58.38,826778,Insider,Zero-day,AI-based Detection,59,58.3858385838584,82.70798841577177,81.94444444444444,70.39,High,1,Normal,-0.083,
2882,China,2022,Ransomware,Healthcare,71.36,712697,Insider,Unpatched Software,AI-based Detection,39,71.36713671367137,71.29572293887269,54.16666666666666,67.91,High,1,Normal,-0.1062,
2883,UK,2023,Man-in-the-Middle,Government,48.19,450891,Nation-state,Social Engineering,Encryption,32,48.194819481948194,45.10556353068871,44.44444444444444,46.52,Medium,1,Normal,-0.1142,
2884,Russia,2016,Phishing,Healthcare,13.91,600700,Hacker Group,Zero-day,Firewall,28,13.911391139113912,60.09193355574784,38.88888888888889,32.76,Low,1,Normal,-0.0775,
2885,Brazil,2019,DDoS,Education,44.51,119319,Nation-state,Zero-day,Firewall,9,44.51445144514452,11.936256733707804,12.5,28.34,Low,1,Normal,-0.0501,
2886,UK,2017,Ransomware,Healthcare,55.45,490818,Hacker Group,Unpatched Software,VPN,65,55.45554555455546,49.09972139831038,90.2777777777778,60.51,Medium,1,Normal,-0.0879,
2887,Germany,2024,Ransomware,Telecommunications,17.92,155170,Insider,Zero-day,VPN,15,17.921792179217924,15.522665773007146,20.833333333333336,17.78,Low,1,Normal,-0.0417,
2888,France,2017,Malware,Healthcare,41.37,783899,Hacker Group,Social Engineering,AI-based Detection,29,41.37413741374137,78.41852276080769,40.27777777777778,52.27,Medium,1,Normal,-0.1168,
2889,China,2020,Malware,Healthcare,24.78,275619,Nation-state,Weak Passwords,Antivirus,4,24.782478247824784,27.57196376677487,5.555555555555555,21.77,Low,1,Normal,-0.0398,
2890,India,2024,SQL Injection,IT,8.85,746862,Nation-state,Unpatched Software,Encryption,51,8.850885088508852,74.7134704167021,70.83333333333334,41.01,Medium,1,Normal,-0.0557,
2891,India,2024,SQL Injection,Government,28.13,244429,Hacker Group,Zero-day,AI-based Detection,8,28.132813281328133,24.45182491609437,11.11111111111111,23.62,Low,1,Normal,-0.0581,
2892,Russia,2016,SQL Injection,Government,52.59,287446,Hacker Group,Unpatched Software,Encryption,56,52.5952595259526,28.75509560989761,77.77777777777779,50.48,Medium,1,Normal,-0.0948,
2893,France,2023,DDoS,Retail,79.86,966469,Nation-state,Social Engineering,Antivirus,43,79.86798679867987,96.68218899898464,59.72222222222222,80.88,High,1,Normal,-0.0453,
2894,Australia,2021,DDoS,IT,47.83,126709,Unknown,Weak Passwords,Antivirus,45,47.83478347834784,12.675526567197029,62.5,40.22,Medium,1,Normal,-0.0963,
2895,Brazil,2019,Malware,IT,54.26,883977,Nation-state,Unpatched Software,Antivirus,47,54.26542654265427,88.42997694158367,65.27777777777779,66.72,High,1,Normal,-0.0928,
2896,Australia,2023,SQL Injection,Retail,78.57,805183,Unknown,Weak Passwords,VPN,37,78.57785778577858,80.54769991046732,51.388888888888886,73.73,High,1,Normal,-0.0931,
2897,Australia,2021,Malware,Telecommunications,77.63,434446,Unknown,Social Engineering,Encryption,28,77.63776377637764,43.46046306902019,38.88888888888889,59.63,Medium,1,Normal,-0.1138,
2898,France,2019,Ransomware,Education,2.27,63872,Nation-state,Unpatched Software,Firewall,55,2.2702270227022705,6.389532179245425,76.38888888888889,18.33,Low,-1,Anomaly,0.0018,"Low financial_loss_million, Low affected_users, High resolution_time_hours, Low risk_score"
2899,France,2022,Ransomware,Education,59.0,131307,Hacker Group,Weak Passwords,AI-based Detection,46,59.00590059005901,13.135494455476248,63.888888888888886,46.22,Medium,1,Normal,-0.0978,
2900,Australia,2018,DDoS,Telecommunications,25.07,732072,Hacker Group,Social Engineering,Firewall,35,25.072507250725074,73.23393038459038,48.61111111111111,44.23,Medium,1,Normal,-0.0916,
2901,India,2016,Ransomware,IT,43.65,340213,Nation-state,Zero-day,Antivirus,15,43.65436543654366,34.03372230864265,20.833333333333336,36.2,Medium,1,Normal,-0.0965,
2902,China,2021,Phishing,Retail,41.97,617987,Insider,Social Engineering,Antivirus,23,41.97419741974198,61.821264761638,31.944444444444443,45.92,Medium,1,Normal,-0.1081,
2903,India,2024,Malware,Government,56.13,629293,Insider,Weak Passwords,VPN,69,56.13561356135615,62.95227758131718,95.83333333333334,66.12,High,1,Normal,-0.0619,
2904,Russia,2019,SQL Injection,Healthcare,92.69,979308,Nation-state,Social Engineering,Firewall,10,92.6992699269927,97.96655779359466,13.88888888888889,78.52,High,-1,Anomaly,0.0121,"High financial_loss_million, High affected_users, Low resolution_time_hours, High risk_score"
2905,France,2024,Phishing,Healthcare,14.38,278126,Unknown,Social Engineering,Antivirus,30,14.381438143814382,27.822755305686574,41.66666666666667,23.87,Low,1,Normal,-0.0691,
2906,USA,2016,Man-in-the-Middle,Banking,57.26,852868,Unknown,Unpatched Software,Firewall,8,57.26572657265727,85.3179410484827,11.11111111111111,56.45,Medium,1,Normal,-0.0669,
2907,Brazil,2019,Phishing,Retail,35.61,43771,Nation-state,Zero-day,Encryption,49,35.61356135613561,4.378698224852071,68.05555555555556,32.73,Low,1,Normal,-0.0582,
2908,China,2015,SQL Injection,Education,40.68,90689,Nation-state,Weak Passwords,Antivirus,40,40.68406840684069,9.072211357145358,55.55555555555556,34.17,Medium,1,Normal,-0.0846,
2909,France,2024,SQL Injection,Healthcare,31.91,931787,Hacker Group,Unpatched Software,Firewall,15,31.91319131913192,93.21272264376498,20.833333333333336,48.09,Medium,1,Normal,-0.0737,
2910,Germany,2017,DDoS,Education,98.61,992029,Nation-state,Unpatched Software,VPN,26,98.6198619861986,99.23912227963208,36.11111111111111,86.3,High,-1,Anomaly,0.0339,"High financial_loss_million, High affected_users, High risk_score"
2911,USA,2021,Ransomware,Government,72.24,283947,Hacker Group,Unpatched Software,AI-based Detection,72,72.24722472247225,28.405067849765164,100.0,64.65,Medium,1,Normal,-0.0458,
2912,India,2018,Malware,Banking,20.76,68718,Insider,Social Engineering,Encryption,47,20.762076207620765,6.874309122829833,65.27777777777779,25.5,Low,1,Normal,-0.0538,
2913,Australia,2016,DDoS,Education,93.39,630087,Nation-state,Social Engineering,VPN,72,93.3993399339934,63.031706572899104,100.0,85.61,High,-1,Anomaly,0.0116,"High financial_loss_million, High resolution_time_hours, High risk_score"
2914,Germany,2019,DDoS,Telecommunications,52.17,481252,Hacker Group,Weak Passwords,Antivirus,48,52.17521752175218,48.14277211182081,66.66666666666666,53.86,Medium,1,Normal,-0.1085,
2915,France,2021,Ransomware,IT,58.86,935319,Nation-state,Social Engineering,Antivirus,25,58.86588658865887,93.56605160883724,34.72222222222222,64.45,Medium,1,Normal,-0.0813,
2916,Russia,2018,Malware,Banking,23.14,159475,Insider,Zero-day,Encryption,19,23.142314231423143,15.953322962881453,26.38888888888889,21.63,Low,1,Normal,-0.0679,
2917,Japan,2017,DDoS,Healthcare,90.38,316136,Hacker Group,Zero-day,VPN,22,90.38903890389038,31.6251431772597,30.55555555555556,60.79,Medium,1,Normal,-0.0744,
2918,Germany,2019,DDoS,IT,71.08,445129,Insider,Unpatched Software,Antivirus,19,71.08710871087109,44.529153140896426,26.38888888888889,54.18,Medium,1,Normal,-0.104,
2919,Brazil,2020,DDoS,Healthcare,53.42,545588,Insider,Unpatched Software,Antivirus,54,53.42534253425343,54.578721233250135,75.0,58.09,Medium,1,Normal,-0.1126,
2920,UK,2023,SQL Injection,Healthcare,22.8,3315,Nation-state,Unpatched Software,Antivirus,41,22.8022802280228,0.3316210416802133,56.94444444444444,22.89,Low,1,Normal,-0.0324,
2921,Germany,2023,Ransomware,Retail,89.71,919427,Nation-state,Weak Passwords,AI-based Detection,51,89.71897189718972,91.97627133903876,70.83333333333334,86.62,High,1,Normal,-0.034,
2922,Australia,2015,Phishing,Banking,99.2,666877,Nation-state,Weak Passwords,Antivirus,28,99.20992099209924,66.71204989821284,38.88888888888889,77.4,High,1,Normal,-0.0388,
2923,Japan,2017,Ransomware,Telecommunications,49.72,578125,Insider,Social Engineering,Firewall,71,49.72497249724972,57.83360926738259,98.61111111111111,61.93,Medium,1,Normal,-0.062,
2924,Russia,2015,Man-in-the-Middle,Government,13.26,616547,Hacker Group,Zero-day,AI-based Detection,22,13.261326132613265,61.6772121824466,30.55555555555556,31.24,Low,1,Normal,-0.0714,
2925,Germany,2016,DDoS,Government,26.97,976849,Hacker Group,Weak Passwords,VPN,12,26.97269726972697,97.72056800732268,16.666666666666664,46.14,Medium,1,Normal,-0.0481,
2926,Russia,2024,Ransomware,Government,60.69,931196,Unknown,Social Engineering,AI-based Detection,27,60.6960696069607,93.1536010643885,37.5,65.79,Medium,1,Normal,-0.0897,
2927,China,2017,Phishing,Banking,38.69,240400,Unknown,Weak Passwords,Encryption,10,38.69386938693869,24.04877780389842,13.88888888888889,29.34,Low,1,Normal,-0.0695,
2928,USA,2022,DDoS,IT,74.59,281698,Insider,Social Engineering,Encryption,18,74.5974597459746,28.18008573129192,25.0,50.75,Medium,1,Normal,-0.0996,
2929,UK,2015,DDoS,Retail,94.19,145401,Insider,Unpatched Software,Antivirus,14,94.1994199419942,14.545409074312124,19.444444444444446,55.35,Medium,1,Normal,-0.0387,
2930,UK,2018,SQL Injection,Retail,85.18,918201,Insider,Zero-day,Encryption,35,85.18851885188519,91.8536265736994,48.61111111111111,79.87,High,1,Normal,-0.0577,
2931,Russia,2017,Malware,Healthcare,42.4,71213,Nation-state,Social Engineering,Firewall,58,42.404240424042406,7.123900223581607,80.55555555555556,39.45,Medium,1,Normal,-0.06,
2932,USA,2022,Ransomware,Banking,34.58,322611,Unknown,Unpatched Software,VPN,16,34.583458345834586,32.272879601054385,22.22222222222222,31.42,Low,1,Normal,-0.0805,
2933,Russia,2023,SQL Injection,Telecommunications,48.84,680011,Insider,Unpatched Software,Encryption,66,48.844884488448855,68.02592946425446,91.66666666666666,63.16,Medium,1,Normal,-0.0591,
2934,UK,2016,SQL Injection,Healthcare,63.93,165204,Hacker Group,Social Engineering,Encryption,18,63.93639363936394,16.52643214773392,25.0,41.93,Medium,1,Normal,-0.0809,
2935,Germany,2021,SQL Injection,Education,55.5,693497,Nation-state,Unpatched Software,Antivirus,56,55.50555055505551,69.37502188298728,77.77777777777779,64.12,Medium,1,Normal,-0.0933,
2936,Australia,2022,Malware,Telecommunications,32.6,363166,Unknown,Unpatched Software,Antivirus,38,32.603260326032604,36.32986039904565,52.77777777777778,37.76,Medium,1,Normal,-0.1145,
2937,Russia,2017,Ransomware,Retail,52.79,942824,Nation-state,Social Engineering,Antivirus,68,52.7952795279528,94.31682564135907,94.44444444444444,73.58,High,1,Normal,-0.0156,
2938,Russia,2020,Ransomware,IT,36.9,809153,Nation-state,Social Engineering,AI-based Detection,48,36.90369036903691,80.94484486837695,66.66666666666666,56.07,Medium,1,Normal,-0.1052,
2939,Brazil,2016,Ransomware,Education,5.51,740421,Unknown,Social Engineering,Encryption,59,5.510551055105511,74.06913523436054,81.94444444444444,41.36,Medium,1,Normal,-0.0426,
2940,USA,2024,Malware,Retail,52.2,579778,Nation-state,Zero-day,Firewall,57,52.20522052205221,57.998969623912735,79.16666666666666,59.34,Medium,1,Normal,-0.0987,
2941,Russia,2017,Malware,IT,68.12,627616,Insider,Zero-day,Firewall,29,68.12681268126813,62.78451634846719,40.27777777777778,60.95,Medium,1,Normal,-0.1208,
2942,France,2017,SQL Injection,Government,36.09,696801,Insider,Zero-day,VPN,32,36.0936093609361,69.70554252302091,44.44444444444444,47.85,Medium,1,Normal,-0.1042,
2943,Russia,2019,DDoS,Healthcare,68.1,819663,Unknown,Zero-day,Encryption,5,68.10681068106811,81.99622862344755,6.944444444444445,60.04,Medium,1,Normal,-0.0513,
2944,Russia,2020,SQL Injection,Government,10.46,778573,Unknown,Zero-day,Encryption,62,10.461046104610462,77.88572829082615,86.11111111111111,45.82,Medium,1,Normal,-0.0579,
2945,Brazil,2020,Malware,Telecommunications,23.21,850214,Unknown,Social Engineering,Antivirus,45,23.212321232123216,85.05244414211187,62.5,49.62,Medium,1,Normal,-0.0868,
2946,China,2018,SQL Injection,Government,1.89,83376,Insider,Unpatched Software,Firewall,62,1.8901890189018904,8.340644335182342,86.11111111111111,20.67,Low,-1,Anomaly,0.0091,"Low financial_loss_million, Low affected_users, High resolution_time_hours, Low risk_score"
2947,Russia,2020,Ransomware,Telecommunications,48.68,459635,Insider,Unpatched Software,Antivirus,49,48.684868486848686,45.980282803223176,68.05555555555556,51.75,Medium,1,Normal,-0.1105,
2948,India,2021,Ransomware,Government,9.54,386911,Insider,Social Engineering,Antivirus,33,9.54095409540954,38.70522740800392,45.83333333333333,25.55,Low,1,Normal,-0.0641,
2949,China,2021,Phishing,Telecommunications,76.26,756305,Nation-state,Weak Passwords,VPN,45,76.26762676267627,75.65811521205241,62.5,73.33,High,1,Normal,-0.0927,
2950,China,2020,Phishing,IT,55.06,743177,Hacker Group,Unpatched Software,Antivirus,21,55.06550655065507,74.34483586509076,29.166666666666668,55.67,Medium,1,Normal,-0.1096,
2951,Japan,2022,Malware,Education,17.3,893060,Unknown,Social Engineering,Encryption,19,17.301730173017305,89.33860859213613,26.38888888888889,40.73,Medium,1,Normal,-0.052,
2952,Germany,2023,Malware,Government,69.39,358933,Nation-state,Zero-day,Antivirus,3,69.3969396939694,35.906405838130915,4.166666666666666,46.3,Medium,1,Normal,-0.0482,
2953,India,2019,Phishing,Government,8.93,725325,Insider,Zero-day,Firewall,16,8.930893089308931,72.55898402917065,22.22222222222222,30.68,Low,1,Normal,-0.0596,
2954,France,2015,Ransomware,IT,74.03,597723,Unknown,Zero-day,Encryption,48,74.03740374037405,59.794124855572285,66.66666666666666,68.29,High,1,Normal,-0.107,
2955,China,2024,Phishing,Retail,11.72,311675,Unknown,Weak Passwords,Firewall,18,11.721172117211722,31.178880291306328,25.0,20.21,Low,1,Normal,-0.0614,
2956,Japan,2020,Ransomware,Government,21.92,74407,Unknown,Unpatched Software,Antivirus,48,21.922192219221927,7.443416847149209,66.66666666666666,26.53,Low,1,Normal,-0.0645,
2957,Russia,2016,Malware,Government,37.07,138915,Hacker Group,Weak Passwords,VPN,44,37.07370737073708,13.896572248870836,61.11111111111112,34.93,Medium,1,Normal,-0.0906,
2958,Russia,2022,DDoS,Banking,84.09,153829,Hacker Group,Weak Passwords,VPN,6,84.0984098409841,15.388516808635153,8.333333333333332,48.33,Medium,1,Normal,-0.0344,
2959,Japan,2015,Phishing,Education,58.86,587851,Nation-state,Social Engineering,Encryption,6,58.86588658865887,58.80656439600455,8.333333333333332,48.74,Medium,1,Normal,-0.0684,
2960,Russia,2015,Malware,Government,54.59,728308,Unknown,Zero-day,Firewall,10,54.59545954595461,72.85739294842618,13.88888888888889,51.93,Medium,1,Normal,-0.0798,
2961,France,2019,Malware,Retail,71.84,471898,Hacker Group,Social Engineering,VPN,55,71.84718471847185,47.20703056615665,76.38888888888889,65.36,Medium,1,Normal,-0.1027,
2962,Russia,2019,SQL Injection,Telecommunications,14.15,639630,Insider,Unpatched Software,Encryption,31,14.151415141514152,63.98635501958216,43.05555555555556,34.88,Medium,1,Normal,-0.0738,
2963,UK,2023,Malware,Retail,28.79,6691,Hacker Group,Zero-day,VPN,57,28.79287928792879,0.6693443106733958,79.16666666666666,30.43,Low,1,Normal,-0.0289,
2964,Russia,2015,Ransomware,Retail,46.96,672033,Hacker Group,Social Engineering,Antivirus,2,46.96469646964697,67.22783816092874,2.7777777777777777,44.21,Medium,1,Normal,-0.0512,
2965,USA,2016,SQL Injection,Healthcare,98.03,719415,Nation-state,Unpatched Software,Firewall,56,98.03980398039803,71.96776823540593,77.77777777777779,86.17,High,1,Normal,-0.0108,
2966,Germany,2022,Malware,Telecommunications,92.53,727509,Insider,Zero-day,AI-based Detection,67,92.53925392539256,72.7774637742776,93.05555555555556,86.71,High,1,Normal,-0.0075,
2967,France,2021,SQL Injection,Banking,78.89,704427,Hacker Group,Zero-day,VPN,30,78.8978897889789,70.46842097365538,41.66666666666667,68.92,High,1,Normal,-0.0977,
2968,India,2018,SQL Injection,Government,80.0,147384,Unknown,Zero-day,Firewall,54,80.00800080008001,14.743781480240289,75.0,59.43,Medium,1,Normal,-0.0824,
2969,Brazil,2015,Ransomware,Banking,63.14,545908,Insider,Social Engineering,AI-based Detection,2,63.14631463146315,54.610732917514895,2.7777777777777777,48.51,Medium,1,Normal,-0.0467,
2970,Russia,2022,SQL Injection,IT,2.1,354694,Insider,Weak Passwords,Encryption,18,2.1002100210021,35.48235105813622,25.0,16.69,Low,1,Normal,-0.0138,
2971,India,2019,DDoS,Banking,14.98,849664,Unknown,Social Engineering,Antivirus,40,14.981498149814984,84.99742405978182,55.55555555555556,44.1,Medium,1,Normal,-0.069,
2972,France,2024,SQL Injection,Government,9.91,248359,Nation-state,Weak Passwords,Firewall,58,9.91099109910991,24.84496841347092,80.55555555555556,28.52,Low,1,Normal,-0.0393,
2973,India,2023,Man-in-the-Middle,Retail,12.96,254903,Unknown,Social Engineering,Firewall,4,12.96129612961296,25.49960735668519,5.555555555555555,15.24,Low,-1,Anomaly,0.0005,"Low financial_loss_million, Low resolution_time_hours, Low risk_score"
2974,Brazil,2016,Man-in-the-Middle,Education,19.59,647998,Insider,Weak Passwords,AI-based Detection,38,19.591959195919596,64.82346056310553,52.77777777777778,39.8,Medium,1,Normal,-0.0865,
2975,India,2022,Phishing,IT,37.76,800909,Nation-state,Zero-day,Antivirus,53,37.76377637763776,80.12014385250616,73.61111111111111,57.64,Medium,1,Normal,-0.1009,
2976,Japan,2015,Man-in-the-Middle,Telecommunications,95.8,23469,Insider,Zero-day,Firewall,64,95.8095809580958,2.347756931279917,88.88888888888889,66.39,High,-1,Anomaly,0.0155,"High financial_loss_million, Low affected_users, High resolution_time_hours"
2977,France,2017,Phishing,Healthcare,4.87,388325,Nation-state,Social Engineering,AI-based Detection,39,4.870487048704871,38.846679037848816,54.16666666666666,24.92,Low,1,Normal,-0.056,
2978,Russia,2018,DDoS,Retail,64.39,359124,Insider,Unpatched Software,AI-based Detection,13,64.3964396439644,35.92551281217645,18.055555555555557,46.59,Medium,1,Normal,-0.0925,
2979,India,2023,Malware,Healthcare,70.36,992014,Insider,Social Engineering,Encryption,62,70.36703670367037,99.23762173193217,86.11111111111111,82.18,High,1,Normal,-0.0278,
2980,China,2022,Malware,Education,35.05,596468,Insider,Unpatched Software,VPN,29,35.053505350535055,59.66857903134644,40.27777777777778,43.48,Medium,1,Normal,-0.1056,
2981,Germany,2015,Ransomware,Healthcare,58.91,801948,Insider,Zero-day,VPN,55,58.91589158915892,80.2240817898533,76.38888888888889,68.8,High,1,Normal,-0.0953,
2982,China,2015,SQL Injection,Healthcare,24.07,950991,Nation-state,Social Engineering,Encryption,49,24.072407240724075,95.13382384570367,68.05555555555556,54.19,Medium,1,Normal,-0.0605,
2983,Germany,2017,Man-in-the-Middle,Healthcare,97.14,875912,Insider,Unpatched Software,Firewall,33,97.14971497149716,87.62318246159847,45.83333333333333,84.03,High,1,Normal,-0.0331,
2984,Australia,2024,DDoS,Telecommunications,36.49,35041,Hacker Group,Social Engineering,Antivirus,14,36.493649364936495,3.505379463504179,19.444444444444446,23.19,Low,1,Normal,-0.0353,
2985,Germany,2021,Malware,Retail,43.99,431678,Insider,Unpatched Software,Encryption,60,43.994399439944,43.18356200013005,83.33333333333334,51.62,Medium,1,Normal,-0.0991,
2986,Russia,2023,SQL Injection,Telecommunications,79.71,358439,Insider,Unpatched Software,Antivirus,48,79.71797179717971,35.8569878005472,66.66666666666666,63.95,Medium,1,Normal,-0.1089,
2987,Brazil,2015,Malware,Healthcare,88.08,905770,Nation-state,Zero-day,VPN,9,88.0888088808881,90.61007267652693,12.5,73.73,High,1,Normal,-0.0303,
2988,Australia,2021,Ransomware,Healthcare,37.89,843256,Nation-state,Unpatched Software,Antivirus,43,37.893789378937896,84.35639008238007,59.72222222222222,56.2,Medium,1,Normal,-0.1049,
2989,USA,2022,SQL Injection,IT,37.94,691377,Hacker Group,Social Engineering,Antivirus,44,37.943794379437946,69.16294447473328,61.11111111111112,51.94,Medium,1,Normal,-0.1053,
2990,Brazil,2021,Ransomware,Education,18.11,849791,Nation-state,Unpatched Software,VPN,53,18.111811181118117,85.01012869697439,73.61111111111111,49.28,Medium,1,Normal,-0.0732,
2991,France,2015,Phishing,Telecommunications,65.16,998011,Unknown,Zero-day,Encryption,14,65.16651665166516,99.83754070235636,19.444444444444446,66.42,High,1,Normal,-0.0367,
2992,Russia,2019,Ransomware,Banking,28.14,594170,Nation-state,Social Engineering,AI-based Detection,53,28.142814281428148,59.43869512372015,73.61111111111111,46.63,Medium,1,Normal,-0.0975,
2993,UK,2021,Malware,Banking,60.14,191427,Nation-state,Zero-day,Encryption,56,60.14601460146015,19.1496896367174,77.77777777777779,51.37,Medium,1,Normal,-0.0936,
2994,Germany,2017,SQL Injection,Education,54.98,786577,Insider,Unpatched Software,Firewall,70,54.98549854985498,78.68642054349839,97.2222222222222,70.54,High,1,Normal,-0.0417,
2995,Germany,2019,Ransomware,Government,58.6,76066,Insider,Unpatched Software,AI-based Detection,8,58.60586058605861,7.609377422759307,11.11111111111111,33.81,Medium,1,Normal,-0.0481,
2996,UK,2021,Ransomware,Government,51.42,190694,Unknown,Social Engineering,Firewall,52,51.42514251425144,19.07636287244844,72.22222222222221,45.88,Medium,1,Normal,-0.0891,
2997,Brazil,2023,SQL Injection,Telecommunications,30.28,892843,Hacker Group,Zero-day,VPN,26,30.283028302830285,89.3169006687441,36.11111111111111,49.16,Medium,1,Normal,-0.0948,
2998,Brazil,2017,SQL Injection,IT,32.97,734737,Nation-state,Weak Passwords,AI-based Detection,30,32.97329732973297,73.5005276926078,41.66666666666667,46.87,Medium,1,Normal,-0.0994,
2999,UK,2022,SQL Injection,IT,32.17,379954,Insider,Unpatched Software,Firewall,9,32.17321732173218,38.009273384785445,12.5,29.99,Low,1,Normal,-0.0733,
3000,Germany,2021,SQL Injection,Retail,48.2,480984,Unknown,Zero-day,VPN,64,48.20482048204821,48.11596232624908,88.88888888888889,56.31,Medium,1,Normal,-0.0871,
