incident_id,predicted_risk_level,model_confidence_percent,confidence_category
1,High,99.0,Very High Confidence
2,Medium,98.0,Very High Confidence
3,Medium,95.0,Very High Confidence
4,Medium,96.0,Very High Confidence
5,High,97.0,Very High Confidence
6,Medium,79.0,High Confidence
7,Medium,95.0,Very High Confidence
8,High,94.0,Very High Confidence
9,Medium,95.0,Very High Confidence
10,High,87.0,High Confidence
11,Medium,52.0,Low Confidence
12,Medium,94.0,Very High Confidence
13,Medium,95.0,Very High Confidence
14,Medium,100.0,Very High Confidence
15,High,79.0,High Confidence
16,Medium,98.0,Very High Confidence
17,Medium,94.0,Very High Confidence
18,High,99.0,Very High Confidence
19,Low,55.0,Low Confidence
20,Low,84.0,High Confidence
21,Medium,79.0,High Confidence
22,Low,97.0,Very High Confidence
23,Medium,99.0,Very High Confidence
24,Low,96.0,Very High Confidence
25,Medium,92.0,Very High Confidence
26,Medium,98.0,Very High Confidence
27,Medium,97.0,Very High Confidence
28,Medium,98.0,Very High Confidence
29,High,57.0,Low Confidence
30,High,94.0,Very High Confidence
31,Medium,96.0,Very High Confidence
32,Low,83.0,High Confidence
33,Medium,96.0,Very High Confidence
34,High,96.0,Very High Confidence
35,Low,99.0,Very High Confidence
36,Medium,93.0,Very High Confidence
37,Medium,98.0,Very High Confidence
38,Medium,98.0,Very High Confidence
39,Medium,91.0,Very High Confidence
40,High,88.0,High Confidence
41,Medium,81.0,High Confidence
42,High,100.0,Very High Confidence
43,Medium,93.0,Very High Confidence
44,High,83.0,High Confidence
45,High,97.0,Very High Confidence
46,Medium,91.0,Very High Confidence
47,Medium,98.0,Very High Confidence
48,Medium,72.0,Medium Confidence
49,Low,77.0,High Confidence
50,Medium,93.0,Very High Confidence
51,Medium,88.0,High Confidence
52,Medium,87.0,High Confidence
53,Medium,97.0,Very High Confidence
54,High,54.0,Low Confidence
55,Medium,79.0,High Confidence
56,High,85.0,High Confidence
57,High,92.0,Very High Confidence
58,Medium,86.0,High Confidence
59,Medium,94.0,Very High Confidence
60,Medium,98.0,Very High Confidence
61,Low,74.0,Medium Confidence
62,Medium,97.0,Very High Confidence
63,Medium,88.0,High Confidence
64,Medium,98.0,Very High Confidence
65,Medium,90.0,Very High Confidence
66,Medium,80.0,High Confidence
67,High,81.0,High Confidence
68,Medium,97.0,Very High Confidence
69,Medium,96.0,Very High Confidence
70,Medium,96.0,Very High Confidence
71,Medium,94.0,Very High Confidence
72,Medium,69.0,Medium Confidence
73,Medium,90.0,Very High Confidence
74,Low,72.0,Medium Confidence
75,High,99.0,Very High Confidence
76,Medium,81.0,High Confidence
77,Low,98.0,Very High Confidence
78,Medium,89.0,High Confidence
79,Medium,97.0,Very High Confidence
80,Low,96.0,Very High Confidence
81,Medium,89.0,High Confidence
82,High,93.0,Very High Confidence
83,Medium,92.0,Very High Confidence
84,High,98.0,Very High Confidence
85,Medium,98.0,Very High Confidence
86,Medium,88.0,High Confidence
87,Medium,97.0,Very High Confidence
88,Medium,92.0,Very High Confidence
89,Low,50.0,Low Confidence
90,Medium,100.0,Very High Confidence
91,High,75.0,High Confidence
92,Medium,74.0,Medium Confidence
93,Medium,97.0,Very High Confidence
94,High,64.0,Medium Confidence
95,Medium,66.0,Medium Confidence
96,Medium,100.0,Very High Confidence
97,Medium,93.0,Very High Confidence
98,High,87.0,High Confidence
99,Medium,98.0,Very High Confidence
100,Medium,94.0,Very High Confidence
101,Low,84.0,High Confidence
102,Medium,100.0,Very High Confidence
103,Medium,97.0,Very High Confidence
104,Medium,89.0,High Confidence
105,Medium,88.0,High Confidence
106,Medium,98.0,Very High Confidence
107,High,95.0,Very High Confidence
108,Medium,93.0,Very High Confidence
109,Low,94.0,Very High Confidence
110,High,91.0,Very High Confidence
111,Medium,96.0,Very High Confidence
112,Medium,70.0,Medium Confidence
113,Low,91.0,Very High Confidence
114,High,85.0,High Confidence
115,High,98.0,Very High Confidence
116,Medium,99.0,Very High Confidence
117,High,89.0,High Confidence
118,Low,96.0,Very High Confidence
119,Medium,98.0,Very High Confidence
120,High,96.0,Very High Confidence
121,High,99.0,Very High Confidence
122,Medium,98.0,Very High Confidence
123,Medium,90.0,Very High Confidence
124,High,93.0,Very High Confidence
125,High,97.0,Very High Confidence
126,High,76.0,High Confidence
127,Medium,97.0,Very High Confidence
128,Medium,100.0,Very High Confidence
129,Medium,98.0,Very High Confidence
130,Medium,86.0,High Confidence
131,Medium,96.0,Very High Confidence
132,Medium,95.0,Very High Confidence
133,Low,85.0,High Confidence
134,Medium,98.0,Very High Confidence
135,Low,92.0,Very High Confidence
136,High,97.0,Very High Confidence
137,Medium,99.0,Very High Confidence
138,Low,80.0,High Confidence
139,Medium,97.0,Very High Confidence
140,Medium,97.0,Very High Confidence
141,Medium,93.0,Very High Confidence
142,Medium,84.0,High Confidence
143,Medium,95.0,Very High Confidence
144,High,93.0,Very High Confidence
145,Low,92.0,Very High Confidence
146,Low,96.0,Very High Confidence
147,Medium,99.0,Very High Confidence
148,Medium,89.0,High Confidence
149,High,83.0,High Confidence
150,Low,95.0,Very High Confidence
151,High,84.0,High Confidence
152,Medium,88.0,High Confidence
153,Medium,94.0,Very High Confidence
154,High,99.0,Very High Confidence
155,Medium,95.0,Very High Confidence
156,Medium,81.0,High Confidence
157,Medium,90.0,Very High Confidence
158,Medium,94.0,Very High Confidence
159,Low,89.0,High Confidence
160,High,78.0,High Confidence
161,High,96.0,Very High Confidence
162,Low,78.0,High Confidence
163,Medium,97.0,Very High Confidence
164,Medium,91.0,Very High Confidence
165,Medium,97.0,Very High Confidence
166,Medium,97.0,Very High Confidence
167,Low,80.0,High Confidence
168,Medium,96.0,Very High Confidence
169,High,69.0,Medium Confidence
170,Medium,83.0,High Confidence
171,Medium,97.0,Very High Confidence
172,Medium,74.0,Medium Confidence
173,High,53.0,Low Confidence
174,Medium,97.0,Very High Confidence
175,High,97.0,Very High Confidence
176,Medium,88.0,High Confidence
177,Medium,82.0,High Confidence
178,Medium,97.0,Very High Confidence
179,Medium,92.0,Very High Confidence
180,Medium,99.0,Very High Confidence
181,Low,88.0,High Confidence
182,High,97.0,Very High Confidence
183,Medium,82.0,High Confidence
184,Low,83.0,High Confidence
185,Medium,54.0,Low Confidence
186,Medium,80.0,High Confidence
187,Medium,92.0,Very High Confidence
188,High,99.0,Very High Confidence
189,Medium,94.0,Very High Confidence
190,Medium,90.0,Very High Confidence
191,High,96.0,Very High Confidence
192,Medium,90.0,Very High Confidence
193,High,94.0,Very High Confidence
194,High,87.0,High Confidence
195,Medium,99.0,Very High Confidence
196,High,99.0,Very High Confidence
197,Low,98.0,Very High Confidence
198,High,82.0,High Confidence
199,Medium,91.0,Very High Confidence
200,Medium,92.0,Very High Confidence
201,Medium,97.0,Very High Confidence
202,Medium,80.0,High Confidence
203,Medium,99.0,Very High Confidence
204,Medium,96.0,Very High Confidence
205,High,88.0,High Confidence
206,Medium,93.0,Very High Confidence
207,High,92.0,Very High Confidence
208,High,86.0,High Confidence
209,High,90.0,Very High Confidence
210,Medium,97.0,Very High Confidence
211,High,99.0,Very High Confidence
212,Medium,65.0,Medium Confidence
213,Low,88.0,High Confidence
214,Medium,96.0,Very High Confidence
215,High,92.0,Very High Confidence
216,High,94.0,Very High Confidence
217,Medium,62.0,Medium Confidence
218,Low,99.0,Very High Confidence
219,High,87.0,High Confidence
220,Low,73.0,Medium Confidence
221,Medium,98.0,Very High Confidence
222,High,94.0,Very High Confidence
223,Medium,97.0,Very High Confidence
224,High,96.0,Very High Confidence
225,Medium,95.0,Very High Confidence
226,Medium,93.0,Very High Confidence
227,Medium,96.0,Very High Confidence
228,Low,94.0,Very High Confidence
229,Medium,91.0,Very High Confidence
230,Medium,92.0,Very High Confidence
231,Low,93.0,Very High Confidence
232,High,95.0,Very High Confidence
233,High,89.0,High Confidence
234,Low,90.0,Very High Confidence
235,High,90.0,Very High Confidence
236,Medium,96.0,Very High Confidence
237,Medium,93.0,Very High Confidence
238,Medium,95.0,Very High Confidence
239,Medium,92.0,Very High Confidence
240,Low,92.0,Very High Confidence
241,Medium,97.0,Very High Confidence
242,Medium,98.0,Very High Confidence
243,High,88.0,High Confidence
244,Medium,95.0,Very High Confidence
245,Medium,99.0,Very High Confidence
246,Low,98.0,Very High Confidence
247,Medium,92.0,Very High Confidence
248,Medium,87.0,High Confidence
249,High,86.0,High Confidence
250,Medium,93.0,Very High Confidence
251,Medium,98.0,Very High Confidence
252,High,97.0,Very High Confidence
253,Medium,80.0,High Confidence
254,Low,97.0,Very High Confidence
255,Medium,97.0,Very High Confidence
256,Medium,84.0,High Confidence
257,Medium,95.0,Very High Confidence
258,Low,80.0,High Confidence
259,Medium,99.0,Very High Confidence
260,Medium,88.0,High Confidence
261,High,91.0,Very High Confidence
262,High,92.0,Very High Confidence
263,High,88.0,High Confidence
264,High,95.0,Very High Confidence
265,Medium,97.0,Very High Confidence
266,Medium,92.0,Very High Confidence
267,Medium,94.0,Very High Confidence
268,High,86.0,High Confidence
269,Medium,99.0,Very High Confidence
270,Medium,98.0,Very High Confidence
271,Medium,90.0,Very High Confidence
272,Medium,95.0,Very High Confidence
273,Medium,99.0,Very High Confidence
274,High,95.0,Very High Confidence
275,Medium,95.0,Very High Confidence
276,Low,98.0,Very High Confidence
277,High,93.0,Very High Confidence
278,Medium,96.0,Very High Confidence
279,Low,91.0,Very High Confidence
280,Medium,95.0,Very High Confidence
281,Medium,50.0,Low Confidence
282,Medium,86.0,High Confidence
283,Medium,89.0,High Confidence
284,Medium,94.0,Very High Confidence
285,Medium,96.0,Very High Confidence
286,Low,96.0,Very High Confidence
287,Medium,76.0,High Confidence
288,High,97.0,Very High Confidence
289,Medium,93.0,Very High Confidence
290,Medium,94.0,Very High Confidence
291,Low,94.0,Very High Confidence
292,Medium,89.0,High Confidence
293,Medium,94.0,Very High Confidence
294,High,99.0,Very High Confidence
295,Low,98.0,Very High Confidence
296,Medium,58.0,Low Confidence
297,Medium,93.0,Very High Confidence
298,Low,96.0,Very High Confidence
299,Medium,85.0,High Confidence
300,Low,85.0,High Confidence
301,Low,90.0,Very High Confidence
302,Medium,97.0,Very High Confidence
303,Medium,93.0,Very High Confidence
304,Medium,83.0,High Confidence
305,Medium,88.0,High Confidence
306,Medium,95.0,Very High Confidence
307,High,98.0,Very High Confidence
308,Medium,97.0,Very High Confidence
309,Medium,86.0,High Confidence
310,Low,74.0,Medium Confidence
311,Medium,97.0,Very High Confidence
312,High,82.0,High Confidence
313,Medium,93.0,Very High Confidence
314,High,99.0,Very High Confidence
315,Medium,98.0,Very High Confidence
316,Low,84.0,High Confidence
317,High,98.0,Very High Confidence
318,Medium,89.0,High Confidence
319,High,96.0,Very High Confidence
320,Low,88.0,High Confidence
321,Medium,96.0,Very High Confidence
322,Medium,89.0,High Confidence
323,Medium,92.0,Very High Confidence
324,Medium,87.0,High Confidence
325,High,97.0,Very High Confidence
326,Medium,98.0,Very High Confidence
327,Medium,97.0,Very High Confidence
328,Low,83.0,High Confidence
329,Medium,99.0,Very High Confidence
330,Medium,88.0,High Confidence
331,Medium,97.0,Very High Confidence
332,Medium,97.0,Very High Confidence
333,Medium,89.0,High Confidence
334,Low,79.0,High Confidence
335,Medium,92.0,Very High Confidence
336,Medium,99.0,Very High Confidence
337,Medium,97.0,Very High Confidence
338,Low,89.0,High Confidence
339,Medium,100.0,Very High Confidence
340,High,97.0,Very High Confidence
341,Medium,97.0,Very High Confidence
342,Medium,98.0,Very High Confidence
343,Medium,96.0,Very High Confidence
344,Medium,99.0,Very High Confidence
345,Medium,92.0,Very High Confidence
346,Medium,92.0,Very High Confidence
347,Medium,97.0,Very High Confidence
348,Medium,95.0,Very High Confidence
349,Medium,96.0,Very High Confidence
350,Medium,89.0,High Confidence
351,Medium,95.0,Very High Confidence
352,Medium,96.0,Very High Confidence
353,Medium,87.0,High Confidence
354,Low,57.0,Low Confidence
355,Medium,91.0,Very High Confidence
356,Medium,99.0,Very High Confidence
357,High,88.0,High Confidence
358,Medium,94.0,Very High Confidence
359,High,96.0,Very High Confidence
360,Medium,98.0,Very High Confidence
361,Medium,83.0,High Confidence
362,Medium,93.0,Very High Confidence
363,Medium,95.0,Very High Confidence
364,Medium,92.0,Very High Confidence
365,Medium,90.0,Very High Confidence
366,Medium,96.0,Very High Confidence
367,Medium,96.0,Very High Confidence
368,Medium,90.0,Very High Confidence
369,Medium,97.0,Very High Confidence
370,Medium,95.0,Very High Confidence
371,Medium,96.0,Very High Confidence
372,High,87.0,High Confidence
373,Low,78.0,High Confidence
374,Medium,100.0,Very High Confidence
375,High,98.0,Very High Confidence
376,Low,96.0,Very High Confidence
377,Low,93.0,Very High Confidence
378,Medium,97.0,Very High Confidence
379,Medium,95.0,Very High Confidence
380,Medium,92.0,Very High Confidence
381,High,99.0,Very High Confidence
382,Medium,96.0,Very High Confidence
383,Medium,99.0,Very High Confidence
384,Medium,94.0,Very High Confidence
385,Medium,96.0,Very High Confidence
386,Medium,95.0,Very High Confidence
387,Medium,100.0,Very High Confidence
388,Medium,93.0,Very High Confidence
389,Low,93.0,Very High Confidence
390,Medium,88.0,High Confidence
391,Medium,93.0,Very High Confidence
392,High,55.0,Low Confidence
393,Medium,97.0,Very High Confidence
394,Low,92.0,Very High Confidence
395,High,87.0,High Confidence
396,High,95.0,Very High Confidence
397,Medium,75.0,High Confidence
398,Low,98.0,Very High Confidence
399,Low,95.0,Very High Confidence
400,Medium,94.0,Very High Confidence
401,Medium,92.0,Very High Confidence
402,Medium,90.0,Very High Confidence
403,High,77.0,High Confidence
404,Medium,100.0,Very High Confidence
405,Medium,100.0,Very High Confidence
406,High,81.0,High Confidence
407,Low,93.0,Very High Confidence
408,Low,87.0,High Confidence
409,Medium,95.0,Very High Confidence
410,Medium,98.0,Very High Confidence
411,High,76.0,High Confidence
412,Medium,98.0,Very High Confidence
413,Medium,98.0,Very High Confidence
414,Medium,97.0,Very High Confidence
415,Medium,97.0,Very High Confidence
416,Medium,98.0,Very High Confidence
417,High,96.0,Very High Confidence
418,Medium,96.0,Very High Confidence
419,Medium,91.0,Very High Confidence
420,High,96.0,Very High Confidence
421,High,91.0,Very High Confidence
422,Medium,98.0,Very High Confidence
423,High,90.0,Very High Confidence
424,Medium,96.0,Very High Confidence
425,Medium,90.0,Very High Confidence
426,Low,95.0,Very High Confidence
427,Medium,93.0,Very High Confidence
428,Medium,96.0,Very High Confidence
429,Medium,84.0,High Confidence
430,Medium,95.0,Very High Confidence
431,Medium,96.0,Very High Confidence
432,Low,91.0,Very High Confidence
433,Medium,98.0,Very High Confidence
434,Low,90.0,Very High Confidence
435,Medium,97.0,Very High Confidence
436,Low,92.0,Very High Confidence
437,Medium,99.0,Very High Confidence
438,Low,99.0,Very High Confidence
439,Medium,90.0,Very High Confidence
440,Low,96.0,Very High Confidence
441,High,99.0,Very High Confidence
442,Medium,80.0,High Confidence
443,Medium,97.0,Very High Confidence
444,Medium,93.0,Very High Confidence
445,Medium,100.0,Very High Confidence
446,Medium,89.0,High Confidence
447,Medium,99.0,Very High Confidence
448,Medium,96.0,Very High Confidence
449,High,95.0,Very High Confidence
450,High,71.0,Medium Confidence
451,High,85.0,High Confidence
452,Medium,95.0,Very High Confidence
453,High,95.0,Very High Confidence
454,Medium,96.0,Very High Confidence
455,Medium,93.0,Very High Confidence
456,Medium,92.0,Very High Confidence
457,High,62.0,Medium Confidence
458,Medium,88.0,High Confidence
459,Low,86.0,High Confidence
460,High,92.0,Very High Confidence
461,Medium,98.0,Very High Confidence
462,Medium,97.0,Very High Confidence
463,Low,98.0,Very High Confidence
464,Low,91.0,Very High Confidence
465,High,87.0,High Confidence
466,Medium,96.0,Very High Confidence
467,Low,85.0,High Confidence
468,High,78.0,High Confidence
469,Medium,91.0,Very High Confidence
470,Medium,95.0,Very High Confidence
471,High,83.0,High Confidence
472,Medium,99.0,Very High Confidence
473,Medium,88.0,High Confidence
474,Medium,94.0,Very High Confidence
475,High,76.0,High Confidence
476,Low,86.0,High Confidence
477,Low,96.0,Very High Confidence
478,High,89.0,High Confidence
479,Medium,89.0,High Confidence
480,Low,98.0,Very High Confidence
481,High,98.0,Very High Confidence
482,Medium,97.0,Very High Confidence
483,Medium,97.0,Very High Confidence
484,High,96.0,Very High Confidence
485,High,100.0,Very High Confidence
486,High,96.0,Very High Confidence
487,Medium,85.0,High Confidence
488,Medium,95.0,Very High Confidence
489,Medium,98.0,Very High Confidence
490,Medium,99.0,Very High Confidence
491,Low,93.0,Very High Confidence
492,Medium,97.0,Very High Confidence
493,Medium,95.0,Very High Confidence
494,Low,90.0,Very High Confidence
495,Medium,100.0,Very High Confidence
496,High,78.0,High Confidence
497,Low,99.0,Very High Confidence
498,Medium,94.0,Very High Confidence
499,Medium,94.0,Very High Confidence
500,High,99.0,Very High Confidence
501,Medium,97.0,Very High Confidence
502,High,97.0,Very High Confidence
503,Medium,97.0,Very High Confidence
504,Medium,96.0,Very High Confidence
505,Medium,91.0,Very High Confidence
506,Medium,91.0,Very High Confidence
507,Low,92.0,Very High Confidence
508,Medium,75.0,High Confidence
509,High,96.0,Very High Confidence
510,Medium,99.0,Very High Confidence
511,Medium,95.0,Very High Confidence
512,Low,67.0,Medium Confidence
513,Medium,95.0,Very High Confidence
514,Low,77.0,High Confidence
515,Medium,93.0,Very High Confidence
516,Medium,97.0,Very High Confidence
517,High,80.0,High Confidence
518,High,79.0,High Confidence
519,Medium,95.0,Very High Confidence
520,Low,94.0,Very High Confidence
521,Medium,96.0,Very High Confidence
522,Medium,100.0,Very High Confidence
523,Medium,93.0,Very High Confidence
524,Medium,97.0,Very High Confidence
525,Medium,98.0,Very High Confidence
526,Medium,96.0,Very High Confidence
527,Medium,87.0,High Confidence
528,High,100.0,Very High Confidence
529,Medium,83.0,High Confidence
530,Medium,52.0,Low Confidence
531,Medium,92.0,Very High Confidence
532,Medium,89.0,High Confidence
533,High,95.0,Very High Confidence
534,Medium,94.0,Very High Confidence
535,Medium,96.0,Very High Confidence
536,High,73.0,Medium Confidence
537,Medium,98.0,Very High Confidence
538,Low,94.0,Very High Confidence
539,Medium,92.0,Very High Confidence
540,Medium,55.0,Low Confidence
541,Medium,91.0,Very High Confidence
542,High,95.0,Very High Confidence
543,Medium,92.0,Very High Confidence
544,Medium,90.0,Very High Confidence
545,Medium,89.0,High Confidence
546,Low,100.0,Very High Confidence
547,Low,100.0,Very High Confidence
548,Medium,97.0,Very High Confidence
549,Medium,95.0,Very High Confidence
550,Medium,85.0,High Confidence
551,Medium,74.0,Medium Confidence
552,Medium,99.0,Very High Confidence
553,Low,95.0,Very High Confidence
554,Medium,100.0,Very High Confidence
555,Low,92.0,Very High Confidence
556,High,74.0,Medium Confidence
557,Medium,94.0,Very High Confidence
558,Medium,90.0,Very High Confidence
559,Low,81.0,High Confidence
560,Medium,89.0,High Confidence
561,Medium,96.0,Very High Confidence
562,Medium,92.0,Very High Confidence
563,Medium,97.0,Very High Confidence
564,Low,77.0,High Confidence
565,Medium,99.0,Very High Confidence
566,Low,80.0,High Confidence
567,High,76.0,High Confidence
568,Medium,96.0,Very High Confidence
569,Medium,94.0,Very High Confidence
570,Low,78.0,High Confidence
571,Medium,94.0,Very High Confidence
572,Medium,98.0,Very High Confidence
573,Medium,87.0,High Confidence
574,High,97.0,Very High Confidence
575,High,91.0,Very High Confidence
576,Medium,99.0,Very High Confidence
577,Low,88.0,High Confidence
578,Low,97.0,Very High Confidence
579,Medium,95.0,Very High Confidence
580,Medium,96.0,Very High Confidence
581,Medium,100.0,Very High Confidence
582,High,98.0,Very High Confidence
583,High,58.0,Low Confidence
584,Medium,99.0,Very High Confidence
585,Low,94.0,Very High Confidence
586,Medium,93.0,Very High Confidence
587,High,99.0,Very High Confidence
588,Medium,100.0,Very High Confidence
589,Low,97.0,Very High Confidence
590,Medium,90.0,Very High Confidence
591,High,95.0,Very High Confidence
592,Medium,87.0,High Confidence
593,High,98.0,Very High Confidence
594,Medium,95.0,Very High Confidence
595,Medium,86.0,High Confidence
596,Low,99.0,Very High Confidence
597,Low,99.0,Very High Confidence
598,High,93.0,Very High Confidence
599,Medium,95.0,Very High Confidence
600,Low,93.0,Very High Confidence
601,High,86.0,High Confidence
602,Low,84.0,High Confidence
603,Medium,98.0,Very High Confidence
604,Medium,94.0,Very High Confidence
605,Medium,90.0,Very High Confidence
606,Medium,92.0,Very High Confidence
607,Medium,94.0,Very High Confidence
608,Medium,91.0,Very High Confidence
609,Medium,96.0,Very High Confidence
610,Low,78.0,High Confidence
611,Medium,97.0,Very High Confidence
612,Low,91.0,Very High Confidence
613,High,59.0,Low Confidence
614,Medium,97.0,Very High Confidence
615,Medium,98.0,Very High Confidence
616,Medium,95.0,Very High Confidence
617,Low,91.0,Very High Confidence
618,High,87.0,High Confidence
619,Medium,93.0,Very High Confidence
620,Medium,99.0,Very High Confidence
621,Low,85.0,High Confidence
622,Medium,91.0,Very High Confidence
623,Low,91.0,Very High Confidence
624,Low,91.0,Very High Confidence
625,Medium,90.0,Very High Confidence
626,Low,79.0,High Confidence
627,Medium,97.0,Very High Confidence
628,High,98.0,Very High Confidence
629,Medium,97.0,Very High Confidence
630,Medium,94.0,Very High Confidence
631,High,69.0,Medium Confidence
632,Low,98.0,Very High Confidence
633,Medium,94.0,Very High Confidence
634,Medium,95.0,Very High Confidence
635,Medium,82.0,High Confidence
636,Medium,99.0,Very High Confidence
637,Medium,95.0,Very High Confidence
638,Medium,96.0,Very High Confidence
639,Medium,94.0,Very High Confidence
640,Low,98.0,Very High Confidence
641,Low,86.0,High Confidence
642,High,79.0,High Confidence
643,Medium,99.0,Very High Confidence
644,Medium,90.0,Very High Confidence
645,Medium,96.0,Very High Confidence
646,High,81.0,High Confidence
647,Medium,94.0,Very High Confidence
648,Medium,96.0,Very High Confidence
649,Medium,99.0,Very High Confidence
650,High,96.0,Very High Confidence
651,Medium,94.0,Very High Confidence
652,High,81.0,High Confidence
653,Medium,90.0,Very High Confidence
654,High,95.0,Very High Confidence
655,Low,100.0,Very High Confidence
656,Low,95.0,Very High Confidence
657,High,97.0,Very High Confidence
658,Low,91.0,Very High Confidence
659,Low,85.0,High Confidence
660,Low,76.0,High Confidence
661,High,88.0,High Confidence
662,Medium,89.0,High Confidence
663,Low,91.0,Very High Confidence
664,Medium,92.0,Very High Confidence
665,High,92.0,Very High Confidence
666,Low,79.0,High Confidence
667,Low,99.0,Very High Confidence
668,Low,84.0,High Confidence
669,Low,95.0,Very High Confidence
670,High,95.0,Very High Confidence
671,Medium,100.0,Very High Confidence
672,Medium,95.0,Very High Confidence
673,Medium,94.0,Very High Confidence
674,Medium,98.0,Very High Confidence
675,Medium,91.0,Very High Confidence
676,High,81.0,High Confidence
677,High,98.0,Very High Confidence
678,Medium,83.0,High Confidence
679,High,99.0,Very High Confidence
680,Low,99.0,Very High Confidence
681,Medium,96.0,Very High Confidence
682,Low,70.0,Medium Confidence
683,Medium,100.0,Very High Confidence
684,High,75.0,High Confidence
685,Medium,94.0,Very High Confidence
686,Medium,96.0,Very High Confidence
687,Medium,98.0,Very High Confidence
688,Medium,97.0,Very High Confidence
689,High,97.0,Very High Confidence
690,High,99.0,Very High Confidence
691,Medium,93.0,Very High Confidence
692,Medium,97.0,Very High Confidence
693,Medium,93.0,Very High Confidence
694,Medium,96.0,Very High Confidence
695,Medium,79.0,High Confidence
696,Medium,96.0,Very High Confidence
697,High,96.0,Very High Confidence
698,Low,97.0,Very High Confidence
699,Low,91.0,Very High Confidence
700,Medium,84.0,High Confidence
701,Medium,91.0,Very High Confidence
702,High,96.0,Very High Confidence
703,Medium,97.0,Very High Confidence
704,Medium,96.0,Very High Confidence
705,Medium,93.0,Very High Confidence
706,Low,96.0,Very High Confidence
707,Low,83.0,High Confidence
708,Low,78.0,High Confidence
709,Medium,91.0,Very High Confidence
710,Low,95.0,Very High Confidence
711,High,99.0,Very High Confidence
712,Medium,98.0,Very High Confidence
713,Medium,94.0,Very High Confidence
714,Low,82.0,High Confidence
715,Medium,97.0,Very High Confidence
716,Medium,98.0,Very High Confidence
717,Medium,95.0,Very High Confidence
718,Medium,90.0,Very High Confidence
719,Low,99.0,Very High Confidence
720,Medium,88.0,High Confidence
721,Medium,86.0,High Confidence
722,Medium,98.0,Very High Confidence
723,Medium,89.0,High Confidence
724,Medium,86.0,High Confidence
725,Medium,97.0,Very High Confidence
726,Medium,100.0,Very High Confidence
727,Medium,91.0,Very High Confidence
728,Medium,86.0,High Confidence
729,Medium,94.0,Very High Confidence
730,Medium,96.0,Very High Confidence
731,Low,93.0,Very High Confidence
732,Medium,98.0,Very High Confidence
733,Medium,83.0,High Confidence
734,Medium,98.0,Very High Confidence
735,High,96.0,Very High Confidence
736,High,93.0,Very High Confidence
737,Low,92.0,Very High Confidence
738,Medium,98.0,Very High Confidence
739,Medium,97.0,Very High Confidence
740,High,90.0,Very High Confidence
741,High,100.0,Very High Confidence
742,Medium,100.0,Very High Confidence
743,Medium,98.0,Very High Confidence
744,Medium,91.0,Very High Confidence
745,High,91.0,Very High Confidence
746,Low,78.0,High Confidence
747,Medium,94.0,Very High Confidence
748,Medium,100.0,Very High Confidence
749,Medium,97.0,Very High Confidence
750,Medium,96.0,Very High Confidence
751,Medium,99.0,Very High Confidence
752,Medium,97.0,Very High Confidence
753,Medium,91.0,Very High Confidence
754,Medium,94.0,Very High Confidence
755,Medium,92.0,Very High Confidence
756,Low,69.0,Medium Confidence
757,Medium,94.0,Very High Confidence
758,Medium,95.0,Very High Confidence
759,Medium,98.0,Very High Confidence
760,Medium,98.0,Very High Confidence
761,Medium,85.0,High Confidence
762,Medium,94.0,Very High Confidence
763,Medium,100.0,Very High Confidence
764,High,61.0,Medium Confidence
765,Medium,91.0,Very High Confidence
766,Medium,98.0,Very High Confidence
767,Medium,82.0,High Confidence
768,Medium,98.0,Very High Confidence
769,Medium,99.0,Very High Confidence
770,Low,76.0,High Confidence
771,Medium,83.0,High Confidence
772,Medium,97.0,Very High Confidence
773,Medium,63.0,Medium Confidence
774,Medium,99.0,Very High Confidence
775,Medium,94.0,Very High Confidence
776,Medium,96.0,Very High Confidence
777,Low,89.0,High Confidence
778,Medium,99.0,Very High Confidence
779,Medium,96.0,Very High Confidence
780,Low,83.0,High Confidence
781,Medium,91.0,Very High Confidence
782,Medium,87.0,High Confidence
783,Medium,99.0,Very High Confidence
784,Medium,88.0,High Confidence
785,Low,92.0,Very High Confidence
786,Medium,94.0,Very High Confidence
787,Medium,98.0,Very High Confidence
788,Medium,87.0,High Confidence
789,Medium,87.0,High Confidence
790,Medium,97.0,Very High Confidence
791,Medium,78.0,High Confidence
792,High,99.0,Very High Confidence
793,High,98.0,Very High Confidence
794,Medium,96.0,Very High Confidence
795,High,82.0,High Confidence
796,Medium,96.0,Very High Confidence
797,Low,82.0,High Confidence
798,High,95.0,Very High Confidence
799,Medium,92.0,Very High Confidence
800,Medium,92.0,Very High Confidence
801,Low,94.0,Very High Confidence
802,Low,82.0,High Confidence
803,Low,88.0,High Confidence
804,Medium,100.0,Very High Confidence
805,Medium,92.0,Very High Confidence
806,High,92.0,Very High Confidence
807,Medium,60.0,Medium Confidence
808,Medium,97.0,Very High Confidence
809,Medium,98.0,Very High Confidence
810,Medium,99.0,Very High Confidence
811,High,83.0,High Confidence
812,Medium,95.0,Very High Confidence
813,High,92.0,Very High Confidence
814,Medium,88.0,High Confidence
815,Medium,92.0,Very High Confidence
816,High,85.0,High Confidence
817,High,90.0,Very High Confidence
818,Medium,96.0,Very High Confidence
819,Medium,99.0,Very High Confidence
820,High,88.0,High Confidence
821,Low,67.0,Medium Confidence
822,Medium,99.0,Very High Confidence
823,Medium,95.0,Very High Confidence
824,Medium,93.0,Very High Confidence
825,Medium,92.0,Very High Confidence
826,Medium,94.0,Very High Confidence
827,Medium,98.0,Very High Confidence
828,Medium,99.0,Very High Confidence
829,Medium,96.0,Very High Confidence
830,Medium,91.0,Very High Confidence
831,Low,84.0,High Confidence
832,Medium,56.0,Low Confidence
833,Medium,94.0,Very High Confidence
834,Low,87.0,High Confidence
835,High,100.0,Very High Confidence
836,Medium,99.0,Very High Confidence
837,Medium,97.0,Very High Confidence
838,Medium,99.0,Very High Confidence
839,Medium,95.0,Very High Confidence
840,Medium,91.0,Very High Confidence
841,Low,94.0,Very High Confidence
842,Medium,63.0,Medium Confidence
843,Medium,95.0,Very High Confidence
844,Medium,93.0,Very High Confidence
845,Medium,92.0,Very High Confidence
846,Medium,97.0,Very High Confidence
847,Medium,85.0,High Confidence
848,Medium,93.0,Very High Confidence
849,High,93.0,Very High Confidence
850,High,78.0,High Confidence
851,High,97.0,Very High Confidence
852,High,89.0,High Confidence
853,Medium,100.0,Very High Confidence
854,Low,61.0,Medium Confidence
855,Medium,94.0,Very High Confidence
856,Medium,98.0,Very High Confidence
857,Medium,97.0,Very High Confidence
858,High,97.0,Very High Confidence
859,Medium,97.0,Very High Confidence
860,Low,84.0,High Confidence
861,Medium,94.0,Very High Confidence
862,Medium,92.0,Very High Confidence
863,Medium,86.0,High Confidence
864,Medium,97.0,Very High Confidence
865,Low,95.0,Very High Confidence
866,Low,82.0,High Confidence
867,Medium,78.0,High Confidence
868,Medium,98.0,Very High Confidence
869,Medium,94.0,Very High Confidence
870,Medium,93.0,Very High Confidence
871,Medium,97.0,Very High Confidence
872,Medium,96.0,Very High Confidence
873,Low,83.0,High Confidence
874,Low,88.0,High Confidence
875,Medium,99.0,Very High Confidence
876,Medium,91.0,Very High Confidence
877,Medium,96.0,Very High Confidence
878,Medium,98.0,Very High Confidence
879,Medium,98.0,Very High Confidence
880,Medium,95.0,Very High Confidence
881,Low,99.0,Very High Confidence
882,High,88.0,High Confidence
883,Medium,92.0,Very High Confidence
884,Medium,91.0,Very High Confidence
885,Medium,90.0,Very High Confidence
886,Medium,95.0,Very High Confidence
887,Medium,100.0,Very High Confidence
888,High,94.0,Very High Confidence
889,Medium,99.0,Very High Confidence
890,Medium,86.0,High Confidence
891,High,97.0,Very High Confidence
892,Medium,81.0,High Confidence
893,High,78.0,High Confidence
894,Medium,98.0,Very High Confidence
895,Medium,94.0,Very High Confidence
896,Low,95.0,Very High Confidence
897,High,94.0,Very High Confidence
898,High,98.0,Very High Confidence
899,High,81.0,High Confidence
900,Medium,88.0,High Confidence
901,Medium,98.0,Very High Confidence
902,Medium,95.0,Very High Confidence
903,Low,96.0,Very High Confidence
904,High,85.0,High Confidence
905,Medium,95.0,Very High Confidence
906,Low,92.0,Very High Confidence
907,Low,88.0,High Confidence
908,Medium,99.0,Very High Confidence
909,Medium,99.0,Very High Confidence
910,Low,96.0,Very High Confidence
911,High,96.0,Very High Confidence
912,Medium,90.0,Very High Confidence
913,Medium,93.0,Very High Confidence
914,Medium,95.0,Very High Confidence
915,Medium,94.0,Very High Confidence
916,Low,67.0,Medium Confidence
917,Low,98.0,Very High Confidence
918,Medium,77.0,High Confidence
919,Medium,97.0,Very High Confidence
920,Medium,97.0,Very High Confidence
921,Medium,96.0,Very High Confidence
922,Medium,95.0,Very High Confidence
923,Medium,99.0,Very High Confidence
924,High,82.0,High Confidence
925,Medium,86.0,High Confidence
926,High,97.0,Very High Confidence
927,Medium,99.0,Very High Confidence
928,Medium,96.0,Very High Confidence
929,Medium,95.0,Very High Confidence
930,High,84.0,High Confidence
931,Medium,91.0,Very High Confidence
932,Low,71.0,Medium Confidence
933,Low,74.0,Medium Confidence
934,High,97.0,Very High Confidence
935,Medium,100.0,Very High Confidence
936,High,91.0,Very High Confidence
937,Medium,95.0,Very High Confidence
938,Medium,98.0,Very High Confidence
939,Medium,92.0,Very High Confidence
940,Low,98.0,Very High Confidence
941,Medium,98.0,Very High Confidence
942,High,93.0,Very High Confidence
943,Medium,97.0,Very High Confidence
944,Low,85.0,High Confidence
945,High,100.0,Very High Confidence
946,Low,91.0,Very High Confidence
947,Medium,97.0,Very High Confidence
948,High,79.0,High Confidence
949,Medium,95.0,Very High Confidence
950,Low,98.0,Very High Confidence
951,High,98.0,Very High Confidence
952,High,98.0,Very High Confidence
953,Low,92.0,Very High Confidence
954,Medium,93.0,Very High Confidence
955,Medium,95.0,Very High Confidence
956,Medium,57.0,Low Confidence
957,Low,75.0,High Confidence
958,Medium,99.0,Very High Confidence
959,High,92.0,Very High Confidence
960,Medium,81.0,High Confidence
961,High,82.0,High Confidence
962,Low,92.0,Very High Confidence
963,Medium,72.0,Medium Confidence
964,Low,83.0,High Confidence
965,Low,80.0,High Confidence
966,Medium,86.0,High Confidence
967,Low,99.0,Very High Confidence
968,Medium,97.0,Very High Confidence
969,Medium,98.0,Very High Confidence
970,Low,85.0,High Confidence
971,High,99.0,Very High Confidence
972,Medium,86.0,High Confidence
973,Medium,97.0,Very High Confidence
974,Medium,98.0,Very High Confidence
975,Medium,98.0,Very High Confidence
976,Medium,93.0,Very High Confidence
977,Medium,97.0,Very High Confidence
978,Medium,94.0,Very High Confidence
979,High,85.0,High Confidence
980,High,94.0,Very High Confidence
981,Low,90.0,Very High Confidence
982,Medium,96.0,Very High Confidence
983,Medium,98.0,Very High Confidence
984,High,96.0,Very High Confidence
985,Medium,94.0,Very High Confidence
986,Medium,94.0,Very High Confidence
987,High,93.0,Very High Confidence
988,Medium,95.0,Very High Confidence
989,Medium,97.0,Very High Confidence
990,Medium,58.0,Low Confidence
991,Medium,86.0,High Confidence
992,Medium,92.0,Very High Confidence
993,Medium,96.0,Very High Confidence
994,Low,86.0,High Confidence
995,Medium,99.0,Very High Confidence
996,Medium,86.0,High Confidence
997,High,96.0,Very High Confidence
998,Medium,95.0,Very High Confidence
999,Medium,96.0,Very High Confidence
1000,Medium,96.0,Very High Confidence
1001,High,90.0,Very High Confidence
1002,Low,84.0,High Confidence
1003,Medium,96.0,Very High Confidence
1004,Medium,95.0,Very High Confidence
1005,High,67.0,Medium Confidence
1006,Low,91.0,Very High Confidence
1007,Medium,97.0,Very High Confidence
1008,Medium,87.0,High Confidence
1009,Medium,97.0,Very High Confidence
1010,Medium,94.0,Very High Confidence
1011,High,79.0,High Confidence
1012,High,98.0,Very High Confidence
1013,High,98.0,Very High Confidence
1014,Low,93.0,Very High Confidence
1015,High,93.0,Very High Confidence
1016,Medium,99.0,Very High Confidence
1017,Medium,97.0,Very High Confidence
1018,Medium,95.0,Very High Confidence
1019,Medium,90.0,Very High Confidence
1020,Low,92.0,Very High Confidence
1021,Medium,96.0,Very High Confidence
1022,Medium,89.0,High Confidence
1023,Medium,86.0,High Confidence
1024,Low,97.0,Very High Confidence
1025,Low,82.0,High Confidence
1026,High,100.0,Very High Confidence
1027,Medium,96.0,Very High Confidence
1028,Low,99.0,Very High Confidence
1029,Low,82.0,High Confidence
1030,High,100.0,Very High Confidence
1031,Medium,81.0,High Confidence
1032,Medium,95.0,Very High Confidence
1033,Medium,88.0,High Confidence
1034,Low,97.0,Very High Confidence
1035,Medium,99.0,Very High Confidence
1036,Medium,88.0,High Confidence
1037,Medium,91.0,Very High Confidence
1038,Medium,95.0,Very High Confidence
1039,High,97.0,Very High Confidence
1040,Medium,100.0,Very High Confidence
1041,Low,81.0,High Confidence
1042,Medium,94.0,Very High Confidence
1043,High,83.0,High Confidence
1044,Medium,96.0,Very High Confidence
1045,High,90.0,Very High Confidence
1046,Medium,93.0,Very High Confidence
1047,Medium,96.0,Very High Confidence
1048,Low,93.0,Very High Confidence
1049,Medium,98.0,Very High Confidence
1050,Low,96.0,Very High Confidence
1051,Medium,92.0,Very High Confidence
1052,Medium,72.0,Medium Confidence
1053,Medium,87.0,High Confidence
1054,Low,96.0,Very High Confidence
1055,Medium,96.0,Very High Confidence
1056,Medium,99.0,Very High Confidence
1057,High,73.0,Medium Confidence
1058,Medium,98.0,Very High Confidence
1059,Low,90.0,Very High Confidence
1060,High,50.0,Low Confidence
1061,Low,87.0,High Confidence
1062,Medium,99.0,Very High Confidence
1063,High,79.0,High Confidence
1064,High,89.0,High Confidence
1065,Low,88.0,High Confidence
1066,Low,80.0,High Confidence
1067,High,85.0,High Confidence
1068,Medium,95.0,Very High Confidence
1069,Low,87.0,High Confidence
1070,Medium,98.0,Very High Confidence
1071,Low,85.0,High Confidence
1072,Medium,83.0,High Confidence
1073,Medium,98.0,Very High Confidence
1074,Low,97.0,Very High Confidence
1075,Medium,95.0,Very High Confidence
1076,Medium,97.0,Very High Confidence
1077,Low,91.0,Very High Confidence
1078,Low,97.0,Very High Confidence
1079,Medium,100.0,Very High Confidence
1080,Medium,81.0,High Confidence
1081,Low,58.0,Low Confidence
1082,Medium,96.0,Very High Confidence
1083,Medium,89.0,High Confidence
1084,High,85.0,High Confidence
1085,Medium,63.0,Medium Confidence
1086,Low,97.0,Very High Confidence
1087,Medium,98.0,Very High Confidence
1088,Low,74.0,Medium Confidence
1089,Medium,68.0,Medium Confidence
1090,Medium,95.0,Very High Confidence
1091,Medium,82.0,High Confidence
1092,Medium,99.0,Very High Confidence
1093,Medium,91.0,Very High Confidence
1094,Medium,83.0,High Confidence
1095,Medium,85.0,High Confidence
1096,Medium,92.0,Very High Confidence
1097,Medium,96.0,Very High Confidence
1098,Medium,89.0,High Confidence
1099,Low,81.0,High Confidence
1100,Medium,86.0,High Confidence
1101,High,98.0,Very High Confidence
1102,Medium,90.0,Very High Confidence
1103,Medium,81.0,High Confidence
1104,High,92.0,Very High Confidence
1105,High,96.0,Very High Confidence
1106,Medium,97.0,Very High Confidence
1107,Medium,100.0,Very High Confidence
1108,Low,94.0,Very High Confidence
1109,Medium,92.0,Very High Confidence
1110,High,95.0,Very High Confidence
1111,Medium,98.0,Very High Confidence
1112,Medium,93.0,Very High Confidence
1113,Low,98.0,Very High Confidence
1114,Medium,98.0,Very High Confidence
1115,Low,96.0,Very High Confidence
1116,Medium,97.0,Very High Confidence
1117,Low,98.0,Very High Confidence
1118,Medium,96.0,Very High Confidence
1119,High,71.0,Medium Confidence
1120,Medium,99.0,Very High Confidence
1121,Low,94.0,Very High Confidence
1122,Medium,94.0,Very High Confidence
1123,High,98.0,Very High Confidence
1124,Low,83.0,High Confidence
1125,Medium,97.0,Very High Confidence
1126,Medium,88.0,High Confidence
1127,Medium,89.0,High Confidence
1128,High,97.0,Very High Confidence
1129,Medium,94.0,Very High Confidence
1130,Medium,97.0,Very High Confidence
1131,Medium,96.0,Very High Confidence
1132,Low,95.0,Very High Confidence
1133,Low,80.0,High Confidence
1134,High,99.0,Very High Confidence
1135,Medium,90.0,Very High Confidence
1136,Medium,97.0,Very High Confidence
1137,High,90.0,Very High Confidence
1138,High,78.0,High Confidence
1139,Medium,100.0,Very High Confidence
1140,Low,69.0,Medium Confidence
1141,High,91.0,Very High Confidence
1142,Medium,86.0,High Confidence
1143,Low,95.0,Very High Confidence
1144,Medium,99.0,Very High Confidence
1145,Medium,98.0,Very High Confidence
1146,High,96.0,Very High Confidence
1147,Medium,86.0,High Confidence
1148,Medium,66.0,Medium Confidence
1149,Medium,98.0,Very High Confidence
1150,Medium,65.0,Medium Confidence
1151,Medium,91.0,Very High Confidence
1152,High,86.0,High Confidence
1153,Medium,95.0,Very High Confidence
1154,Low,92.0,Very High Confidence
1155,Medium,98.0,Very High Confidence
1156,Medium,94.0,Very High Confidence
1157,Medium,85.0,High Confidence
1158,Medium,75.0,High Confidence
1159,Medium,85.0,High Confidence
1160,Medium,81.0,High Confidence
1161,Medium,91.0,Very High Confidence
1162,Medium,88.0,High Confidence
1163,Medium,93.0,Very High Confidence
1164,Medium,92.0,Very High Confidence
1165,Medium,98.0,Very High Confidence
1166,Medium,96.0,Very High Confidence
1167,Medium,96.0,Very High Confidence
1168,Medium,98.0,Very High Confidence
1169,High,96.0,Very High Confidence
1170,Medium,97.0,Very High Confidence
1171,High,78.0,High Confidence
1172,Medium,88.0,High Confidence
1173,Medium,87.0,High Confidence
1174,Medium,97.0,Very High Confidence
1175,High,96.0,Very High Confidence
1176,Medium,96.0,Very High Confidence
1177,Medium,97.0,Very High Confidence
1178,Low,100.0,Very High Confidence
1179,High,72.0,Medium Confidence
1180,Medium,94.0,Very High Confidence
1181,High,93.0,Very High Confidence
1182,Medium,98.0,Very High Confidence
1183,Medium,95.0,Very High Confidence
1184,Medium,98.0,Very High Confidence
1185,High,82.0,High Confidence
1186,Medium,96.0,Very High Confidence
1187,High,95.0,Very High Confidence
1188,Medium,83.0,High Confidence
1189,High,99.0,Very High Confidence
1190,Medium,90.0,Very High Confidence
1191,Medium,64.0,Medium Confidence
1192,High,81.0,High Confidence
1193,Medium,97.0,Very High Confidence
1194,Medium,84.0,High Confidence
1195,Medium,98.0,Very High Confidence
1196,Medium,76.0,High Confidence
1197,Medium,94.0,Very High Confidence
1198,Medium,90.0,Very High Confidence
1199,Low,55.0,Low Confidence
1200,Medium,96.0,Very High Confidence
1201,Medium,96.0,Very High Confidence
1202,High,87.0,High Confidence
1203,Medium,90.0,Very High Confidence
1204,Low,97.0,Very High Confidence
1205,Medium,91.0,Very High Confidence
1206,Low,92.0,Very High Confidence
1207,Medium,97.0,Very High Confidence
1208,Medium,72.0,Medium Confidence
1209,Low,86.0,High Confidence
1210,High,95.0,Very High Confidence
1211,Medium,91.0,Very High Confidence
1212,Medium,85.0,High Confidence
1213,Medium,91.0,Very High Confidence
1214,Medium,91.0,Very High Confidence
1215,Medium,90.0,Very High Confidence
1216,Low,99.0,Very High Confidence
1217,Medium,96.0,Very High Confidence
1218,Low,99.0,Very High Confidence
1219,Medium,97.0,Very High Confidence
1220,Medium,98.0,Very High Confidence
1221,Low,88.0,High Confidence
1222,Medium,65.0,Medium Confidence
1223,Medium,99.0,Very High Confidence
1224,Medium,97.0,Very High Confidence
1225,High,98.0,Very High Confidence
1226,Medium,87.0,High Confidence
1227,Medium,97.0,Very High Confidence
1228,Low,77.0,High Confidence
1229,Medium,94.0,Very High Confidence
1230,Low,84.0,High Confidence
1231,Medium,90.0,Very High Confidence
1232,High,92.0,Very High Confidence
1233,High,98.0,Very High Confidence
1234,Medium,87.0,High Confidence
1235,Medium,94.0,Very High Confidence
1236,Medium,93.0,Very High Confidence
1237,Low,83.0,High Confidence
1238,High,99.0,Very High Confidence
1239,Medium,51.0,Low Confidence
1240,Medium,95.0,Very High Confidence
1241,High,75.0,High Confidence
1242,Medium,79.0,High Confidence
1243,Low,85.0,High Confidence
1244,Medium,96.0,Very High Confidence
1245,Medium,98.0,Very High Confidence
1246,Low,73.0,Medium Confidence
1247,Medium,97.0,Very High Confidence
1248,Low,98.0,Very High Confidence
1249,Medium,98.0,Very High Confidence
1250,Medium,94.0,Very High Confidence
1251,Low,91.0,Very High Confidence
1252,Medium,90.0,Very High Confidence
1253,Medium,100.0,Very High Confidence
1254,High,84.0,High Confidence
1255,Medium,99.0,Very High Confidence
1256,High,93.0,Very High Confidence
1257,High,98.0,Very High Confidence
1258,High,87.0,High Confidence
1259,Medium,97.0,Very High Confidence
1260,Medium,97.0,Very High Confidence
1261,Medium,99.0,Very High Confidence
1262,Medium,92.0,Very High Confidence
1263,High,94.0,Very High Confidence
1264,Medium,90.0,Very High Confidence
1265,Medium,97.0,Very High Confidence
1266,Low,69.0,Medium Confidence
1267,Medium,97.0,Very High Confidence
1268,Medium,65.0,Medium Confidence
1269,Medium,93.0,Very High Confidence
1270,Medium,90.0,Very High Confidence
1271,Medium,98.0,Very High Confidence
1272,Medium,96.0,Very High Confidence
1273,Medium,97.0,Very High Confidence
1274,High,92.0,Very High Confidence
1275,High,89.0,High Confidence
1276,Medium,98.0,Very High Confidence
1277,Low,95.0,Very High Confidence
1278,High,91.0,Very High Confidence
1279,Medium,99.0,Very High Confidence
1280,Medium,86.0,High Confidence
1281,Low,76.0,High Confidence
1282,Medium,97.0,Very High Confidence
1283,High,97.0,Very High Confidence
1284,Medium,99.0,Very High Confidence
1285,Medium,93.0,Very High Confidence
1286,Medium,92.0,Very High Confidence
1287,Medium,95.0,Very High Confidence
1288,High,96.0,Very High Confidence
1289,Medium,94.0,Very High Confidence
1290,Medium,92.0,Very High Confidence
1291,High,97.0,Very High Confidence
1292,High,75.0,High Confidence
1293,Medium,76.0,High Confidence
1294,Medium,97.0,Very High Confidence
1295,Medium,99.0,Very High Confidence
1296,Medium,91.0,Very High Confidence
1297,High,98.0,Very High Confidence
1298,Medium,99.0,Very High Confidence
1299,Medium,95.0,Very High Confidence
1300,High,93.0,Very High Confidence
1301,High,92.0,Very High Confidence
1302,Medium,98.0,Very High Confidence
1303,High,87.0,High Confidence
1304,Medium,64.0,Medium Confidence
1305,Medium,100.0,Very High Confidence
1306,Medium,97.0,Very High Confidence
1307,Low,89.0,High Confidence
1308,Medium,72.0,Medium Confidence
1309,Medium,95.0,Very High Confidence
1310,Medium,86.0,High Confidence
1311,High,67.0,Medium Confidence
1312,Medium,93.0,Very High Confidence
1313,Medium,80.0,High Confidence
1314,Medium,99.0,Very High Confidence
1315,Low,99.0,Very High Confidence
1316,Medium,97.0,Very High Confidence
1317,Medium,87.0,High Confidence
1318,Medium,89.0,High Confidence
1319,Low,76.0,High Confidence
1320,Medium,82.0,High Confidence
1321,Medium,86.0,High Confidence
1322,Medium,87.0,High Confidence
1323,Medium,72.0,Medium Confidence
1324,Low,87.0,High Confidence
1325,Medium,89.0,High Confidence
1326,Medium,89.0,High Confidence
1327,Medium,96.0,Very High Confidence
1328,Low,99.0,Very High Confidence
1329,High,99.0,Very High Confidence
1330,Medium,82.0,High Confidence
1331,Medium,90.0,Very High Confidence
1332,High,97.0,Very High Confidence
1333,Medium,87.0,High Confidence
1334,Medium,96.0,Very High Confidence
1335,High,61.0,Medium Confidence
1336,Low,79.0,High Confidence
1337,Medium,65.0,Medium Confidence
1338,High,95.0,Very High Confidence
1339,Medium,93.0,Very High Confidence
1340,Medium,73.0,Medium Confidence
1341,Medium,98.0,Very High Confidence
1342,High,88.0,High Confidence
1343,Medium,90.0,Very High Confidence
1344,High,59.0,Low Confidence
1345,Medium,98.0,Very High Confidence
1346,Medium,98.0,Very High Confidence
1347,High,95.0,Very High Confidence
1348,Low,87.0,High Confidence
1349,Medium,96.0,Very High Confidence
1350,Medium,97.0,Very High Confidence
1351,Medium,89.0,High Confidence
1352,Low,72.0,Medium Confidence
1353,Medium,91.0,Very High Confidence
1354,Medium,82.0,High Confidence
1355,Medium,98.0,Very High Confidence
1356,Medium,91.0,Very High Confidence
1357,Medium,94.0,Very High Confidence
1358,Medium,92.0,Very High Confidence
1359,Low,87.0,High Confidence
1360,High,94.0,Very High Confidence
1361,High,90.0,Very High Confidence
1362,Low,86.0,High Confidence
1363,Low,68.0,Medium Confidence
1364,High,95.0,Very High Confidence
1365,Medium,100.0,Very High Confidence
1366,High,99.0,Very High Confidence
1367,Medium,96.0,Very High Confidence
1368,Medium,100.0,Very High Confidence
1369,Medium,91.0,Very High Confidence
1370,Low,95.0,Very High Confidence
1371,Medium,90.0,Very High Confidence
1372,Low,88.0,High Confidence
1373,High,98.0,Very High Confidence
1374,Medium,99.0,Very High Confidence
1375,Medium,99.0,Very High Confidence
1376,High,96.0,Very High Confidence
1377,Medium,90.0,Very High Confidence
1378,Medium,96.0,Very High Confidence
1379,Medium,99.0,Very High Confidence
1380,Medium,83.0,High Confidence
1381,Medium,76.0,High Confidence
1382,Medium,99.0,Very High Confidence
1383,Medium,96.0,Very High Confidence
1384,High,97.0,Very High Confidence
1385,High,76.0,High Confidence
1386,High,75.0,High Confidence
1387,High,80.0,High Confidence
1388,Low,100.0,Very High Confidence
1389,Medium,96.0,Very High Confidence
1390,Medium,51.0,Low Confidence
1391,Low,85.0,High Confidence
1392,Medium,89.0,High Confidence
1393,Medium,91.0,Very High Confidence
1394,Medium,91.0,Very High Confidence
1395,Low,98.0,Very High Confidence
1396,Medium,96.0,Very High Confidence
1397,Medium,98.0,Very High Confidence
1398,Medium,50.0,Low Confidence
1399,High,100.0,Very High Confidence
1400,High,88.0,High Confidence
1401,Medium,92.0,Very High Confidence
1402,Medium,95.0,Very High Confidence
1403,Medium,98.0,Very High Confidence
1404,High,75.0,High Confidence
1405,Medium,89.0,High Confidence
1406,Low,94.0,Very High Confidence
1407,Medium,95.0,Very High Confidence
1408,Low,91.0,Very High Confidence
1409,High,85.0,High Confidence
1410,Medium,93.0,Very High Confidence
1411,Medium,98.0,Very High Confidence
1412,Low,62.0,Medium Confidence
1413,Medium,97.0,Very High Confidence
1414,Low,84.0,High Confidence
1415,High,94.0,Very High Confidence
1416,Medium,98.0,Very High Confidence
1417,High,91.0,Very High Confidence
1418,Medium,99.0,Very High Confidence
1419,High,91.0,Very High Confidence
1420,Medium,88.0,High Confidence
1421,Low,90.0,Very High Confidence
1422,Low,82.0,High Confidence
1423,Medium,100.0,Very High Confidence
1424,Medium,91.0,Very High Confidence
1425,High,98.0,Very High Confidence
1426,Medium,97.0,Very High Confidence
1427,Medium,93.0,Very High Confidence
1428,Low,99.0,Very High Confidence
1429,Low,85.0,High Confidence
1430,Medium,99.0,Very High Confidence
1431,Low,52.0,Low Confidence
1432,Medium,85.0,High Confidence
1433,Medium,100.0,Very High Confidence
1434,Medium,97.0,Very High Confidence
1435,Medium,97.0,Very High Confidence
1436,Medium,97.0,Very High Confidence
1437,Medium,99.0,Very High Confidence
1438,Medium,97.0,Very High Confidence
1439,Low,87.0,High Confidence
1440,Low,95.0,Very High Confidence
1441,Medium,97.0,Very High Confidence
1442,Low,90.0,Very High Confidence
1443,Medium,95.0,Very High Confidence
1444,Low,87.0,High Confidence
1445,Low,77.0,High Confidence
1446,Medium,92.0,Very High Confidence
1447,High,98.0,Very High Confidence
1448,Medium,96.0,Very High Confidence
1449,Low,83.0,High Confidence
1450,High,99.0,Very High Confidence
1451,Medium,98.0,Very High Confidence
1452,Medium,91.0,Very High Confidence
1453,Medium,96.0,Very High Confidence
1454,Medium,89.0,High Confidence
1455,Medium,99.0,Very High Confidence
1456,Medium,81.0,High Confidence
1457,Medium,95.0,Very High Confidence
1458,Medium,92.0,Very High Confidence
1459,Medium,90.0,Very High Confidence
1460,Medium,99.0,Very High Confidence
1461,Medium,96.0,Very High Confidence
1462,High,100.0,Very High Confidence
1463,High,92.0,Very High Confidence
1464,Low,81.0,High Confidence
1465,Medium,92.0,Very High Confidence
1466,Medium,98.0,Very High Confidence
1467,Medium,99.0,Very High Confidence
1468,Medium,96.0,Very High Confidence
1469,Medium,99.0,Very High Confidence
1470,Medium,95.0,Very High Confidence
1471,Medium,94.0,Very High Confidence
1472,Medium,75.0,High Confidence
1473,High,83.0,High Confidence
1474,Medium,92.0,Very High Confidence
1475,Medium,74.0,Medium Confidence
1476,Medium,97.0,Very High Confidence
1477,Low,88.0,High Confidence
1478,Medium,96.0,Very High Confidence
1479,Low,89.0,High Confidence
1480,High,94.0,Very High Confidence
1481,High,81.0,High Confidence
1482,Medium,94.0,Very High Confidence
1483,Low,88.0,High Confidence
1484,Medium,69.0,Medium Confidence
1485,Medium,84.0,High Confidence
1486,Medium,95.0,Very High Confidence
1487,Medium,95.0,Very High Confidence
1488,Medium,95.0,Very High Confidence
1489,Medium,85.0,High Confidence
1490,High,93.0,Very High Confidence
1491,Medium,98.0,Very High Confidence
1492,Medium,99.0,Very High Confidence
1493,High,91.0,Very High Confidence
1494,Medium,92.0,Very High Confidence
1495,High,99.0,Very High Confidence
1496,Medium,97.0,Very High Confidence
1497,Medium,92.0,Very High Confidence
1498,Medium,94.0,Very High Confidence
1499,Medium,86.0,High Confidence
1500,High,78.0,High Confidence
1501,Medium,53.0,Low Confidence
1502,Medium,96.0,Very High Confidence
1503,Medium,94.0,Very High Confidence
1504,Medium,88.0,High Confidence
1505,Medium,95.0,Very High Confidence
1506,Medium,92.0,Very High Confidence
1507,High,98.0,Very High Confidence
1508,Medium,98.0,Very High Confidence
1509,High,96.0,Very High Confidence
1510,Low,98.0,Very High Confidence
1511,Low,69.0,Medium Confidence
1512,Medium,98.0,Very High Confidence
1513,High,97.0,Very High Confidence
1514,High,98.0,Very High Confidence
1515,High,50.0,Low Confidence
1516,High,97.0,Very High Confidence
1517,Medium,90.0,Very High Confidence
1518,Medium,96.0,Very High Confidence
1519,High,75.0,High Confidence
1520,Medium,97.0,Very High Confidence
1521,Medium,90.0,Very High Confidence
1522,Medium,79.0,High Confidence
1523,High,98.0,Very High Confidence
1524,Low,95.0,Very High Confidence
1525,Medium,77.0,High Confidence
1526,Medium,95.0,Very High Confidence
1527,High,97.0,Very High Confidence
1528,Medium,99.0,Very High Confidence
1529,High,94.0,Very High Confidence
1530,Medium,88.0,High Confidence
1531,Medium,79.0,High Confidence
1532,Medium,68.0,Medium Confidence
1533,Medium,96.0,Very High Confidence
1534,Low,89.0,High Confidence
1535,Medium,97.0,Very High Confidence
1536,Medium,95.0,Very High Confidence
1537,Medium,83.0,High Confidence
1538,High,96.0,Very High Confidence
1539,Medium,83.0,High Confidence
1540,Medium,99.0,Very High Confidence
1541,Medium,81.0,High Confidence
1542,Medium,91.0,Very High Confidence
1543,Medium,94.0,Very High Confidence
1544,High,97.0,Very High Confidence
1545,High,77.0,High Confidence
1546,Medium,97.0,Very High Confidence
1547,Medium,89.0,High Confidence
1548,Low,96.0,Very High Confidence
1549,Low,77.0,High Confidence
1550,High,92.0,Very High Confidence
1551,Medium,93.0,Very High Confidence
1552,Medium,98.0,Very High Confidence
1553,Medium,94.0,Very High Confidence
1554,Medium,77.0,High Confidence
1555,Medium,89.0,High Confidence
1556,Medium,95.0,Very High Confidence
1557,Medium,94.0,Very High Confidence
1558,Low,100.0,Very High Confidence
1559,Medium,95.0,Very High Confidence
1560,Medium,100.0,Very High Confidence
1561,High,86.0,High Confidence
1562,High,92.0,Very High Confidence
1563,Low,98.0,Very High Confidence
1564,Medium,96.0,Very High Confidence
1565,High,92.0,Very High Confidence
1566,Medium,98.0,Very High Confidence
1567,Medium,99.0,Very High Confidence
1568,Medium,95.0,Very High Confidence
1569,Medium,98.0,Very High Confidence
1570,Low,93.0,Very High Confidence
1571,Medium,90.0,Very High Confidence
1572,Medium,94.0,Very High Confidence
1573,Medium,100.0,Very High Confidence
1574,Medium,84.0,High Confidence
1575,Low,98.0,Very High Confidence
1576,Medium,98.0,Very High Confidence
1577,Medium,93.0,Very High Confidence
1578,Low,82.0,High Confidence
1579,Low,57.0,Low Confidence
1580,Medium,91.0,Very High Confidence
1581,High,94.0,Very High Confidence
1582,Medium,99.0,Very High Confidence
1583,High,83.0,High Confidence
1584,Medium,86.0,High Confidence
1585,Medium,94.0,Very High Confidence
1586,Low,51.0,Low Confidence
1587,Medium,97.0,Very High Confidence
1588,Medium,100.0,Very High Confidence
1589,Medium,98.0,Very High Confidence
1590,Medium,99.0,Very High Confidence
1591,Medium,92.0,Very High Confidence
1592,High,70.0,Medium Confidence
1593,High,92.0,Very High Confidence
1594,Medium,92.0,Very High Confidence
1595,Medium,98.0,Very High Confidence
1596,Low,70.0,Medium Confidence
1597,Medium,95.0,Very High Confidence
1598,Medium,88.0,High Confidence
1599,High,78.0,High Confidence
1600,Medium,98.0,Very High Confidence
1601,Low,81.0,High Confidence
1602,Medium,94.0,Very High Confidence
1603,Medium,89.0,High Confidence
1604,Low,92.0,Very High Confidence
1605,Low,80.0,High Confidence
1606,Low,74.0,Medium Confidence
1607,Medium,95.0,Very High Confidence
1608,High,72.0,Medium Confidence
1609,High,96.0,Very High Confidence
1610,Low,95.0,Very High Confidence
1611,Medium,87.0,High Confidence
1612,Medium,96.0,Very High Confidence
1613,High,95.0,Very High Confidence
1614,High,94.0,Very High Confidence
1615,Medium,88.0,High Confidence
1616,Low,79.0,High Confidence
1617,Low,100.0,Very High Confidence
1618,Medium,97.0,Very High Confidence
1619,Medium,98.0,Very High Confidence
1620,Medium,96.0,Very High Confidence
1621,Medium,94.0,Very High Confidence
1622,Medium,98.0,Very High Confidence
1623,Low,86.0,High Confidence
1624,High,78.0,High Confidence
1625,Medium,68.0,Medium Confidence
1626,Medium,91.0,Very High Confidence
1627,Medium,93.0,Very High Confidence
1628,High,100.0,Very High Confidence
1629,Low,76.0,High Confidence
1630,Medium,93.0,Very High Confidence
1631,Medium,98.0,Very High Confidence
1632,Medium,81.0,High Confidence
1633,Medium,96.0,Very High Confidence
1634,Low,85.0,High Confidence
1635,High,90.0,Very High Confidence
1636,High,100.0,Very High Confidence
1637,Medium,90.0,Very High Confidence
1638,Medium,89.0,High Confidence
1639,Low,72.0,Medium Confidence
1640,Low,94.0,Very High Confidence
1641,Low,95.0,Very High Confidence
1642,Medium,80.0,High Confidence
1643,Medium,95.0,Very High Confidence
1644,High,54.0,Low Confidence
1645,Medium,98.0,Very High Confidence
1646,Low,99.0,Very High Confidence
1647,High,96.0,Very High Confidence
1648,Medium,97.0,Very High Confidence
1649,Medium,94.0,Very High Confidence
1650,Medium,81.0,High Confidence
1651,Medium,98.0,Very High Confidence
1652,Medium,95.0,Very High Confidence
1653,Medium,94.0,Very High Confidence
1654,Medium,81.0,High Confidence
1655,Medium,97.0,Very High Confidence
1656,Medium,88.0,High Confidence
1657,Medium,93.0,Very High Confidence
1658,Low,93.0,Very High Confidence
1659,Medium,80.0,High Confidence
1660,Medium,94.0,Very High Confidence
1661,High,75.0,High Confidence
1662,Medium,90.0,Very High Confidence
1663,Medium,92.0,Very High Confidence
1664,Low,81.0,High Confidence
1665,Medium,98.0,Very High Confidence
1666,High,83.0,High Confidence
1667,High,94.0,Very High Confidence
1668,High,64.0,Medium Confidence
1669,Medium,97.0,Very High Confidence
1670,High,95.0,Very High Confidence
1671,Low,92.0,Very High Confidence
1672,High,94.0,Very High Confidence
1673,Medium,92.0,Very High Confidence
1674,High,96.0,Very High Confidence
1675,Medium,96.0,Very High Confidence
1676,Low,86.0,High Confidence
1677,Medium,92.0,Very High Confidence
1678,High,95.0,Very High Confidence
1679,High,92.0,Very High Confidence
1680,Medium,99.0,Very High Confidence
1681,High,97.0,Very High Confidence
1682,Medium,94.0,Very High Confidence
1683,High,93.0,Very High Confidence
1684,High,93.0,Very High Confidence
1685,High,98.0,Very High Confidence
1686,Low,79.0,High Confidence
1687,Medium,65.0,Medium Confidence
1688,High,94.0,Very High Confidence
1689,Medium,99.0,Very High Confidence
1690,Medium,58.0,Low Confidence
1691,Medium,95.0,Very High Confidence
1692,High,100.0,Very High Confidence
1693,High,81.0,High Confidence
1694,Low,96.0,Very High Confidence
1695,Low,96.0,Very High Confidence
1696,Medium,92.0,Very High Confidence
1697,High,75.0,High Confidence
1698,Low,95.0,Very High Confidence
1699,Low,95.0,Very High Confidence
1700,Medium,85.0,High Confidence
1701,Medium,97.0,Very High Confidence
1702,Low,88.0,High Confidence
1703,Medium,97.0,Very High Confidence
1704,Medium,99.0,Very High Confidence
1705,Medium,90.0,Very High Confidence
1706,Medium,63.0,Medium Confidence
1707,Medium,99.0,Very High Confidence
1708,Medium,81.0,High Confidence
1709,High,77.0,High Confidence
1710,Medium,98.0,Very High Confidence
1711,High,96.0,Very High Confidence
1712,Medium,93.0,Very High Confidence
1713,Medium,99.0,Very High Confidence
1714,High,98.0,Very High Confidence
1715,Medium,89.0,High Confidence
1716,Medium,97.0,Very High Confidence
1717,Medium,93.0,Very High Confidence
1718,Low,75.0,High Confidence
1719,Medium,95.0,Very High Confidence
1720,Low,88.0,High Confidence
1721,Medium,94.0,Very High Confidence
1722,Low,93.0,Very High Confidence
1723,Medium,98.0,Very High Confidence
1724,Medium,100.0,Very High Confidence
1725,Low,67.0,Medium Confidence
1726,Low,89.0,High Confidence
1727,High,100.0,Very High Confidence
1728,Medium,99.0,Very High Confidence
1729,Medium,98.0,Very High Confidence
1730,Medium,97.0,Very High Confidence
1731,Medium,96.0,Very High Confidence
1732,Low,85.0,High Confidence
1733,Medium,98.0,Very High Confidence
1734,Medium,91.0,Very High Confidence
1735,Medium,64.0,Medium Confidence
1736,Medium,96.0,Very High Confidence
1737,Medium,97.0,Very High Confidence
1738,Medium,93.0,Very High Confidence
1739,Low,97.0,Very High Confidence
1740,Medium,82.0,High Confidence
1741,Medium,99.0,Very High Confidence
1742,Medium,90.0,Very High Confidence
1743,High,96.0,Very High Confidence
1744,Medium,96.0,Very High Confidence
1745,Low,87.0,High Confidence
1746,Medium,99.0,Very High Confidence
1747,High,97.0,Very High Confidence
1748,Medium,94.0,Very High Confidence
1749,Medium,97.0,Very High Confidence
1750,High,87.0,High Confidence
1751,High,85.0,High Confidence
1752,Medium,85.0,High Confidence
1753,Medium,96.0,Very High Confidence
1754,Medium,84.0,High Confidence
1755,Low,92.0,Very High Confidence
1756,High,96.0,Very High Confidence
1757,Medium,62.0,Medium Confidence
1758,Medium,61.0,Medium Confidence
1759,Medium,98.0,Very High Confidence
1760,High,95.0,Very High Confidence
1761,High,98.0,Very High Confidence
1762,Medium,91.0,Very High Confidence
1763,Medium,98.0,Very High Confidence
1764,Medium,88.0,High Confidence
1765,Low,70.0,Medium Confidence
1766,Medium,94.0,Very High Confidence
1767,Medium,98.0,Very High Confidence
1768,High,99.0,Very High Confidence
1769,High,84.0,High Confidence
1770,Medium,100.0,Very High Confidence
1771,Medium,96.0,Very High Confidence
1772,High,98.0,Very High Confidence
1773,Low,92.0,Very High Confidence
1774,Low,88.0,High Confidence
1775,Medium,88.0,High Confidence
1776,Low,97.0,Very High Confidence
1777,Medium,99.0,Very High Confidence
1778,Medium,94.0,Very High Confidence
1779,Medium,99.0,Very High Confidence
1780,Medium,95.0,Very High Confidence
1781,Medium,93.0,Very High Confidence
1782,Medium,98.0,Very High Confidence
1783,Medium,93.0,Very High Confidence
1784,High,96.0,Very High Confidence
1785,Medium,98.0,Very High Confidence
1786,Medium,85.0,High Confidence
1787,Medium,97.0,Very High Confidence
1788,Medium,94.0,Very High Confidence
1789,Medium,83.0,High Confidence
1790,Medium,92.0,Very High Confidence
1791,Medium,97.0,Very High Confidence
1792,Medium,94.0,Very High Confidence
1793,Medium,94.0,Very High Confidence
1794,High,99.0,Very High Confidence
1795,Medium,95.0,Very High Confidence
1796,High,94.0,Very High Confidence
1797,Medium,88.0,High Confidence
1798,High,100.0,Very High Confidence
1799,Low,96.0,Very High Confidence
1800,Medium,95.0,Very High Confidence
1801,Medium,60.0,Medium Confidence
1802,High,97.0,Very High Confidence
1803,Low,94.0,Very High Confidence
1804,Medium,92.0,Very High Confidence
1805,Medium,97.0,Very High Confidence
1806,Low,83.0,High Confidence
1807,High,94.0,Very High Confidence
1808,Medium,77.0,High Confidence
1809,Medium,97.0,Very High Confidence
1810,Medium,91.0,Very High Confidence
1811,Medium,88.0,High Confidence
1812,Medium,90.0,Very High Confidence
1813,Low,85.0,High Confidence
1814,Medium,75.0,High Confidence
1815,Medium,95.0,Very High Confidence
1816,High,63.0,Medium Confidence
1817,High,61.0,Medium Confidence
1818,High,92.0,Very High Confidence
1819,Medium,95.0,Very High Confidence
1820,Low,82.0,High Confidence
1821,Medium,94.0,Very High Confidence
1822,Medium,91.0,Very High Confidence
1823,Medium,84.0,High Confidence
1824,High,93.0,Very High Confidence
1825,Medium,92.0,Very High Confidence
1826,High,93.0,Very High Confidence
1827,Medium,96.0,Very High Confidence
1828,Medium,91.0,Very High Confidence
1829,Medium,100.0,Very High Confidence
1830,Medium,97.0,Very High Confidence
1831,Medium,94.0,Very High Confidence
1832,Low,97.0,Very High Confidence
1833,Medium,99.0,Very High Confidence
1834,Medium,97.0,Very High Confidence
1835,Medium,99.0,Very High Confidence
1836,Medium,100.0,Very High Confidence
1837,High,83.0,High Confidence
1838,Medium,94.0,Very High Confidence
1839,Medium,88.0,High Confidence
1840,Medium,86.0,High Confidence
1841,Medium,94.0,Very High Confidence
1842,Low,90.0,Very High Confidence
1843,Medium,100.0,Very High Confidence
1844,Medium,98.0,Very High Confidence
1845,Medium,98.0,Very High Confidence
1846,Medium,76.0,High Confidence
1847,High,94.0,Very High Confidence
1848,Medium,93.0,Very High Confidence
1849,Low,64.0,Medium Confidence
1850,Low,80.0,High Confidence
1851,Medium,95.0,Very High Confidence
1852,Medium,98.0,Very High Confidence
1853,Low,93.0,Very High Confidence
1854,Medium,91.0,Very High Confidence
1855,Low,98.0,Very High Confidence
1856,Medium,98.0,Very High Confidence
1857,Medium,51.0,Low Confidence
1858,Medium,95.0,Very High Confidence
1859,High,75.0,High Confidence
1860,Medium,92.0,Very High Confidence
1861,Medium,96.0,Very High Confidence
1862,Medium,74.0,Medium Confidence
1863,Medium,91.0,Very High Confidence
1864,Medium,97.0,Very High Confidence
1865,Medium,93.0,Very High Confidence
1866,Low,96.0,Very High Confidence
1867,Low,91.0,Very High Confidence
1868,High,73.0,Medium Confidence
1869,High,64.0,Medium Confidence
1870,Medium,97.0,Very High Confidence
1871,Medium,100.0,Very High Confidence
1872,Low,94.0,Very High Confidence
1873,Medium,94.0,Very High Confidence
1874,Medium,97.0,Very High Confidence
1875,Medium,96.0,Very High Confidence
1876,Medium,95.0,Very High Confidence
1877,Medium,98.0,Very High Confidence
1878,Medium,95.0,Very High Confidence
1879,Medium,99.0,Very High Confidence
1880,High,85.0,High Confidence
1881,Medium,93.0,Very High Confidence
1882,High,66.0,Medium Confidence
1883,Medium,100.0,Very High Confidence
1884,High,77.0,High Confidence
1885,Medium,100.0,Very High Confidence
1886,Medium,97.0,Very High Confidence
1887,Medium,95.0,Very High Confidence
1888,Medium,71.0,Medium Confidence
1889,Medium,57.0,Low Confidence
1890,High,49.0,Low Confidence
1891,Medium,98.0,Very High Confidence
1892,High,99.0,Very High Confidence
1893,High,97.0,Very High Confidence
1894,Low,82.0,High Confidence
1895,High,100.0,Very High Confidence
1896,High,92.0,Very High Confidence
1897,Medium,93.0,Very High Confidence
1898,Medium,97.0,Very High Confidence
1899,Medium,74.0,Medium Confidence
1900,Medium,96.0,Very High Confidence
1901,Medium,89.0,High Confidence
1902,Low,81.0,High Confidence
1903,Medium,94.0,Very High Confidence
1904,Medium,95.0,Very High Confidence
1905,Low,94.0,Very High Confidence
1906,Medium,75.0,High Confidence
1907,Medium,93.0,Very High Confidence
1908,Low,79.0,High Confidence
1909,Medium,78.0,High Confidence
1910,Medium,97.0,Very High Confidence
1911,Medium,97.0,Very High Confidence
1912,Medium,100.0,Very High Confidence
1913,Medium,65.0,Medium Confidence
1914,Medium,87.0,High Confidence
1915,Medium,93.0,Very High Confidence
1916,Medium,99.0,Very High Confidence
1917,High,79.0,High Confidence
1918,Medium,98.0,Very High Confidence
1919,Medium,97.0,Very High Confidence
1920,Low,91.0,Very High Confidence
1921,Medium,96.0,Very High Confidence
1922,Medium,81.0,High Confidence
1923,Medium,88.0,High Confidence
1924,High,93.0,Very High Confidence
1925,Medium,97.0,Very High Confidence
1926,Medium,95.0,Very High Confidence
1927,Medium,96.0,Very High Confidence
1928,Medium,98.0,Very High Confidence
1929,Medium,91.0,Very High Confidence
1930,High,98.0,Very High Confidence
1931,Medium,99.0,Very High Confidence
1932,Medium,98.0,Very High Confidence
1933,High,82.0,High Confidence
1934,Medium,99.0,Very High Confidence
1935,High,84.0,High Confidence
1936,High,89.0,High Confidence
1937,Medium,99.0,Very High Confidence
1938,High,90.0,Very High Confidence
1939,High,99.0,Very High Confidence
1940,Medium,94.0,Very High Confidence
1941,Medium,98.0,Very High Confidence
1942,Low,97.0,Very High Confidence
1943,Medium,82.0,High Confidence
1944,Medium,96.0,Very High Confidence
1945,Low,93.0,Very High Confidence
1946,Medium,96.0,Very High Confidence
1947,Medium,99.0,Very High Confidence
1948,Medium,56.0,Low Confidence
1949,Low,98.0,Very High Confidence
1950,Low,86.0,High Confidence
1951,Medium,90.0,Very High Confidence
1952,Medium,89.0,High Confidence
1953,Medium,87.0,High Confidence
1954,Medium,81.0,High Confidence
1955,Medium,94.0,Very High Confidence
1956,Medium,95.0,Very High Confidence
1957,Low,87.0,High Confidence
1958,Medium,90.0,Very High Confidence
1959,Medium,96.0,Very High Confidence
1960,Medium,92.0,Very High Confidence
1961,Low,76.0,High Confidence
1962,Medium,97.0,Very High Confidence
1963,Medium,92.0,Very High Confidence
1964,Low,91.0,Very High Confidence
1965,Medium,88.0,High Confidence
1966,Medium,100.0,Very High Confidence
1967,Low,75.0,High Confidence
1968,Medium,95.0,Very High Confidence
1969,Medium,98.0,Very High Confidence
1970,Medium,94.0,Very High Confidence
1971,Medium,88.0,High Confidence
1972,Medium,93.0,Very High Confidence
1973,Medium,90.0,Very High Confidence
1974,Medium,98.0,Very High Confidence
1975,Medium,92.0,Very High Confidence
1976,Low,100.0,Very High Confidence
1977,High,92.0,Very High Confidence
1978,Low,98.0,Very High Confidence
1979,Medium,94.0,Very High Confidence
1980,High,89.0,High Confidence
1981,Medium,100.0,Very High Confidence
1982,Medium,95.0,Very High Confidence
1983,Medium,93.0,Very High Confidence
1984,Low,78.0,High Confidence
1985,Medium,66.0,Medium Confidence
1986,Low,81.0,High Confidence
1987,High,88.0,High Confidence
1988,High,98.0,Very High Confidence
1989,Medium,87.0,High Confidence
1990,High,92.0,Very High Confidence
1991,Medium,90.0,Very High Confidence
1992,High,94.0,Very High Confidence
1993,Medium,91.0,Very High Confidence
1994,Medium,97.0,Very High Confidence
1995,Medium,98.0,Very High Confidence
1996,High,79.0,High Confidence
1997,Medium,96.0,Very High Confidence
1998,Low,99.0,Very High Confidence
1999,Medium,79.0,High Confidence
2000,High,63.0,Medium Confidence
2001,Medium,92.0,Very High Confidence
2002,Medium,91.0,Very High Confidence
2003,Low,97.0,Very High Confidence
2004,Medium,96.0,Very High Confidence
2005,High,97.0,Very High Confidence
2006,Medium,93.0,Very High Confidence
2007,Medium,97.0,Very High Confidence
2008,Low,74.0,Medium Confidence
2009,Medium,100.0,Very High Confidence
2010,Medium,98.0,Very High Confidence
2011,High,98.0,Very High Confidence
2012,Medium,95.0,Very High Confidence
2013,Medium,81.0,High Confidence
2014,Low,83.0,High Confidence
2015,High,80.0,High Confidence
2016,Medium,95.0,Very High Confidence
2017,Low,94.0,Very High Confidence
2018,Medium,94.0,Very High Confidence
2019,Medium,95.0,Very High Confidence
2020,Medium,99.0,Very High Confidence
2021,Medium,80.0,High Confidence
2022,High,98.0,Very High Confidence
2023,High,91.0,Very High Confidence
2024,High,82.0,High Confidence
2025,High,88.0,High Confidence
2026,Medium,82.0,High Confidence
2027,Medium,95.0,Very High Confidence
2028,Low,94.0,Very High Confidence
2029,Medium,98.0,Very High Confidence
2030,Low,87.0,High Confidence
2031,High,98.0,Very High Confidence
2032,Medium,89.0,High Confidence
2033,High,100.0,Very High Confidence
2034,Low,88.0,High Confidence
2035,High,59.0,Low Confidence
2036,Low,91.0,Very High Confidence
2037,High,99.0,Very High Confidence
2038,Medium,96.0,Very High Confidence
2039,Medium,92.0,Very High Confidence
2040,High,97.0,Very High Confidence
2041,High,84.0,High Confidence
2042,Medium,98.0,Very High Confidence
2043,Medium,99.0,Very High Confidence
2044,Medium,92.0,Very High Confidence
2045,Medium,93.0,Very High Confidence
2046,High,97.0,Very High Confidence
2047,High,87.0,High Confidence
2048,Medium,99.0,Very High Confidence
2049,Medium,97.0,Very High Confidence
2050,Medium,96.0,Very High Confidence
2051,Medium,88.0,High Confidence
2052,Medium,91.0,Very High Confidence
2053,Medium,86.0,High Confidence
2054,High,96.0,Very High Confidence
2055,Medium,89.0,High Confidence
2056,Medium,95.0,Very High Confidence
2057,Low,93.0,Very High Confidence
2058,High,97.0,Very High Confidence
2059,Medium,88.0,High Confidence
2060,Medium,92.0,Very High Confidence
2061,Medium,90.0,Very High Confidence
2062,High,94.0,Very High Confidence
2063,Medium,92.0,Very High Confidence
2064,Medium,94.0,Very High Confidence
2065,High,95.0,Very High Confidence
2066,Medium,97.0,Very High Confidence
2067,Medium,96.0,Very High Confidence
2068,Low,98.0,Very High Confidence
2069,Medium,97.0,Very High Confidence
2070,Medium,94.0,Very High Confidence
2071,Medium,96.0,Very High Confidence
2072,High,96.0,Very High Confidence
2073,Medium,100.0,Very High Confidence
2074,Medium,92.0,Very High Confidence
2075,High,78.0,High Confidence
2076,Low,92.0,Very High Confidence
2077,Medium,87.0,High Confidence
2078,Medium,94.0,Very High Confidence
2079,Medium,94.0,Very High Confidence
2080,Medium,95.0,Very High Confidence
2081,Medium,95.0,Very High Confidence
2082,Medium,95.0,Very High Confidence
2083,High,94.0,Very High Confidence
2084,Medium,82.0,High Confidence
2085,Medium,100.0,Very High Confidence
2086,Medium,80.0,High Confidence
2087,Medium,90.0,Very High Confidence
2088,Medium,94.0,Very High Confidence
2089,High,100.0,Very High Confidence
2090,Low,93.0,Very High Confidence
2091,Medium,90.0,Very High Confidence
2092,Medium,91.0,Very High Confidence
2093,High,96.0,Very High Confidence
2094,Medium,98.0,Very High Confidence
2095,Medium,93.0,Very High Confidence
2096,Medium,92.0,Very High Confidence
2097,High,95.0,Very High Confidence
2098,Medium,95.0,Very High Confidence
2099,High,91.0,Very High Confidence
2100,Medium,97.0,Very High Confidence
2101,Medium,100.0,Very High Confidence
2102,Medium,93.0,Very High Confidence
2103,High,89.0,High Confidence
2104,High,87.0,High Confidence
2105,Medium,100.0,Very High Confidence
2106,Low,90.0,Very High Confidence
2107,High,95.0,Very High Confidence
2108,Medium,95.0,Very High Confidence
2109,Medium,97.0,Very High Confidence
2110,High,92.0,Very High Confidence
2111,Low,94.0,Very High Confidence
2112,Low,54.0,Low Confidence
2113,Medium,87.0,High Confidence
2114,Medium,90.0,Very High Confidence
2115,Low,89.0,High Confidence
2116,Medium,79.0,High Confidence
2117,Medium,68.0,Medium Confidence
2118,Medium,97.0,Very High Confidence
2119,Medium,51.0,Low Confidence
2120,Low,98.0,Very High Confidence
2121,Medium,98.0,Very High Confidence
2122,Medium,94.0,Very High Confidence
2123,Medium,94.0,Very High Confidence
2124,Medium,53.0,Low Confidence
2125,Medium,84.0,High Confidence
2126,Medium,51.0,Low Confidence
2127,Medium,84.0,High Confidence
2128,Medium,92.0,Very High Confidence
2129,Medium,57.0,Low Confidence
2130,High,95.0,Very High Confidence
2131,Medium,94.0,Very High Confidence
2132,High,98.0,Very High Confidence
2133,Medium,98.0,Very High Confidence
2134,High,95.0,Very High Confidence
2135,Low,97.0,Very High Confidence
2136,Medium,82.0,High Confidence
2137,Low,94.0,Very High Confidence
2138,Medium,86.0,High Confidence
2139,Medium,99.0,Very High Confidence
2140,Medium,88.0,High Confidence
2141,Low,91.0,Very High Confidence
2142,Medium,91.0,Very High Confidence
2143,Medium,75.0,High Confidence
2144,High,95.0,Very High Confidence
2145,High,98.0,Very High Confidence
2146,Low,96.0,Very High Confidence
2147,Low,85.0,High Confidence
2148,High,88.0,High Confidence
2149,Medium,92.0,Very High Confidence
2150,Medium,84.0,High Confidence
2151,Medium,77.0,High Confidence
2152,Medium,97.0,Very High Confidence
2153,Medium,95.0,Very High Confidence
2154,High,96.0,Very High Confidence
2155,Medium,88.0,High Confidence
2156,Medium,95.0,Very High Confidence
2157,High,93.0,Very High Confidence
2158,Medium,78.0,High Confidence
2159,Low,100.0,Very High Confidence
2160,High,97.0,Very High Confidence
2161,High,74.0,Medium Confidence
2162,High,100.0,Very High Confidence
2163,Medium,94.0,Very High Confidence
2164,Medium,93.0,Very High Confidence
2165,Medium,99.0,Very High Confidence
2166,High,87.0,High Confidence
2167,Medium,74.0,Medium Confidence
2168,High,85.0,High Confidence
2169,Medium,85.0,High Confidence
2170,Medium,94.0,Very High Confidence
2171,Medium,90.0,Very High Confidence
2172,Medium,94.0,Very High Confidence
2173,Medium,95.0,Very High Confidence
2174,Medium,93.0,Very High Confidence
2175,Medium,97.0,Very High Confidence
2176,Low,98.0,Very High Confidence
2177,Medium,94.0,Very High Confidence
2178,High,85.0,High Confidence
2179,Medium,88.0,High Confidence
2180,Medium,93.0,Very High Confidence
2181,High,97.0,Very High Confidence
2182,Medium,99.0,Very High Confidence
2183,High,94.0,Very High Confidence
2184,Medium,97.0,Very High Confidence
2185,Medium,52.0,Low Confidence
2186,Medium,93.0,Very High Confidence
2187,Medium,76.0,High Confidence
2188,Medium,99.0,Very High Confidence
2189,Medium,97.0,Very High Confidence
2190,High,89.0,High Confidence
2191,Medium,97.0,Very High Confidence
2192,Medium,100.0,Very High Confidence
2193,High,77.0,High Confidence
2194,Medium,98.0,Very High Confidence
2195,Low,99.0,Very High Confidence
2196,Medium,96.0,Very High Confidence
2197,Medium,93.0,Very High Confidence
2198,Medium,100.0,Very High Confidence
2199,Medium,97.0,Very High Confidence
2200,Low,78.0,High Confidence
2201,Medium,94.0,Very High Confidence
2202,High,97.0,Very High Confidence
2203,Medium,96.0,Very High Confidence
2204,Medium,97.0,Very High Confidence
2205,High,91.0,Very High Confidence
2206,High,95.0,Very High Confidence
2207,Medium,100.0,Very High Confidence
2208,Medium,90.0,Very High Confidence
2209,Medium,97.0,Very High Confidence
2210,Medium,88.0,High Confidence
2211,Medium,98.0,Very High Confidence
2212,Low,70.0,Medium Confidence
2213,Medium,96.0,Very High Confidence
2214,Medium,98.0,Very High Confidence
2215,Medium,94.0,Very High Confidence
2216,Medium,94.0,Very High Confidence
2217,Medium,93.0,Very High Confidence
2218,Medium,95.0,Very High Confidence
2219,High,89.0,High Confidence
2220,Medium,96.0,Very High Confidence
2221,High,89.0,High Confidence
2222,High,92.0,Very High Confidence
2223,Medium,91.0,Very High Confidence
2224,High,97.0,Very High Confidence
2225,Medium,98.0,Very High Confidence
2226,High,77.0,High Confidence
2227,Medium,83.0,High Confidence
2228,Low,86.0,High Confidence
2229,High,52.0,Low Confidence
2230,Medium,97.0,Very High Confidence
2231,Medium,99.0,Very High Confidence
2232,Low,98.0,Very High Confidence
2233,Medium,100.0,Very High Confidence
2234,High,97.0,Very High Confidence
2235,Medium,96.0,Very High Confidence
2236,Medium,99.0,Very High Confidence
2237,Medium,98.0,Very High Confidence
2238,Medium,75.0,High Confidence
2239,Medium,88.0,High Confidence
2240,Medium,97.0,Very High Confidence
2241,High,96.0,Very High Confidence
2242,Medium,53.0,Low Confidence
2243,Medium,87.0,High Confidence
2244,Low,95.0,Very High Confidence
2245,Low,85.0,High Confidence
2246,Medium,83.0,High Confidence
2247,Low,95.0,Very High Confidence
2248,Medium,99.0,Very High Confidence
2249,Medium,87.0,High Confidence
2250,Medium,75.0,High Confidence
2251,Medium,73.0,Medium Confidence
2252,Low,97.0,Very High Confidence
2253,Low,51.0,Low Confidence
2254,Low,100.0,Very High Confidence
2255,High,94.0,Very High Confidence
2256,Low,89.0,High Confidence
2257,Medium,96.0,Very High Confidence
2258,High,62.0,Medium Confidence
2259,High,83.0,High Confidence
2260,High,88.0,High Confidence
2261,Medium,95.0,Very High Confidence
2262,High,97.0,Very High Confidence
2263,Medium,94.0,Very High Confidence
2264,Medium,98.0,Very High Confidence
2265,Medium,99.0,Very High Confidence
2266,Low,100.0,Very High Confidence
2267,Medium,84.0,High Confidence
2268,High,97.0,Very High Confidence
2269,Medium,99.0,Very High Confidence
2270,High,90.0,Very High Confidence
2271,Medium,98.0,Very High Confidence
2272,Medium,90.0,Very High Confidence
2273,High,100.0,Very High Confidence
2274,High,99.0,Very High Confidence
2275,Low,92.0,Very High Confidence
2276,Medium,100.0,Very High Confidence
2277,Medium,90.0,Very High Confidence
2278,Medium,85.0,High Confidence
2279,Low,99.0,Very High Confidence
2280,Medium,85.0,High Confidence
2281,Low,100.0,Very High Confidence
2282,Medium,96.0,Very High Confidence
2283,High,96.0,Very High Confidence
2284,Medium,90.0,Very High Confidence
2285,High,75.0,High Confidence
2286,High,100.0,Very High Confidence
2287,Medium,89.0,High Confidence
2288,Low,63.0,Medium Confidence
2289,Medium,93.0,Very High Confidence
2290,High,81.0,High Confidence
2291,Medium,91.0,Very High Confidence
2292,Medium,98.0,Very High Confidence
2293,Low,78.0,High Confidence
2294,Medium,99.0,Very High Confidence
2295,High,96.0,Very High Confidence
2296,Medium,68.0,Medium Confidence
2297,Medium,93.0,Very High Confidence
2298,Medium,93.0,Very High Confidence
2299,Low,73.0,Medium Confidence
2300,Medium,95.0,Very High Confidence
2301,Medium,92.0,Very High Confidence
2302,Low,92.0,Very High Confidence
2303,Medium,98.0,Very High Confidence
2304,Medium,95.0,Very High Confidence
2305,Medium,99.0,Very High Confidence
2306,Medium,97.0,Very High Confidence
2307,Medium,84.0,High Confidence
2308,High,77.0,High Confidence
2309,Low,96.0,Very High Confidence
2310,Medium,91.0,Very High Confidence
2311,Medium,98.0,Very High Confidence
2312,Low,64.0,Medium Confidence
2313,Low,94.0,Very High Confidence
2314,High,81.0,High Confidence
2315,Medium,99.0,Very High Confidence
2316,High,100.0,Very High Confidence
2317,Medium,96.0,Very High Confidence
2318,Medium,93.0,Very High Confidence
2319,High,84.0,High Confidence
2320,Medium,89.0,High Confidence
2321,Medium,97.0,Very High Confidence
2322,Medium,91.0,Very High Confidence
2323,Medium,97.0,Very High Confidence
2324,Medium,84.0,High Confidence
2325,Medium,90.0,Very High Confidence
2326,Medium,83.0,High Confidence
2327,High,96.0,Very High Confidence
2328,Medium,95.0,Very High Confidence
2329,Medium,92.0,Very High Confidence
2330,Low,99.0,Very High Confidence
2331,Medium,96.0,Very High Confidence
2332,Medium,97.0,Very High Confidence
2333,High,83.0,High Confidence
2334,Low,100.0,Very High Confidence
2335,Medium,97.0,Very High Confidence
2336,Medium,96.0,Very High Confidence
2337,Medium,99.0,Very High Confidence
2338,Medium,95.0,Very High Confidence
2339,Medium,87.0,High Confidence
2340,Medium,99.0,Very High Confidence
2341,Medium,90.0,Very High Confidence
2342,Medium,98.0,Very High Confidence
2343,High,100.0,Very High Confidence
2344,High,81.0,High Confidence
2345,Medium,94.0,Very High Confidence
2346,Medium,99.0,Very High Confidence
2347,High,93.0,Very High Confidence
2348,Medium,96.0,Very High Confidence
2349,Medium,95.0,Very High Confidence
2350,Medium,84.0,High Confidence
2351,Medium,95.0,Very High Confidence
2352,Medium,96.0,Very High Confidence
2353,Medium,98.0,Very High Confidence
2354,Medium,79.0,High Confidence
2355,Low,97.0,Very High Confidence
2356,Medium,97.0,Very High Confidence
2357,Medium,93.0,Very High Confidence
2358,High,97.0,Very High Confidence
2359,Medium,75.0,High Confidence
2360,Medium,86.0,High Confidence
2361,Low,95.0,Very High Confidence
2362,Low,96.0,Very High Confidence
2363,Medium,88.0,High Confidence
2364,Medium,97.0,Very High Confidence
2365,Medium,93.0,Very High Confidence
2366,Medium,94.0,Very High Confidence
2367,Medium,98.0,Very High Confidence
2368,High,84.0,High Confidence
2369,Medium,95.0,Very High Confidence
2370,High,84.0,High Confidence
2371,Medium,99.0,Very High Confidence
2372,Medium,94.0,Very High Confidence
2373,High,98.0,Very High Confidence
2374,Low,55.0,Low Confidence
2375,Low,97.0,Very High Confidence
2376,Medium,91.0,Very High Confidence
2377,Medium,77.0,High Confidence
2378,Medium,70.0,Medium Confidence
2379,Medium,55.0,Low Confidence
2380,High,80.0,High Confidence
2381,Medium,58.0,Low Confidence
2382,Medium,89.0,High Confidence
2383,High,99.0,Very High Confidence
2384,Low,91.0,Very High Confidence
2385,Medium,95.0,Very High Confidence
2386,Medium,95.0,Very High Confidence
2387,Low,51.0,Low Confidence
2388,Medium,92.0,Very High Confidence
2389,Medium,73.0,Medium Confidence
2390,Medium,85.0,High Confidence
2391,High,76.0,High Confidence
2392,Medium,93.0,Very High Confidence
2393,Medium,97.0,Very High Confidence
2394,Low,93.0,Very High Confidence
2395,Low,79.0,High Confidence
2396,Medium,97.0,Very High Confidence
2397,Medium,92.0,Very High Confidence
2398,High,82.0,High Confidence
2399,Low,82.0,High Confidence
2400,Medium,95.0,Very High Confidence
2401,Medium,99.0,Very High Confidence
2402,Medium,94.0,Very High Confidence
2403,Medium,93.0,Very High Confidence
2404,Medium,90.0,Very High Confidence
2405,Medium,98.0,Very High Confidence
2406,Low,80.0,High Confidence
2407,Medium,91.0,Very High Confidence
2408,High,96.0,Very High Confidence
2409,Medium,95.0,Very High Confidence
2410,Medium,90.0,Very High Confidence
2411,Medium,94.0,Very High Confidence
2412,Medium,96.0,Very High Confidence
2413,Medium,97.0,Very High Confidence
2414,Medium,83.0,High Confidence
2415,Medium,86.0,High Confidence
2416,High,70.0,Medium Confidence
2417,Low,96.0,Very High Confidence
2418,Medium,86.0,High Confidence
2419,Medium,86.0,High Confidence
2420,Medium,90.0,Very High Confidence
2421,Medium,95.0,Very High Confidence
2422,High,88.0,High Confidence
2423,Medium,97.0,Very High Confidence
2424,Low,88.0,High Confidence
2425,Low,81.0,High Confidence
2426,Medium,95.0,Very High Confidence
2427,Medium,99.0,Very High Confidence
2428,Medium,95.0,Very High Confidence
2429,High,96.0,Very High Confidence
2430,Medium,90.0,Very High Confidence
2431,Medium,77.0,High Confidence
2432,Medium,94.0,Very High Confidence
2433,Medium,95.0,Very High Confidence
2434,Low,99.0,Very High Confidence
2435,Low,90.0,Very High Confidence
2436,Medium,98.0,Very High Confidence
2437,Medium,99.0,Very High Confidence
2438,Medium,97.0,Very High Confidence
2439,Medium,89.0,High Confidence
2440,Medium,98.0,Very High Confidence
2441,Medium,66.0,Medium Confidence
2442,High,74.0,Medium Confidence
2443,Low,99.0,Very High Confidence
2444,Medium,97.0,Very High Confidence
2445,High,92.0,Very High Confidence
2446,Medium,88.0,High Confidence
2447,Medium,100.0,Very High Confidence
2448,High,97.0,Very High Confidence
2449,Medium,98.0,Very High Confidence
2450,High,99.0,Very High Confidence
2451,Medium,92.0,Very High Confidence
2452,High,91.0,Very High Confidence
2453,Medium,98.0,Very High Confidence
2454,Medium,95.0,Very High Confidence
2455,Medium,92.0,Very High Confidence
2456,Low,90.0,Very High Confidence
2457,Medium,90.0,Very High Confidence
2458,Medium,96.0,Very High Confidence
2459,Medium,96.0,Very High Confidence
2460,Medium,77.0,High Confidence
2461,Medium,59.0,Low Confidence
2462,Low,94.0,Very High Confidence
2463,High,81.0,High Confidence
2464,High,91.0,Very High Confidence
2465,Low,95.0,Very High Confidence
2466,High,97.0,Very High Confidence
2467,Medium,100.0,Very High Confidence
2468,Low,98.0,Very High Confidence
2469,Medium,96.0,Very High Confidence
2470,Medium,80.0,High Confidence
2471,Medium,96.0,Very High Confidence
2472,Medium,96.0,Very High Confidence
2473,High,76.0,High Confidence
2474,Low,79.0,High Confidence
2475,Medium,99.0,Very High Confidence
2476,Medium,93.0,Very High Confidence
2477,Medium,75.0,High Confidence
2478,Low,99.0,Very High Confidence
2479,High,94.0,Very High Confidence
2480,Medium,85.0,High Confidence
2481,Medium,89.0,High Confidence
2482,Medium,96.0,Very High Confidence
2483,Medium,84.0,High Confidence
2484,Medium,98.0,Very High Confidence
2485,Medium,78.0,High Confidence
2486,Medium,95.0,Very High Confidence
2487,Low,92.0,Very High Confidence
2488,Medium,98.0,Very High Confidence
2489,Low,95.0,Very High Confidence
2490,High,91.0,Very High Confidence
2491,Medium,87.0,High Confidence
2492,Medium,97.0,Very High Confidence
2493,Medium,98.0,Very High Confidence
2494,Low,78.0,High Confidence
2495,Medium,99.0,Very High Confidence
2496,Medium,98.0,Very High Confidence
2497,Medium,98.0,Very High Confidence
2498,High,85.0,High Confidence
2499,Low,86.0,High Confidence
2500,Medium,99.0,Very High Confidence
2501,Low,86.0,High Confidence
2502,Medium,90.0,Very High Confidence
2503,Medium,84.0,High Confidence
2504,Medium,83.0,High Confidence
2505,High,90.0,Very High Confidence
2506,Medium,92.0,Very High Confidence
2507,Medium,97.0,Very High Confidence
2508,Medium,81.0,High Confidence
2509,Medium,90.0,Very High Confidence
2510,High,96.0,Very High Confidence
2511,Medium,81.0,High Confidence
2512,High,100.0,Very High Confidence
2513,Medium,97.0,Very High Confidence
2514,Medium,96.0,Very High Confidence
2515,Medium,92.0,Very High Confidence
2516,Low,90.0,Very High Confidence
2517,Medium,98.0,Very High Confidence
2518,Medium,88.0,High Confidence
2519,Medium,92.0,Very High Confidence
2520,Medium,98.0,Very High Confidence
2521,Low,90.0,Very High Confidence
2522,Low,97.0,Very High Confidence
2523,Medium,98.0,Very High Confidence
2524,Medium,100.0,Very High Confidence
2525,High,80.0,High Confidence
2526,Medium,100.0,Very High Confidence
2527,Medium,99.0,Very High Confidence
2528,High,95.0,Very High Confidence
2529,Medium,93.0,Very High Confidence
2530,Medium,99.0,Very High Confidence
2531,High,81.0,High Confidence
2532,Medium,94.0,Very High Confidence
2533,Medium,93.0,Very High Confidence
2534,Medium,98.0,Very High Confidence
2535,Medium,98.0,Very High Confidence
2536,Medium,85.0,High Confidence
2537,Low,97.0,Very High Confidence
2538,Medium,91.0,Very High Confidence
2539,Medium,98.0,Very High Confidence
2540,Medium,88.0,High Confidence
2541,High,92.0,Very High Confidence
2542,Medium,97.0,Very High Confidence
2543,High,92.0,Very High Confidence
2544,Medium,92.0,Very High Confidence
2545,Medium,100.0,Very High Confidence
2546,High,79.0,High Confidence
2547,Medium,97.0,Very High Confidence
2548,Medium,93.0,Very High Confidence
2549,Medium,98.0,Very High Confidence
2550,Medium,99.0,Very High Confidence
2551,High,89.0,High Confidence
2552,High,91.0,Very High Confidence
2553,High,97.0,Very High Confidence
2554,High,68.0,Medium Confidence
2555,Low,93.0,Very High Confidence
2556,Medium,82.0,High Confidence
2557,Medium,99.0,Very High Confidence
2558,Medium,98.0,Very High Confidence
2559,High,90.0,Very High Confidence
2560,High,93.0,Very High Confidence
2561,Medium,99.0,Very High Confidence
2562,High,60.0,Medium Confidence
2563,High,94.0,Very High Confidence
2564,High,70.0,Medium Confidence
2565,High,81.0,High Confidence
2566,Medium,97.0,Very High Confidence
2567,Medium,95.0,Very High Confidence
2568,Medium,98.0,Very High Confidence
2569,Medium,91.0,Very High Confidence
2570,Medium,88.0,High Confidence
2571,Low,88.0,High Confidence
2572,Low,89.0,High Confidence
2573,High,97.0,Very High Confidence
2574,High,96.0,Very High Confidence
2575,Medium,99.0,Very High Confidence
2576,Medium,86.0,High Confidence
2577,Low,91.0,Very High Confidence
2578,Medium,97.0,Very High Confidence
2579,Medium,98.0,Very High Confidence
2580,Medium,96.0,Very High Confidence
2581,Low,80.0,High Confidence
2582,Medium,78.0,High Confidence
2583,Low,96.0,Very High Confidence
2584,Medium,87.0,High Confidence
2585,Medium,59.0,Low Confidence
2586,Low,77.0,High Confidence
2587,Medium,89.0,High Confidence
2588,High,94.0,Very High Confidence
2589,Medium,100.0,Very High Confidence
2590,Medium,98.0,Very High Confidence
2591,Medium,95.0,Very High Confidence
2592,Medium,86.0,High Confidence
2593,Medium,98.0,Very High Confidence
2594,High,74.0,Medium Confidence
2595,High,94.0,Very High Confidence
2596,Low,99.0,Very High Confidence
2597,Medium,99.0,Very High Confidence
2598,High,92.0,Very High Confidence
2599,Low,50.0,Low Confidence
2600,Medium,93.0,Very High Confidence
2601,Medium,96.0,Very High Confidence
2602,Medium,98.0,Very High Confidence
2603,Medium,96.0,Very High Confidence
2604,High,97.0,Very High Confidence
2605,Low,83.0,High Confidence
2606,Medium,84.0,High Confidence
2607,Medium,98.0,Very High Confidence
2608,Medium,91.0,Very High Confidence
2609,High,96.0,Very High Confidence
2610,High,79.0,High Confidence
2611,Medium,98.0,Very High Confidence
2612,Low,92.0,Very High Confidence
2613,Medium,93.0,Very High Confidence
2614,Medium,83.0,High Confidence
2615,High,97.0,Very High Confidence
2616,Medium,97.0,Very High Confidence
2617,High,56.0,Low Confidence
2618,Low,90.0,Very High Confidence
2619,High,90.0,Very High Confidence
2620,Medium,98.0,Very High Confidence
2621,High,82.0,High Confidence
2622,Medium,86.0,High Confidence
2623,Low,75.0,High Confidence
2624,Low,73.0,Medium Confidence
2625,Medium,100.0,Very High Confidence
2626,Medium,94.0,Very High Confidence
2627,Low,79.0,High Confidence
2628,Medium,71.0,Medium Confidence
2629,Medium,99.0,Very High Confidence
2630,Medium,94.0,Very High Confidence
2631,Low,92.0,Very High Confidence
2632,Medium,97.0,Very High Confidence
2633,Medium,93.0,Very High Confidence
2634,Medium,81.0,High Confidence
2635,High,89.0,High Confidence
2636,Medium,89.0,High Confidence
2637,Medium,64.0,Medium Confidence
2638,Medium,81.0,High Confidence
2639,Medium,97.0,Very High Confidence
2640,Low,88.0,High Confidence
2641,High,96.0,Very High Confidence
2642,Medium,88.0,High Confidence
2643,High,90.0,Very High Confidence
2644,High,88.0,High Confidence
2645,Medium,99.0,Very High Confidence
2646,Medium,89.0,High Confidence
2647,Medium,90.0,Very High Confidence
2648,Low,83.0,High Confidence
2649,Medium,100.0,Very High Confidence
2650,Medium,98.0,Very High Confidence
2651,Medium,63.0,Medium Confidence
2652,Medium,80.0,High Confidence
2653,Low,98.0,Very High Confidence
2654,Medium,90.0,Very High Confidence
2655,Medium,99.0,Very High Confidence
2656,Medium,98.0,Very High Confidence
2657,Medium,90.0,Very High Confidence
2658,Low,98.0,Very High Confidence
2659,Medium,94.0,Very High Confidence
2660,Medium,92.0,Very High Confidence
2661,High,93.0,Very High Confidence
2662,Medium,94.0,Very High Confidence
2663,Low,94.0,Very High Confidence
2664,Medium,89.0,High Confidence
2665,Medium,62.0,Medium Confidence
2666,Low,70.0,Medium Confidence
2667,Low,100.0,Very High Confidence
2668,Low,76.0,High Confidence
2669,Medium,86.0,High Confidence
2670,Low,100.0,Very High Confidence
2671,High,98.0,Very High Confidence
2672,Medium,95.0,Very High Confidence
2673,Medium,95.0,Very High Confidence
2674,Medium,96.0,Very High Confidence
2675,Low,98.0,Very High Confidence
2676,Medium,58.0,Low Confidence
2677,High,99.0,Very High Confidence
2678,Medium,82.0,High Confidence
2679,Low,96.0,Very High Confidence
2680,Medium,95.0,Very High Confidence
2681,Medium,94.0,Very High Confidence
2682,Medium,97.0,Very High Confidence
2683,Medium,95.0,Very High Confidence
2684,Low,100.0,Very High Confidence
2685,Medium,100.0,Very High Confidence
2686,Low,88.0,High Confidence
2687,High,90.0,Very High Confidence
2688,High,78.0,High Confidence
2689,Low,96.0,Very High Confidence
2690,High,96.0,Very High Confidence
2691,Medium,91.0,Very High Confidence
2692,Medium,92.0,Very High Confidence
2693,High,72.0,Medium Confidence
2694,Medium,87.0,High Confidence
2695,Medium,94.0,Very High Confidence
2696,High,93.0,Very High Confidence
2697,High,97.0,Very High Confidence
2698,High,78.0,High Confidence
2699,Low,94.0,Very High Confidence
2700,Medium,94.0,Very High Confidence
2701,Low,89.0,High Confidence
2702,Medium,94.0,Very High Confidence
2703,Low,82.0,High Confidence
2704,Medium,92.0,Very High Confidence
2705,Low,78.0,High Confidence
2706,Low,99.0,Very High Confidence
2707,Medium,95.0,Very High Confidence
2708,Medium,99.0,Very High Confidence
2709,Medium,77.0,High Confidence
2710,High,90.0,Very High Confidence
2711,High,94.0,Very High Confidence
2712,Medium,97.0,Very High Confidence
2713,Low,99.0,Very High Confidence
2714,Low,79.0,High Confidence
2715,High,98.0,Very High Confidence
2716,Low,81.0,High Confidence
2717,Low,85.0,High Confidence
2718,Low,99.0,Very High Confidence
2719,Medium,95.0,Very High Confidence
2720,High,77.0,High Confidence
2721,Medium,82.0,High Confidence
2722,Medium,98.0,Very High Confidence
2723,Medium,99.0,Very High Confidence
2724,Medium,96.0,Very High Confidence
2725,Medium,93.0,Very High Confidence
2726,Medium,84.0,High Confidence
2727,High,86.0,High Confidence
2728,High,98.0,Very High Confidence
2729,Medium,96.0,Very High Confidence
2730,Medium,99.0,Very High Confidence
2731,High,86.0,High Confidence
2732,Medium,89.0,High Confidence
2733,Medium,100.0,Very High Confidence
2734,Low,80.0,High Confidence
2735,Medium,100.0,Very High Confidence
2736,Low,87.0,High Confidence
2737,High,100.0,Very High Confidence
2738,High,84.0,High Confidence
2739,Medium,97.0,Very High Confidence
2740,Medium,95.0,Very High Confidence
2741,Medium,94.0,Very High Confidence
2742,Medium,98.0,Very High Confidence
2743,Medium,96.0,Very High Confidence
2744,Low,63.0,Medium Confidence
2745,Medium,97.0,Very High Confidence
2746,Medium,99.0,Very High Confidence
2747,Medium,96.0,Very High Confidence
2748,Medium,56.0,Low Confidence
2749,Medium,88.0,High Confidence
2750,Medium,94.0,Very High Confidence
2751,Medium,91.0,Very High Confidence
2752,Medium,96.0,Very High Confidence
2753,High,98.0,Very High Confidence
2754,High,96.0,Very High Confidence
2755,Medium,96.0,Very High Confidence
2756,Medium,95.0,Very High Confidence
2757,Medium,90.0,Very High Confidence
2758,High,81.0,High Confidence
2759,Medium,95.0,Very High Confidence
2760,Medium,97.0,Very High Confidence
2761,Low,94.0,Very High Confidence
2762,High,96.0,Very High Confidence
2763,Medium,73.0,Medium Confidence
2764,Medium,94.0,Very High Confidence
2765,Medium,98.0,Very High Confidence
2766,Medium,50.0,Low Confidence
2767,Medium,94.0,Very High Confidence
2768,Low,85.0,High Confidence
2769,Medium,94.0,Very High Confidence
2770,Low,77.0,High Confidence
2771,High,87.0,High Confidence
2772,High,65.0,Medium Confidence
2773,Medium,92.0,Very High Confidence
2774,Medium,91.0,Very High Confidence
2775,Medium,94.0,Very High Confidence
2776,Medium,93.0,Very High Confidence
2777,Medium,94.0,Very High Confidence
2778,Medium,97.0,Very High Confidence
2779,Medium,97.0,Very High Confidence
2780,Low,97.0,Very High Confidence
2781,Medium,93.0,Very High Confidence
2782,Medium,57.0,Low Confidence
2783,Medium,84.0,High Confidence
2784,Medium,99.0,Very High Confidence
2785,Low,75.0,High Confidence
2786,Medium,83.0,High Confidence
2787,Low,73.0,Medium Confidence
2788,Medium,96.0,Very High Confidence
2789,Medium,99.0,Very High Confidence
2790,Medium,100.0,Very High Confidence
2791,Medium,94.0,Very High Confidence
2792,Medium,89.0,High Confidence
2793,Medium,98.0,Very High Confidence
2794,Low,84.0,High Confidence
2795,Low,95.0,Very High Confidence
2796,High,94.0,Very High Confidence
2797,Medium,100.0,Very High Confidence
2798,Medium,94.0,Very High Confidence
2799,Medium,84.0,High Confidence
2800,Medium,93.0,Very High Confidence
2801,Medium,88.0,High Confidence
2802,Medium,94.0,Very High Confidence
2803,Medium,93.0,Very High Confidence
2804,Medium,86.0,High Confidence
2805,Medium,97.0,Very High Confidence
2806,Medium,95.0,Very High Confidence
2807,Medium,100.0,Very High Confidence
2808,Medium,93.0,Very High Confidence
2809,Medium,96.0,Very High Confidence
2810,Low,100.0,Very High Confidence
2811,Medium,94.0,Very High Confidence
2812,Medium,89.0,High Confidence
2813,Medium,96.0,Very High Confidence
2814,Medium,90.0,Very High Confidence
2815,High,89.0,High Confidence
2816,Low,72.0,Medium Confidence
2817,Medium,59.0,Low Confidence
2818,Medium,98.0,Very High Confidence
2819,Medium,96.0,Very High Confidence
2820,High,98.0,Very High Confidence
2821,Medium,97.0,Very High Confidence
2822,High,79.0,High Confidence
2823,Medium,97.0,Very High Confidence
2824,Medium,98.0,Very High Confidence
2825,Medium,100.0,Very High Confidence
2826,Medium,85.0,High Confidence
2827,High,94.0,Very High Confidence
2828,Low,88.0,High Confidence
2829,High,100.0,Very High Confidence
2830,High,97.0,Very High Confidence
2831,Medium,97.0,Very High Confidence
2832,Medium,89.0,High Confidence
2833,Medium,99.0,Very High Confidence
2834,Medium,93.0,Very High Confidence
2835,Medium,90.0,Very High Confidence
2836,Medium,95.0,Very High Confidence
2837,High,95.0,Very High Confidence
2838,Medium,99.0,Very High Confidence
2839,Medium,94.0,Very High Confidence
2840,High,90.0,Very High Confidence
2841,Medium,100.0,Very High Confidence
2842,Medium,99.0,Very High Confidence
2843,Medium,92.0,Very High Confidence
2844,Medium,96.0,Very High Confidence
2845,Medium,92.0,Very High Confidence
2846,Medium,95.0,Very High Confidence
2847,Medium,89.0,High Confidence
2848,Medium,93.0,Very High Confidence
2849,Medium,92.0,Very High Confidence
2850,Medium,91.0,Very High Confidence
2851,Low,91.0,Very High Confidence
2852,High,76.0,High Confidence
2853,High,76.0,High Confidence
2854,Medium,97.0,Very High Confidence
2855,Medium,77.0,High Confidence
2856,High,92.0,Very High Confidence
2857,Low,99.0,Very High Confidence
2858,Medium,98.0,Very High Confidence
2859,Medium,96.0,Very High Confidence
2860,Medium,96.0,Very High Confidence
2861,Medium,98.0,Very High Confidence
2862,Medium,78.0,High Confidence
2863,Medium,93.0,Very High Confidence
2864,Medium,99.0,Very High Confidence
2865,High,94.0,Very High Confidence
2866,High,75.0,High Confidence
2867,Medium,97.0,Very High Confidence
2868,Medium,92.0,Very High Confidence
2869,Medium,96.0,Very High Confidence
2870,High,86.0,High Confidence
2871,Medium,96.0,Very High Confidence
2872,Medium,93.0,Very High Confidence
2873,Low,65.0,Medium Confidence
2874,Low,100.0,Very High Confidence
2875,Medium,83.0,High Confidence
2876,Medium,95.0,Very High Confidence
2877,Medium,98.0,Very High Confidence
2878,High,92.0,Very High Confidence
2879,High,80.0,High Confidence
2880,Medium,96.0,Very High Confidence
2881,High,86.0,High Confidence
2882,High,72.0,Medium Confidence
2883,Medium,98.0,Very High Confidence
2884,Low,82.0,High Confidence
2885,Low,75.0,High Confidence
2886,Medium,84.0,High Confidence
2887,Low,94.0,Very High Confidence
2888,Medium,94.0,Very High Confidence
2889,Low,95.0,Very High Confidence
2890,Medium,98.0,Very High Confidence
2891,Low,92.0,Very High Confidence
2892,Medium,96.0,Very High Confidence
2893,High,98.0,Very High Confidence
2894,Medium,97.0,Very High Confidence
2895,High,79.0,High Confidence
2896,High,94.0,Very High Confidence
2897,Medium,94.0,Very High Confidence
2898,Low,97.0,Very High Confidence
2899,Medium,95.0,Very High Confidence
2900,Medium,96.0,Very High Confidence
2901,Medium,93.0,Very High Confidence
2902,Medium,99.0,Very High Confidence
2903,High,72.0,Medium Confidence
2904,High,99.0,Very High Confidence
2905,Low,100.0,Very High Confidence
2906,Medium,84.0,High Confidence
2907,Medium,58.0,Low Confidence
2908,Medium,65.0,Medium Confidence
2909,Medium,99.0,Very High Confidence
2910,High,91.0,Very High Confidence
2911,Medium,89.0,High Confidence
2912,Low,97.0,Very High Confidence
2913,High,95.0,Very High Confidence
2914,Medium,87.0,High Confidence
2915,Medium,78.0,High Confidence
2916,Low,90.0,Very High Confidence
2917,Medium,96.0,Very High Confidence
2918,Medium,99.0,Very High Confidence
2919,Medium,88.0,High Confidence
2920,Low,96.0,Very High Confidence
2921,High,98.0,Very High Confidence
2922,High,93.0,Very High Confidence
2923,Medium,96.0,Very High Confidence
2924,Low,52.0,Low Confidence
2925,Medium,94.0,Very High Confidence
2926,Medium,92.0,Very High Confidence
2927,Low,84.0,High Confidence
2928,Medium,94.0,Very High Confidence
2929,Medium,95.0,Very High Confidence
2930,High,99.0,Very High Confidence
2931,Medium,90.0,Very High Confidence
2932,Low,79.0,High Confidence
2933,Medium,90.0,Very High Confidence
2934,Medium,93.0,Very High Confidence
2935,Medium,92.0,Very High Confidence
2936,Medium,97.0,Very High Confidence
2937,High,92.0,Very High Confidence
2938,Medium,98.0,Very High Confidence
2939,Medium,96.0,Very High Confidence
2940,Medium,90.0,Very High Confidence
2941,Medium,89.0,High Confidence
2942,Medium,99.0,Very High Confidence
2943,Medium,92.0,Very High Confidence
2944,Medium,94.0,Very High Confidence
2945,Medium,99.0,Very High Confidence
2946,Low,95.0,Very High Confidence
2947,Medium,100.0,Very High Confidence
2948,Low,96.0,Very High Confidence
2949,High,86.0,High Confidence
2950,Medium,100.0,Very High Confidence
2951,Medium,98.0,Very High Confidence
2952,Medium,94.0,Very High Confidence
2953,Low,82.0,High Confidence
2954,High,81.0,High Confidence
2955,Low,100.0,Very High Confidence
2956,Low,95.0,Very High Confidence
2957,Medium,90.0,Very High Confidence
2958,Medium,100.0,Very High Confidence
2959,Medium,98.0,Very High Confidence
2960,Medium,95.0,Very High Confidence
2961,Medium,82.0,High Confidence
2962,Medium,90.0,Very High Confidence
2963,Low,74.0,Medium Confidence
2964,Medium,88.0,High Confidence
2965,High,100.0,Very High Confidence
2966,High,100.0,Very High Confidence
2967,High,90.0,Very High Confidence
2968,Medium,90.0,Very High Confidence
2969,Medium,94.0,Very High Confidence
2970,Low,98.0,Very High Confidence
2971,Medium,97.0,Very High Confidence
2972,Low,91.0,Very High Confidence
2973,Low,94.0,Very High Confidence
2974,Medium,98.0,Very High Confidence
2975,Medium,96.0,Very High Confidence
2976,High,75.0,High Confidence
2977,Low,94.0,Very High Confidence
2978,Medium,100.0,Very High Confidence
2979,High,93.0,Very High Confidence
2980,Medium,94.0,Very High Confidence
2981,High,85.0,High Confidence
2982,Medium,95.0,Very High Confidence
2983,High,98.0,Very High Confidence
2984,Low,83.0,High Confidence
2985,Medium,98.0,Very High Confidence
2986,Medium,93.0,Very High Confidence
2987,High,80.0,High Confidence
2988,Medium,98.0,Very High Confidence
2989,Medium,99.0,Very High Confidence
2990,Medium,88.0,High Confidence
2991,High,84.0,High Confidence
2992,Medium,95.0,Very High Confidence
2993,Medium,99.0,Very High Confidence
2994,High,91.0,Very High Confidence
2995,Medium,89.0,High Confidence
2996,Medium,100.0,Very High Confidence
2997,Medium,95.0,Very High Confidence
2998,Medium,97.0,Very High Confidence
2999,Low,80.0,High Confidence
3000,Medium,93.0,Very High Confidence
